[0.046s] DEBUG:colcon:Command line arguments: ['/usr/bin/colcon', 'build', '--symlink-install']
[0.046s] DEBUG:colcon:Parsed command line arguments: Namespace(log_base=None, log_level=None, verb_name='build', build_base='build', install_base='install', merge_install=False, symlink_install=True, test_result_base=None, continue_on_error=False, executor='parallel', parallel_workers=24, event_handlers=None, ignore_user_meta=False, metas=['./colcon.meta'], base_paths=['.'], packages_ignore=None, packages_ignore_regex=None, paths=None, packages_up_to=None, packages_up_to_regex=None, packages_above=None, packages_above_and_dependencies=None, packages_above_depth=None, packages_select_by_dep=None, packages_skip_by_dep=None, packages_skip_up_to=None, packages_select_build_failed=False, packages_skip_build_finished=False, packages_select_test_failures=False, packages_skip_test_passed=False, packages_select=None, packages_skip=None, packages_select_regex=None, packages_skip_regex=None, packages_start=None, packages_end=None, allow_overriding=[], cmake_args=None, cmake_target=None, cmake_target_skip_unavailable=False, cmake_clean_cache=False, cmake_clean_first=False, cmake_force_configure=False, ament_cmake_args=None, catkin_cmake_args=None, catkin_skip_building_tests=False, mixin_files=None, mixin=None, verb_parser=<colcon_mixin.mixin.mixin_argument.MixinArgumentDecorator object at 0x781d8e3956a0>, verb_extension=<colcon_core.verb.build.BuildVerb object at 0x781d8e395280>, main=<bound method BuildVerb.main of <colcon_core.verb.build.BuildVerb object at 0x781d8e395280>>, mixin_verb=('build',))
[0.063s] Level 1:colcon.colcon_core.package_discovery:discover_packages(colcon_meta) check parameters
[0.063s] Level 1:colcon.colcon_core.package_discovery:discover_packages(recursive) check parameters
[0.063s] Level 1:colcon.colcon_core.package_discovery:discover_packages(ignore) check parameters
[0.063s] Level 1:colcon.colcon_core.package_discovery:discover_packages(path) check parameters
[0.063s] Level 1:colcon.colcon_core.package_discovery:discover_packages(colcon_meta) discover
[0.063s] Level 1:colcon.colcon_core.package_discovery:discover_packages(recursive) discover
[0.063s] INFO:colcon.colcon_core.package_discovery:Crawling recursively for packages in '/home/nameless/Desktop/RoARM_Jazzy_ws/src/roarm_ws_em0_jazzy'
[0.063s] Level 1:colcon.colcon_core.package_identification:_identify(.) by extensions ['ignore', 'ignore_ament_install']
[0.063s] Level 1:colcon.colcon_core.package_identification:_identify(.) by extension 'ignore'
[0.063s] Level 1:colcon.colcon_core.package_identification:_identify(.) by extension 'ignore_ament_install'
[0.063s] Level 1:colcon.colcon_core.package_identification:_identify(.) by extensions ['colcon_pkg']
[0.063s] Level 1:colcon.colcon_core.package_identification:_identify(.) by extension 'colcon_pkg'
[0.063s] Level 1:colcon.colcon_core.package_identification:_identify(.) by extensions ['colcon_meta']
[0.063s] Level 1:colcon.colcon_core.package_identification:_identify(.) by extension 'colcon_meta'
[0.063s] Level 1:colcon.colcon_core.package_identification:_identify(.) by extensions ['ros']
[0.063s] Level 1:colcon.colcon_core.package_identification:_identify(.) by extension 'ros'
[0.075s] Level 1:colcon.colcon_core.package_identification:_identify(.) by extensions ['cmake', 'python']
[0.075s] Level 1:colcon.colcon_core.package_identification:_identify(.) by extension 'cmake'
[0.075s] Level 1:colcon.colcon_core.package_identification:_identify(.) by extension 'python'
[0.075s] Level 1:colcon.colcon_core.package_identification:_identify(.) by extensions ['python_setup_py']
[0.075s] Level 1:colcon.colcon_core.package_identification:_identify(.) by extension 'python_setup_py'
[0.075s] Level 1:colcon.colcon_core.package_identification:_identify(build) by extensions ['ignore', 'ignore_ament_install']
[0.075s] Level 1:colcon.colcon_core.package_identification:_identify(build) by extension 'ignore'
[0.075s] Level 1:colcon.colcon_core.package_identification:_identify(build) ignored
[0.075s] Level 1:colcon.colcon_core.package_identification:_identify(images) by extensions ['ignore', 'ignore_ament_install']
[0.075s] Level 1:colcon.colcon_core.package_identification:_identify(images) by extension 'ignore'
[0.075s] Level 1:colcon.colcon_core.package_identification:_identify(images) by extension 'ignore_ament_install'
[0.075s] Level 1:colcon.colcon_core.package_identification:_identify(images) by extensions ['colcon_pkg']
[0.075s] Level 1:colcon.colcon_core.package_identification:_identify(images) by extension 'colcon_pkg'
[0.075s] Level 1:colcon.colcon_core.package_identification:_identify(images) by extensions ['colcon_meta']
[0.075s] Level 1:colcon.colcon_core.package_identification:_identify(images) by extension 'colcon_meta'
[0.075s] Level 1:colcon.colcon_core.package_identification:_identify(images) by extensions ['ros']
[0.075s] Level 1:colcon.colcon_core.package_identification:_identify(images) by extension 'ros'
[0.075s] Level 1:colcon.colcon_core.package_identification:_identify(images) by extensions ['cmake', 'python']
[0.075s] Level 1:colcon.colcon_core.package_identification:_identify(images) by extension 'cmake'
[0.075s] Level 1:colcon.colcon_core.package_identification:_identify(images) by extension 'python'
[0.075s] Level 1:colcon.colcon_core.package_identification:_identify(images) by extensions ['python_setup_py']
[0.075s] Level 1:colcon.colcon_core.package_identification:_identify(images) by extension 'python_setup_py'
[0.075s] Level 1:colcon.colcon_core.package_identification:_identify(install) by extensions ['ignore', 'ignore_ament_install']
[0.076s] Level 1:colcon.colcon_core.package_identification:_identify(install) by extension 'ignore'
[0.076s] Level 1:colcon.colcon_core.package_identification:_identify(install) ignored
[0.076s] Level 1:colcon.colcon_core.package_identification:_identify(log) by extensions ['ignore', 'ignore_ament_install']
[0.076s] Level 1:colcon.colcon_core.package_identification:_identify(log) by extension 'ignore'
[0.076s] Level 1:colcon.colcon_core.package_identification:_identify(log) ignored
[0.076s] Level 1:colcon.colcon_core.package_identification:_identify(src) by extensions ['ignore', 'ignore_ament_install']
[0.076s] Level 1:colcon.colcon_core.package_identification:_identify(src) by extension 'ignore'
[0.076s] Level 1:colcon.colcon_core.package_identification:_identify(src) by extension 'ignore_ament_install'
[0.076s] Level 1:colcon.colcon_core.package_identification:_identify(src) by extensions ['colcon_pkg']
[0.076s] Level 1:colcon.colcon_core.package_identification:_identify(src) by extension 'colcon_pkg'
[0.076s] Level 1:colcon.colcon_core.package_identification:_identify(src) by extensions ['colcon_meta']
[0.076s] Level 1:colcon.colcon_core.package_identification:_identify(src) by extension 'colcon_meta'
[0.076s] Level 1:colcon.colcon_core.package_identification:_identify(src) by extensions ['ros']
[0.076s] Level 1:colcon.colcon_core.package_identification:_identify(src) by extension 'ros'
[0.076s] Level 1:colcon.colcon_core.package_identification:_identify(src) by extensions ['cmake', 'python']
[0.076s] Level 1:colcon.colcon_core.package_identification:_identify(src) by extension 'cmake'
[0.076s] Level 1:colcon.colcon_core.package_identification:_identify(src) by extension 'python'
[0.076s] Level 1:colcon.colcon_core.package_identification:_identify(src) by extensions ['python_setup_py']
[0.076s] Level 1:colcon.colcon_core.package_identification:_identify(src) by extension 'python_setup_py'
[0.076s] Level 1:colcon.colcon_core.package_identification:_identify(src/roarm_else) by extensions ['ignore', 'ignore_ament_install']
[0.076s] Level 1:colcon.colcon_core.package_identification:_identify(src/roarm_else) by extension 'ignore'
[0.076s] Level 1:colcon.colcon_core.package_identification:_identify(src/roarm_else) by extension 'ignore_ament_install'
[0.076s] Level 1:colcon.colcon_core.package_identification:_identify(src/roarm_else) by extensions ['colcon_pkg']
[0.076s] Level 1:colcon.colcon_core.package_identification:_identify(src/roarm_else) by extension 'colcon_pkg'
[0.076s] Level 1:colcon.colcon_core.package_identification:_identify(src/roarm_else) by extensions ['colcon_meta']
[0.076s] Level 1:colcon.colcon_core.package_identification:_identify(src/roarm_else) by extension 'colcon_meta'
[0.076s] Level 1:colcon.colcon_core.package_identification:_identify(src/roarm_else) by extensions ['ros']
[0.076s] Level 1:colcon.colcon_core.package_identification:_identify(src/roarm_else) by extension 'ros'
[0.076s] Level 1:colcon.colcon_core.package_identification:_identify(src/roarm_else) by extensions ['cmake', 'python']
[0.076s] Level 1:colcon.colcon_core.package_identification:_identify(src/roarm_else) by extension 'cmake'
[0.076s] Level 1:colcon.colcon_core.package_identification:_identify(src/roarm_else) by extension 'python'
[0.076s] Level 1:colcon.colcon_core.package_identification:_identify(src/roarm_else) by extensions ['python_setup_py']
[0.076s] Level 1:colcon.colcon_core.package_identification:_identify(src/roarm_else) by extension 'python_setup_py'
[0.076s] Level 1:colcon.colcon_core.package_identification:_identify(src/roarm_else/launch_api) by extensions ['ignore', 'ignore_ament_install']
[0.076s] Level 1:colcon.colcon_core.package_identification:_identify(src/roarm_else/launch_api) by extension 'ignore'
[0.076s] Level 1:colcon.colcon_core.package_identification:_identify(src/roarm_else/launch_api) by extension 'ignore_ament_install'
[0.076s] Level 1:colcon.colcon_core.package_identification:_identify(src/roarm_else/launch_api) by extensions ['colcon_pkg']
[0.076s] Level 1:colcon.colcon_core.package_identification:_identify(src/roarm_else/launch_api) by extension 'colcon_pkg'
[0.076s] Level 1:colcon.colcon_core.package_identification:_identify(src/roarm_else/launch_api) by extensions ['colcon_meta']
[0.076s] Level 1:colcon.colcon_core.package_identification:_identify(src/roarm_else/launch_api) by extension 'colcon_meta'
[0.076s] Level 1:colcon.colcon_core.package_identification:_identify(src/roarm_else/launch_api) by extensions ['ros']
[0.076s] Level 1:colcon.colcon_core.package_identification:_identify(src/roarm_else/launch_api) by extension 'ros'
[0.077s] DEBUG:colcon.colcon_core.package_identification:Package 'src/roarm_else/launch_api' with type 'ros.ament_python' and name 'launch_api'
[0.077s] Level 1:colcon.colcon_core.package_identification:_identify(src/roarm_else/ros2web-ros2) by extensions ['ignore', 'ignore_ament_install']
[0.077s] Level 1:colcon.colcon_core.package_identification:_identify(src/roarm_else/ros2web-ros2) by extension 'ignore'
[0.077s] Level 1:colcon.colcon_core.package_identification:_identify(src/roarm_else/ros2web-ros2) by extension 'ignore_ament_install'
[0.077s] Level 1:colcon.colcon_core.package_identification:_identify(src/roarm_else/ros2web-ros2) by extensions ['colcon_pkg']
[0.077s] Level 1:colcon.colcon_core.package_identification:_identify(src/roarm_else/ros2web-ros2) by extension 'colcon_pkg'
[0.077s] Level 1:colcon.colcon_core.package_identification:_identify(src/roarm_else/ros2web-ros2) by extensions ['colcon_meta']
[0.078s] Level 1:colcon.colcon_core.package_identification:_identify(src/roarm_else/ros2web-ros2) by extension 'colcon_meta'
[0.078s] Level 1:colcon.colcon_core.package_identification:_identify(src/roarm_else/ros2web-ros2) by extensions ['ros']
[0.078s] Level 1:colcon.colcon_core.package_identification:_identify(src/roarm_else/ros2web-ros2) by extension 'ros'
[0.078s] Level 1:colcon.colcon_core.package_identification:_identify(src/roarm_else/ros2web-ros2) by extensions ['cmake', 'python']
[0.078s] Level 1:colcon.colcon_core.package_identification:_identify(src/roarm_else/ros2web-ros2) by extension 'cmake'
[0.078s] Level 1:colcon.colcon_core.package_identification:_identify(src/roarm_else/ros2web-ros2) by extension 'python'
[0.078s] Level 1:colcon.colcon_core.package_identification:_identify(src/roarm_else/ros2web-ros2) by extensions ['python_setup_py']
[0.078s] Level 1:colcon.colcon_core.package_identification:_identify(src/roarm_else/ros2web-ros2) by extension 'python_setup_py'
[0.078s] Level 1:colcon.colcon_core.package_identification:_identify(src/roarm_else/ros2web-ros2/examples) by extensions ['ignore', 'ignore_ament_install']
[0.078s] Level 1:colcon.colcon_core.package_identification:_identify(src/roarm_else/ros2web-ros2/examples) by extension 'ignore'
[0.078s] Level 1:colcon.colcon_core.package_identification:_identify(src/roarm_else/ros2web-ros2/examples) by extension 'ignore_ament_install'
[0.078s] Level 1:colcon.colcon_core.package_identification:_identify(src/roarm_else/ros2web-ros2/examples) by extensions ['colcon_pkg']
[0.078s] Level 1:colcon.colcon_core.package_identification:_identify(src/roarm_else/ros2web-ros2/examples) by extension 'colcon_pkg'
[0.078s] Level 1:colcon.colcon_core.package_identification:_identify(src/roarm_else/ros2web-ros2/examples) by extensions ['colcon_meta']
[0.078s] Level 1:colcon.colcon_core.package_identification:_identify(src/roarm_else/ros2web-ros2/examples) by extension 'colcon_meta'
[0.078s] Level 1:colcon.colcon_core.package_identification:_identify(src/roarm_else/ros2web-ros2/examples) by extensions ['ros']
[0.078s] Level 1:colcon.colcon_core.package_identification:_identify(src/roarm_else/ros2web-ros2/examples) by extension 'ros'
[0.078s] Level 1:colcon.colcon_core.package_identification:_identify(src/roarm_else/ros2web-ros2/examples) by extensions ['cmake', 'python']
[0.078s] Level 1:colcon.colcon_core.package_identification:_identify(src/roarm_else/ros2web-ros2/examples) by extension 'cmake'
[0.078s] Level 1:colcon.colcon_core.package_identification:_identify(src/roarm_else/ros2web-ros2/examples) by extension 'python'
[0.078s] Level 1:colcon.colcon_core.package_identification:_identify(src/roarm_else/ros2web-ros2/examples) by extensions ['python_setup_py']
[0.078s] Level 1:colcon.colcon_core.package_identification:_identify(src/roarm_else/ros2web-ros2/examples) by extension 'python_setup_py'
[0.078s] Level 1:colcon.colcon_core.package_identification:_identify(src/roarm_else/ros2web-ros2/examples/ros2web_example_cpp) by extensions ['ignore', 'ignore_ament_install']
[0.078s] Level 1:colcon.colcon_core.package_identification:_identify(src/roarm_else/ros2web-ros2/examples/ros2web_example_cpp) by extension 'ignore'
[0.078s] Level 1:colcon.colcon_core.package_identification:_identify(src/roarm_else/ros2web-ros2/examples/ros2web_example_cpp) ignored
[0.078s] Level 1:colcon.colcon_core.package_identification:_identify(src/roarm_else/ros2web-ros2/examples/ros2web_example_py) by extensions ['ignore', 'ignore_ament_install']
[0.078s] Level 1:colcon.colcon_core.package_identification:_identify(src/roarm_else/ros2web-ros2/examples/ros2web_example_py) by extension 'ignore'
[0.078s] Level 1:colcon.colcon_core.package_identification:_identify(src/roarm_else/ros2web-ros2/examples/ros2web_example_py) by extension 'ignore_ament_install'
[0.078s] Level 1:colcon.colcon_core.package_identification:_identify(src/roarm_else/ros2web-ros2/examples/ros2web_example_py) by extensions ['colcon_pkg']
[0.078s] Level 1:colcon.colcon_core.package_identification:_identify(src/roarm_else/ros2web-ros2/examples/ros2web_example_py) by extension 'colcon_pkg'
[0.078s] Level 1:colcon.colcon_core.package_identification:_identify(src/roarm_else/ros2web-ros2/examples/ros2web_example_py) by extensions ['colcon_meta']
[0.078s] Level 1:colcon.colcon_core.package_identification:_identify(src/roarm_else/ros2web-ros2/examples/ros2web_example_py) by extension 'colcon_meta'
[0.078s] Level 1:colcon.colcon_core.package_identification:_identify(src/roarm_else/ros2web-ros2/examples/ros2web_example_py) by extensions ['ros']
[0.078s] Level 1:colcon.colcon_core.package_identification:_identify(src/roarm_else/ros2web-ros2/examples/ros2web_example_py) by extension 'ros'
[0.078s] DEBUG:colcon.colcon_core.package_identification:Package 'src/roarm_else/ros2web-ros2/examples/ros2web_example_py' with type 'ros.ament_python' and name 'ros2web_example_py'
[0.078s] Level 1:colcon.colcon_core.package_identification:_identify(src/roarm_else/ros2web-ros2/ros2web) by extensions ['ignore', 'ignore_ament_install']
[0.078s] Level 1:colcon.colcon_core.package_identification:_identify(src/roarm_else/ros2web-ros2/ros2web) by extension 'ignore'
[0.078s] Level 1:colcon.colcon_core.package_identification:_identify(src/roarm_else/ros2web-ros2/ros2web) by extension 'ignore_ament_install'
[0.079s] Level 1:colcon.colcon_core.package_identification:_identify(src/roarm_else/ros2web-ros2/ros2web) by extensions ['colcon_pkg']
[0.079s] Level 1:colcon.colcon_core.package_identification:_identify(src/roarm_else/ros2web-ros2/ros2web) by extension 'colcon_pkg'
[0.079s] Level 1:colcon.colcon_core.package_identification:_identify(src/roarm_else/ros2web-ros2/ros2web) by extensions ['colcon_meta']
[0.079s] Level 1:colcon.colcon_core.package_identification:_identify(src/roarm_else/ros2web-ros2/ros2web) by extension 'colcon_meta'
[0.079s] Level 1:colcon.colcon_core.package_identification:_identify(src/roarm_else/ros2web-ros2/ros2web) by extensions ['ros']
[0.079s] Level 1:colcon.colcon_core.package_identification:_identify(src/roarm_else/ros2web-ros2/ros2web) by extension 'ros'
[0.079s] DEBUG:colcon.colcon_core.package_identification:Package 'src/roarm_else/ros2web-ros2/ros2web' with type 'ros.ament_python' and name 'ros2web'
[0.079s] Level 1:colcon.colcon_core.package_identification:_identify(src/roarm_else/ros2web-ros2/ros2web_interfaces) by extensions ['ignore', 'ignore_ament_install']
[0.079s] Level 1:colcon.colcon_core.package_identification:_identify(src/roarm_else/ros2web-ros2/ros2web_interfaces) by extension 'ignore'
[0.079s] Level 1:colcon.colcon_core.package_identification:_identify(src/roarm_else/ros2web-ros2/ros2web_interfaces) by extension 'ignore_ament_install'
[0.079s] Level 1:colcon.colcon_core.package_identification:_identify(src/roarm_else/ros2web-ros2/ros2web_interfaces) by extensions ['colcon_pkg']
[0.079s] Level 1:colcon.colcon_core.package_identification:_identify(src/roarm_else/ros2web-ros2/ros2web_interfaces) by extension 'colcon_pkg'
[0.079s] Level 1:colcon.colcon_core.package_identification:_identify(src/roarm_else/ros2web-ros2/ros2web_interfaces) by extensions ['colcon_meta']
[0.079s] Level 1:colcon.colcon_core.package_identification:_identify(src/roarm_else/ros2web-ros2/ros2web_interfaces) by extension 'colcon_meta'
[0.079s] Level 1:colcon.colcon_core.package_identification:_identify(src/roarm_else/ros2web-ros2/ros2web_interfaces) by extensions ['ros']
[0.079s] Level 1:colcon.colcon_core.package_identification:_identify(src/roarm_else/ros2web-ros2/ros2web_interfaces) by extension 'ros'
[0.079s] DEBUG:colcon.colcon_core.package_identification:Package 'src/roarm_else/ros2web-ros2/ros2web_interfaces' with type 'ros.ament_cmake' and name 'ros2web_interfaces'
[0.079s] Level 1:colcon.colcon_core.package_identification:_identify(src/roarm_else/ros2web_app) by extensions ['ignore', 'ignore_ament_install']
[0.079s] Level 1:colcon.colcon_core.package_identification:_identify(src/roarm_else/ros2web_app) by extension 'ignore'
[0.079s] Level 1:colcon.colcon_core.package_identification:_identify(src/roarm_else/ros2web_app) by extension 'ignore_ament_install'
[0.079s] Level 1:colcon.colcon_core.package_identification:_identify(src/roarm_else/ros2web_app) by extensions ['colcon_pkg']
[0.079s] Level 1:colcon.colcon_core.package_identification:_identify(src/roarm_else/ros2web_app) by extension 'colcon_pkg'
[0.079s] Level 1:colcon.colcon_core.package_identification:_identify(src/roarm_else/ros2web_app) by extensions ['colcon_meta']
[0.079s] Level 1:colcon.colcon_core.package_identification:_identify(src/roarm_else/ros2web_app) by extension 'colcon_meta'
[0.079s] Level 1:colcon.colcon_core.package_identification:_identify(src/roarm_else/ros2web_app) by extensions ['ros']
[0.079s] Level 1:colcon.colcon_core.package_identification:_identify(src/roarm_else/ros2web_app) by extension 'ros'
[0.079s] Level 1:colcon.colcon_core.package_identification:_identify(src/roarm_else/ros2web_app) by extensions ['cmake', 'python']
[0.079s] Level 1:colcon.colcon_core.package_identification:_identify(src/roarm_else/ros2web_app) by extension 'cmake'
[0.079s] Level 1:colcon.colcon_core.package_identification:_identify(src/roarm_else/ros2web_app) by extension 'python'
[0.079s] Level 1:colcon.colcon_core.package_identification:_identify(src/roarm_else/ros2web_app) by extensions ['python_setup_py']
[0.079s] Level 1:colcon.colcon_core.package_identification:_identify(src/roarm_else/ros2web_app) by extension 'python_setup_py'
[0.080s] Level 1:colcon.colcon_core.package_identification:_identify(src/roarm_else/ros2web_app/examples) by extensions ['ignore', 'ignore_ament_install']
[0.080s] Level 1:colcon.colcon_core.package_identification:_identify(src/roarm_else/ros2web_app/examples) by extension 'ignore'
[0.080s] Level 1:colcon.colcon_core.package_identification:_identify(src/roarm_else/ros2web_app/examples) by extension 'ignore_ament_install'
[0.080s] Level 1:colcon.colcon_core.package_identification:_identify(src/roarm_else/ros2web_app/examples) by extensions ['colcon_pkg']
[0.080s] Level 1:colcon.colcon_core.package_identification:_identify(src/roarm_else/ros2web_app/examples) by extension 'colcon_pkg'
[0.080s] Level 1:colcon.colcon_core.package_identification:_identify(src/roarm_else/ros2web_app/examples) by extensions ['colcon_meta']
[0.080s] Level 1:colcon.colcon_core.package_identification:_identify(src/roarm_else/ros2web_app/examples) by extension 'colcon_meta'
[0.080s] Level 1:colcon.colcon_core.package_identification:_identify(src/roarm_else/ros2web_app/examples) by extensions ['ros']
[0.080s] Level 1:colcon.colcon_core.package_identification:_identify(src/roarm_else/ros2web_app/examples) by extension 'ros'
[0.080s] Level 1:colcon.colcon_core.package_identification:_identify(src/roarm_else/ros2web_app/examples) by extensions ['cmake', 'python']
[0.080s] Level 1:colcon.colcon_core.package_identification:_identify(src/roarm_else/ros2web_app/examples) by extension 'cmake'
[0.080s] Level 1:colcon.colcon_core.package_identification:_identify(src/roarm_else/ros2web_app/examples) by extension 'python'
[0.080s] Level 1:colcon.colcon_core.package_identification:_identify(src/roarm_else/ros2web_app/examples) by extensions ['python_setup_py']
[0.080s] Level 1:colcon.colcon_core.package_identification:_identify(src/roarm_else/ros2web_app/examples) by extension 'python_setup_py'
[0.080s] Level 1:colcon.colcon_core.package_identification:_identify(src/roarm_else/ros2web_app/examples/ros2web_widgets) by extensions ['ignore', 'ignore_ament_install']
[0.080s] Level 1:colcon.colcon_core.package_identification:_identify(src/roarm_else/ros2web_app/examples/ros2web_widgets) by extension 'ignore'
[0.080s] Level 1:colcon.colcon_core.package_identification:_identify(src/roarm_else/ros2web_app/examples/ros2web_widgets) by extension 'ignore_ament_install'
[0.080s] Level 1:colcon.colcon_core.package_identification:_identify(src/roarm_else/ros2web_app/examples/ros2web_widgets) by extensions ['colcon_pkg']
[0.080s] Level 1:colcon.colcon_core.package_identification:_identify(src/roarm_else/ros2web_app/examples/ros2web_widgets) by extension 'colcon_pkg'
[0.080s] Level 1:colcon.colcon_core.package_identification:_identify(src/roarm_else/ros2web_app/examples/ros2web_widgets) by extensions ['colcon_meta']
[0.080s] Level 1:colcon.colcon_core.package_identification:_identify(src/roarm_else/ros2web_app/examples/ros2web_widgets) by extension 'colcon_meta'
[0.080s] Level 1:colcon.colcon_core.package_identification:_identify(src/roarm_else/ros2web_app/examples/ros2web_widgets) by extensions ['ros']
[0.080s] Level 1:colcon.colcon_core.package_identification:_identify(src/roarm_else/ros2web_app/examples/ros2web_widgets) by extension 'ros'
[0.080s] DEBUG:colcon.colcon_core.package_identification:Package 'src/roarm_else/ros2web_app/examples/ros2web_widgets' with type 'ros.ament_python' and name 'ros2web_widgets'
[0.080s] Level 1:colcon.colcon_core.package_identification:_identify(src/roarm_else/ros2web_app/ros2web_app) by extensions ['ignore', 'ignore_ament_install']
[0.080s] Level 1:colcon.colcon_core.package_identification:_identify(src/roarm_else/ros2web_app/ros2web_app) by extension 'ignore'
[0.080s] Level 1:colcon.colcon_core.package_identification:_identify(src/roarm_else/ros2web_app/ros2web_app) by extension 'ignore_ament_install'
[0.080s] Level 1:colcon.colcon_core.package_identification:_identify(src/roarm_else/ros2web_app/ros2web_app) by extensions ['colcon_pkg']
[0.080s] Level 1:colcon.colcon_core.package_identification:_identify(src/roarm_else/ros2web_app/ros2web_app) by extension 'colcon_pkg'
[0.080s] Level 1:colcon.colcon_core.package_identification:_identify(src/roarm_else/ros2web_app/ros2web_app) by extensions ['colcon_meta']
[0.080s] Level 1:colcon.colcon_core.package_identification:_identify(src/roarm_else/ros2web_app/ros2web_app) by extension 'colcon_meta'
[0.080s] Level 1:colcon.colcon_core.package_identification:_identify(src/roarm_else/ros2web_app/ros2web_app) by extensions ['ros']
[0.080s] Level 1:colcon.colcon_core.package_identification:_identify(src/roarm_else/ros2web_app/ros2web_app) by extension 'ros'
[0.080s] DEBUG:colcon.colcon_core.package_identification:Package 'src/roarm_else/ros2web_app/ros2web_app' with type 'ros.ament_python' and name 'ros2web_app'
[0.081s] Level 1:colcon.colcon_core.package_identification:_identify(src/roarm_else/ros2web_app/web_app) by extensions ['ignore', 'ignore_ament_install']
[0.081s] Level 1:colcon.colcon_core.package_identification:_identify(src/roarm_else/ros2web_app/web_app) by extension 'ignore'
[0.081s] Level 1:colcon.colcon_core.package_identification:_identify(src/roarm_else/ros2web_app/web_app) by extension 'ignore_ament_install'
[0.081s] Level 1:colcon.colcon_core.package_identification:_identify(src/roarm_else/ros2web_app/web_app) by extensions ['colcon_pkg']
[0.081s] Level 1:colcon.colcon_core.package_identification:_identify(src/roarm_else/ros2web_app/web_app) by extension 'colcon_pkg'
[0.081s] Level 1:colcon.colcon_core.package_identification:_identify(src/roarm_else/ros2web_app/web_app) by extensions ['colcon_meta']
[0.081s] Level 1:colcon.colcon_core.package_identification:_identify(src/roarm_else/ros2web_app/web_app) by extension 'colcon_meta'
[0.081s] Level 1:colcon.colcon_core.package_identification:_identify(src/roarm_else/ros2web_app/web_app) by extensions ['ros']
[0.081s] Level 1:colcon.colcon_core.package_identification:_identify(src/roarm_else/ros2web_app/web_app) by extension 'ros'
[0.081s] Level 1:colcon.colcon_core.package_identification:_identify(src/roarm_else/ros2web_app/web_app) by extensions ['cmake', 'python']
[0.081s] Level 1:colcon.colcon_core.package_identification:_identify(src/roarm_else/ros2web_app/web_app) by extension 'cmake'
[0.081s] Level 1:colcon.colcon_core.package_identification:_identify(src/roarm_else/ros2web_app/web_app) by extension 'python'
[0.081s] Level 1:colcon.colcon_core.package_identification:_identify(src/roarm_else/ros2web_app/web_app) by extensions ['python_setup_py']
[0.081s] Level 1:colcon.colcon_core.package_identification:_identify(src/roarm_else/ros2web_app/web_app) by extension 'python_setup_py'
[0.081s] Level 1:colcon.colcon_core.package_identification:_identify(src/roarm_else/ros2web_app/web_app/src) by extensions ['ignore', 'ignore_ament_install']
[0.081s] Level 1:colcon.colcon_core.package_identification:_identify(src/roarm_else/ros2web_app/web_app/src) by extension 'ignore'
[0.081s] Level 1:colcon.colcon_core.package_identification:_identify(src/roarm_else/ros2web_app/web_app/src) by extension 'ignore_ament_install'
[0.081s] Level 1:colcon.colcon_core.package_identification:_identify(src/roarm_else/ros2web_app/web_app/src) by extensions ['colcon_pkg']
[0.081s] Level 1:colcon.colcon_core.package_identification:_identify(src/roarm_else/ros2web_app/web_app/src) by extension 'colcon_pkg'
[0.081s] Level 1:colcon.colcon_core.package_identification:_identify(src/roarm_else/ros2web_app/web_app/src) by extensions ['colcon_meta']
[0.081s] Level 1:colcon.colcon_core.package_identification:_identify(src/roarm_else/ros2web_app/web_app/src) by extension 'colcon_meta'
[0.081s] Level 1:colcon.colcon_core.package_identification:_identify(src/roarm_else/ros2web_app/web_app/src) by extensions ['ros']
[0.081s] Level 1:colcon.colcon_core.package_identification:_identify(src/roarm_else/ros2web_app/web_app/src) by extension 'ros'
[0.081s] Level 1:colcon.colcon_core.package_identification:_identify(src/roarm_else/ros2web_app/web_app/src) by extensions ['cmake', 'python']
[0.081s] Level 1:colcon.colcon_core.package_identification:_identify(src/roarm_else/ros2web_app/web_app/src) by extension 'cmake'
[0.081s] Level 1:colcon.colcon_core.package_identification:_identify(src/roarm_else/ros2web_app/web_app/src) by extension 'python'
[0.081s] Level 1:colcon.colcon_core.package_identification:_identify(src/roarm_else/ros2web_app/web_app/src) by extensions ['python_setup_py']
[0.081s] Level 1:colcon.colcon_core.package_identification:_identify(src/roarm_else/ros2web_app/web_app/src) by extension 'python_setup_py'
[0.081s] Level 1:colcon.colcon_core.package_identification:_identify(src/roarm_else/ros2web_app/web_app/src/assets) by extensions ['ignore', 'ignore_ament_install']
[0.081s] Level 1:colcon.colcon_core.package_identification:_identify(src/roarm_else/ros2web_app/web_app/src/assets) by extension 'ignore'
[0.081s] Level 1:colcon.colcon_core.package_identification:_identify(src/roarm_else/ros2web_app/web_app/src/assets) by extension 'ignore_ament_install'
[0.081s] Level 1:colcon.colcon_core.package_identification:_identify(src/roarm_else/ros2web_app/web_app/src/assets) by extensions ['colcon_pkg']
[0.081s] Level 1:colcon.colcon_core.package_identification:_identify(src/roarm_else/ros2web_app/web_app/src/assets) by extension 'colcon_pkg'
[0.081s] Level 1:colcon.colcon_core.package_identification:_identify(src/roarm_else/ros2web_app/web_app/src/assets) by extensions ['colcon_meta']
[0.081s] Level 1:colcon.colcon_core.package_identification:_identify(src/roarm_else/ros2web_app/web_app/src/assets) by extension 'colcon_meta'
[0.081s] Level 1:colcon.colcon_core.package_identification:_identify(src/roarm_else/ros2web_app/web_app/src/assets) by extensions ['ros']
[0.081s] Level 1:colcon.colcon_core.package_identification:_identify(src/roarm_else/ros2web_app/web_app/src/assets) by extension 'ros'
[0.081s] Level 1:colcon.colcon_core.package_identification:_identify(src/roarm_else/ros2web_app/web_app/src/assets) by extensions ['cmake', 'python']
[0.081s] Level 1:colcon.colcon_core.package_identification:_identify(src/roarm_else/ros2web_app/web_app/src/assets) by extension 'cmake'
[0.081s] Level 1:colcon.colcon_core.package_identification:_identify(src/roarm_else/ros2web_app/web_app/src/assets) by extension 'python'
[0.081s] Level 1:colcon.colcon_core.package_identification:_identify(src/roarm_else/ros2web_app/web_app/src/assets) by extensions ['python_setup_py']
[0.081s] Level 1:colcon.colcon_core.package_identification:_identify(src/roarm_else/ros2web_app/web_app/src/assets) by extension 'python_setup_py'
[0.081s] Level 1:colcon.colcon_core.package_identification:_identify(src/roarm_else/ros2web_app/web_app/src/components) by extensions ['ignore', 'ignore_ament_install']
[0.081s] Level 1:colcon.colcon_core.package_identification:_identify(src/roarm_else/ros2web_app/web_app/src/components) by extension 'ignore'
[0.081s] Level 1:colcon.colcon_core.package_identification:_identify(src/roarm_else/ros2web_app/web_app/src/components) by extension 'ignore_ament_install'
[0.081s] Level 1:colcon.colcon_core.package_identification:_identify(src/roarm_else/ros2web_app/web_app/src/components) by extensions ['colcon_pkg']
[0.081s] Level 1:colcon.colcon_core.package_identification:_identify(src/roarm_else/ros2web_app/web_app/src/components) by extension 'colcon_pkg'
[0.081s] Level 1:colcon.colcon_core.package_identification:_identify(src/roarm_else/ros2web_app/web_app/src/components) by extensions ['colcon_meta']
[0.081s] Level 1:colcon.colcon_core.package_identification:_identify(src/roarm_else/ros2web_app/web_app/src/components) by extension 'colcon_meta'
[0.081s] Level 1:colcon.colcon_core.package_identification:_identify(src/roarm_else/ros2web_app/web_app/src/components) by extensions ['ros']
[0.081s] Level 1:colcon.colcon_core.package_identification:_identify(src/roarm_else/ros2web_app/web_app/src/components) by extension 'ros'
[0.081s] Level 1:colcon.colcon_core.package_identification:_identify(src/roarm_else/ros2web_app/web_app/src/components) by extensions ['cmake', 'python']
[0.081s] Level 1:colcon.colcon_core.package_identification:_identify(src/roarm_else/ros2web_app/web_app/src/components) by extension 'cmake'
[0.081s] Level 1:colcon.colcon_core.package_identification:_identify(src/roarm_else/ros2web_app/web_app/src/components) by extension 'python'
[0.081s] Level 1:colcon.colcon_core.package_identification:_identify(src/roarm_else/ros2web_app/web_app/src/components) by extensions ['python_setup_py']
[0.082s] Level 1:colcon.colcon_core.package_identification:_identify(src/roarm_else/ros2web_app/web_app/src/components) by extension 'python_setup_py'
[0.082s] Level 1:colcon.colcon_core.package_identification:_identify(src/roarm_else/ros2web_app/web_app/src/components/Grid) by extensions ['ignore', 'ignore_ament_install']
[0.082s] Level 1:colcon.colcon_core.package_identification:_identify(src/roarm_else/ros2web_app/web_app/src/components/Grid) by extension 'ignore'
[0.082s] Level 1:colcon.colcon_core.package_identification:_identify(src/roarm_else/ros2web_app/web_app/src/components/Grid) by extension 'ignore_ament_install'
[0.082s] Level 1:colcon.colcon_core.package_identification:_identify(src/roarm_else/ros2web_app/web_app/src/components/Grid) by extensions ['colcon_pkg']
[0.082s] Level 1:colcon.colcon_core.package_identification:_identify(src/roarm_else/ros2web_app/web_app/src/components/Grid) by extension 'colcon_pkg'
[0.082s] Level 1:colcon.colcon_core.package_identification:_identify(src/roarm_else/ros2web_app/web_app/src/components/Grid) by extensions ['colcon_meta']
[0.082s] Level 1:colcon.colcon_core.package_identification:_identify(src/roarm_else/ros2web_app/web_app/src/components/Grid) by extension 'colcon_meta'
[0.082s] Level 1:colcon.colcon_core.package_identification:_identify(src/roarm_else/ros2web_app/web_app/src/components/Grid) by extensions ['ros']
[0.082s] Level 1:colcon.colcon_core.package_identification:_identify(src/roarm_else/ros2web_app/web_app/src/components/Grid) by extension 'ros'
[0.082s] Level 1:colcon.colcon_core.package_identification:_identify(src/roarm_else/ros2web_app/web_app/src/components/Grid) by extensions ['cmake', 'python']
[0.082s] Level 1:colcon.colcon_core.package_identification:_identify(src/roarm_else/ros2web_app/web_app/src/components/Grid) by extension 'cmake'
[0.082s] Level 1:colcon.colcon_core.package_identification:_identify(src/roarm_else/ros2web_app/web_app/src/components/Grid) by extension 'python'
[0.082s] Level 1:colcon.colcon_core.package_identification:_identify(src/roarm_else/ros2web_app/web_app/src/components/Grid) by extensions ['python_setup_py']
[0.082s] Level 1:colcon.colcon_core.package_identification:_identify(src/roarm_else/ros2web_app/web_app/src/components/Grid) by extension 'python_setup_py'
[0.082s] Level 1:colcon.colcon_core.package_identification:_identify(src/roarm_else/ros2web_app/web_app/src/components/Image) by extensions ['ignore', 'ignore_ament_install']
[0.082s] Level 1:colcon.colcon_core.package_identification:_identify(src/roarm_else/ros2web_app/web_app/src/components/Image) by extension 'ignore'
[0.082s] Level 1:colcon.colcon_core.package_identification:_identify(src/roarm_else/ros2web_app/web_app/src/components/Image) by extension 'ignore_ament_install'
[0.082s] Level 1:colcon.colcon_core.package_identification:_identify(src/roarm_else/ros2web_app/web_app/src/components/Image) by extensions ['colcon_pkg']
[0.082s] Level 1:colcon.colcon_core.package_identification:_identify(src/roarm_else/ros2web_app/web_app/src/components/Image) by extension 'colcon_pkg'
[0.082s] Level 1:colcon.colcon_core.package_identification:_identify(src/roarm_else/ros2web_app/web_app/src/components/Image) by extensions ['colcon_meta']
[0.082s] Level 1:colcon.colcon_core.package_identification:_identify(src/roarm_else/ros2web_app/web_app/src/components/Image) by extension 'colcon_meta'
[0.082s] Level 1:colcon.colcon_core.package_identification:_identify(src/roarm_else/ros2web_app/web_app/src/components/Image) by extensions ['ros']
[0.082s] Level 1:colcon.colcon_core.package_identification:_identify(src/roarm_else/ros2web_app/web_app/src/components/Image) by extension 'ros'
[0.082s] Level 1:colcon.colcon_core.package_identification:_identify(src/roarm_else/ros2web_app/web_app/src/components/Image) by extensions ['cmake', 'python']
[0.082s] Level 1:colcon.colcon_core.package_identification:_identify(src/roarm_else/ros2web_app/web_app/src/components/Image) by extension 'cmake'
[0.082s] Level 1:colcon.colcon_core.package_identification:_identify(src/roarm_else/ros2web_app/web_app/src/components/Image) by extension 'python'
[0.082s] Level 1:colcon.colcon_core.package_identification:_identify(src/roarm_else/ros2web_app/web_app/src/components/Image) by extensions ['python_setup_py']
[0.082s] Level 1:colcon.colcon_core.package_identification:_identify(src/roarm_else/ros2web_app/web_app/src/components/Image) by extension 'python_setup_py'
[0.082s] Level 1:colcon.colcon_core.package_identification:_identify(src/roarm_else/ros2web_app/web_app/src/components/InputGroup) by extensions ['ignore', 'ignore_ament_install']
[0.082s] Level 1:colcon.colcon_core.package_identification:_identify(src/roarm_else/ros2web_app/web_app/src/components/InputGroup) by extension 'ignore'
[0.082s] Level 1:colcon.colcon_core.package_identification:_identify(src/roarm_else/ros2web_app/web_app/src/components/InputGroup) by extension 'ignore_ament_install'
[0.082s] Level 1:colcon.colcon_core.package_identification:_identify(src/roarm_else/ros2web_app/web_app/src/components/InputGroup) by extensions ['colcon_pkg']
[0.082s] Level 1:colcon.colcon_core.package_identification:_identify(src/roarm_else/ros2web_app/web_app/src/components/InputGroup) by extension 'colcon_pkg'
[0.082s] Level 1:colcon.colcon_core.package_identification:_identify(src/roarm_else/ros2web_app/web_app/src/components/InputGroup) by extensions ['colcon_meta']
[0.082s] Level 1:colcon.colcon_core.package_identification:_identify(src/roarm_else/ros2web_app/web_app/src/components/InputGroup) by extension 'colcon_meta'
[0.082s] Level 1:colcon.colcon_core.package_identification:_identify(src/roarm_else/ros2web_app/web_app/src/components/InputGroup) by extensions ['ros']
[0.082s] Level 1:colcon.colcon_core.package_identification:_identify(src/roarm_else/ros2web_app/web_app/src/components/InputGroup) by extension 'ros'
[0.082s] Level 1:colcon.colcon_core.package_identification:_identify(src/roarm_else/ros2web_app/web_app/src/components/InputGroup) by extensions ['cmake', 'python']
[0.082s] Level 1:colcon.colcon_core.package_identification:_identify(src/roarm_else/ros2web_app/web_app/src/components/InputGroup) by extension 'cmake'
[0.082s] Level 1:colcon.colcon_core.package_identification:_identify(src/roarm_else/ros2web_app/web_app/src/components/InputGroup) by extension 'python'
[0.082s] Level 1:colcon.colcon_core.package_identification:_identify(src/roarm_else/ros2web_app/web_app/src/components/InputGroup) by extensions ['python_setup_py']
[0.082s] Level 1:colcon.colcon_core.package_identification:_identify(src/roarm_else/ros2web_app/web_app/src/components/InputGroup) by extension 'python_setup_py'
[0.082s] Level 1:colcon.colcon_core.package_identification:_identify(src/roarm_else/ros2web_app/web_app/src/components/Joystick) by extensions ['ignore', 'ignore_ament_install']
[0.082s] Level 1:colcon.colcon_core.package_identification:_identify(src/roarm_else/ros2web_app/web_app/src/components/Joystick) by extension 'ignore'
[0.082s] Level 1:colcon.colcon_core.package_identification:_identify(src/roarm_else/ros2web_app/web_app/src/components/Joystick) by extension 'ignore_ament_install'
[0.082s] Level 1:colcon.colcon_core.package_identification:_identify(src/roarm_else/ros2web_app/web_app/src/components/Joystick) by extensions ['colcon_pkg']
[0.082s] Level 1:colcon.colcon_core.package_identification:_identify(src/roarm_else/ros2web_app/web_app/src/components/Joystick) by extension 'colcon_pkg'
[0.082s] Level 1:colcon.colcon_core.package_identification:_identify(src/roarm_else/ros2web_app/web_app/src/components/Joystick) by extensions ['colcon_meta']
[0.082s] Level 1:colcon.colcon_core.package_identification:_identify(src/roarm_else/ros2web_app/web_app/src/components/Joystick) by extension 'colcon_meta'
[0.082s] Level 1:colcon.colcon_core.package_identification:_identify(src/roarm_else/ros2web_app/web_app/src/components/Joystick) by extensions ['ros']
[0.082s] Level 1:colcon.colcon_core.package_identification:_identify(src/roarm_else/ros2web_app/web_app/src/components/Joystick) by extension 'ros'
[0.082s] Level 1:colcon.colcon_core.package_identification:_identify(src/roarm_else/ros2web_app/web_app/src/components/Joystick) by extensions ['cmake', 'python']
[0.082s] Level 1:colcon.colcon_core.package_identification:_identify(src/roarm_else/ros2web_app/web_app/src/components/Joystick) by extension 'cmake'
[0.083s] Level 1:colcon.colcon_core.package_identification:_identify(src/roarm_else/ros2web_app/web_app/src/components/Joystick) by extension 'python'
[0.083s] Level 1:colcon.colcon_core.package_identification:_identify(src/roarm_else/ros2web_app/web_app/src/components/Joystick) by extensions ['python_setup_py']
[0.083s] Level 1:colcon.colcon_core.package_identification:_identify(src/roarm_else/ros2web_app/web_app/src/components/Joystick) by extension 'python_setup_py'
[0.083s] Level 1:colcon.colcon_core.package_identification:_identify(src/roarm_else/ros2web_app/web_app/src/components/SimpleInput) by extensions ['ignore', 'ignore_ament_install']
[0.083s] Level 1:colcon.colcon_core.package_identification:_identify(src/roarm_else/ros2web_app/web_app/src/components/SimpleInput) by extension 'ignore'
[0.083s] Level 1:colcon.colcon_core.package_identification:_identify(src/roarm_else/ros2web_app/web_app/src/components/SimpleInput) by extension 'ignore_ament_install'
[0.083s] Level 1:colcon.colcon_core.package_identification:_identify(src/roarm_else/ros2web_app/web_app/src/components/SimpleInput) by extensions ['colcon_pkg']
[0.083s] Level 1:colcon.colcon_core.package_identification:_identify(src/roarm_else/ros2web_app/web_app/src/components/SimpleInput) by extension 'colcon_pkg'
[0.083s] Level 1:colcon.colcon_core.package_identification:_identify(src/roarm_else/ros2web_app/web_app/src/components/SimpleInput) by extensions ['colcon_meta']
[0.083s] Level 1:colcon.colcon_core.package_identification:_identify(src/roarm_else/ros2web_app/web_app/src/components/SimpleInput) by extension 'colcon_meta'
[0.083s] Level 1:colcon.colcon_core.package_identification:_identify(src/roarm_else/ros2web_app/web_app/src/components/SimpleInput) by extensions ['ros']
[0.083s] Level 1:colcon.colcon_core.package_identification:_identify(src/roarm_else/ros2web_app/web_app/src/components/SimpleInput) by extension 'ros'
[0.083s] Level 1:colcon.colcon_core.package_identification:_identify(src/roarm_else/ros2web_app/web_app/src/components/SimpleInput) by extensions ['cmake', 'python']
[0.083s] Level 1:colcon.colcon_core.package_identification:_identify(src/roarm_else/ros2web_app/web_app/src/components/SimpleInput) by extension 'cmake'
[0.083s] Level 1:colcon.colcon_core.package_identification:_identify(src/roarm_else/ros2web_app/web_app/src/components/SimpleInput) by extension 'python'
[0.083s] Level 1:colcon.colcon_core.package_identification:_identify(src/roarm_else/ros2web_app/web_app/src/components/SimpleInput) by extensions ['python_setup_py']
[0.083s] Level 1:colcon.colcon_core.package_identification:_identify(src/roarm_else/ros2web_app/web_app/src/components/SimpleInput) by extension 'python_setup_py'
[0.083s] Level 1:colcon.colcon_core.package_identification:_identify(src/roarm_else/ros2web_app/web_app/src/components/SimpleList) by extensions ['ignore', 'ignore_ament_install']
[0.083s] Level 1:colcon.colcon_core.package_identification:_identify(src/roarm_else/ros2web_app/web_app/src/components/SimpleList) by extension 'ignore'
[0.083s] Level 1:colcon.colcon_core.package_identification:_identify(src/roarm_else/ros2web_app/web_app/src/components/SimpleList) by extension 'ignore_ament_install'
[0.083s] Level 1:colcon.colcon_core.package_identification:_identify(src/roarm_else/ros2web_app/web_app/src/components/SimpleList) by extensions ['colcon_pkg']
[0.083s] Level 1:colcon.colcon_core.package_identification:_identify(src/roarm_else/ros2web_app/web_app/src/components/SimpleList) by extension 'colcon_pkg'
[0.083s] Level 1:colcon.colcon_core.package_identification:_identify(src/roarm_else/ros2web_app/web_app/src/components/SimpleList) by extensions ['colcon_meta']
[0.083s] Level 1:colcon.colcon_core.package_identification:_identify(src/roarm_else/ros2web_app/web_app/src/components/SimpleList) by extension 'colcon_meta'
[0.083s] Level 1:colcon.colcon_core.package_identification:_identify(src/roarm_else/ros2web_app/web_app/src/components/SimpleList) by extensions ['ros']
[0.083s] Level 1:colcon.colcon_core.package_identification:_identify(src/roarm_else/ros2web_app/web_app/src/components/SimpleList) by extension 'ros'
[0.083s] Level 1:colcon.colcon_core.package_identification:_identify(src/roarm_else/ros2web_app/web_app/src/components/SimpleList) by extensions ['cmake', 'python']
[0.083s] Level 1:colcon.colcon_core.package_identification:_identify(src/roarm_else/ros2web_app/web_app/src/components/SimpleList) by extension 'cmake'
[0.083s] Level 1:colcon.colcon_core.package_identification:_identify(src/roarm_else/ros2web_app/web_app/src/components/SimpleList) by extension 'python'
[0.083s] Level 1:colcon.colcon_core.package_identification:_identify(src/roarm_else/ros2web_app/web_app/src/components/SimpleList) by extensions ['python_setup_py']
[0.083s] Level 1:colcon.colcon_core.package_identification:_identify(src/roarm_else/ros2web_app/web_app/src/components/SimpleList) by extension 'python_setup_py'
[0.083s] Level 1:colcon.colcon_core.package_identification:_identify(src/roarm_else/ros2web_app/web_app/src/components/Slider) by extensions ['ignore', 'ignore_ament_install']
[0.083s] Level 1:colcon.colcon_core.package_identification:_identify(src/roarm_else/ros2web_app/web_app/src/components/Slider) by extension 'ignore'
[0.083s] Level 1:colcon.colcon_core.package_identification:_identify(src/roarm_else/ros2web_app/web_app/src/components/Slider) by extension 'ignore_ament_install'
[0.083s] Level 1:colcon.colcon_core.package_identification:_identify(src/roarm_else/ros2web_app/web_app/src/components/Slider) by extensions ['colcon_pkg']
[0.083s] Level 1:colcon.colcon_core.package_identification:_identify(src/roarm_else/ros2web_app/web_app/src/components/Slider) by extension 'colcon_pkg'
[0.083s] Level 1:colcon.colcon_core.package_identification:_identify(src/roarm_else/ros2web_app/web_app/src/components/Slider) by extensions ['colcon_meta']
[0.083s] Level 1:colcon.colcon_core.package_identification:_identify(src/roarm_else/ros2web_app/web_app/src/components/Slider) by extension 'colcon_meta'
[0.083s] Level 1:colcon.colcon_core.package_identification:_identify(src/roarm_else/ros2web_app/web_app/src/components/Slider) by extensions ['ros']
[0.083s] Level 1:colcon.colcon_core.package_identification:_identify(src/roarm_else/ros2web_app/web_app/src/components/Slider) by extension 'ros'
[0.083s] Level 1:colcon.colcon_core.package_identification:_identify(src/roarm_else/ros2web_app/web_app/src/components/Slider) by extensions ['cmake', 'python']
[0.083s] Level 1:colcon.colcon_core.package_identification:_identify(src/roarm_else/ros2web_app/web_app/src/components/Slider) by extension 'cmake'
[0.083s] Level 1:colcon.colcon_core.package_identification:_identify(src/roarm_else/ros2web_app/web_app/src/components/Slider) by extension 'python'
[0.083s] Level 1:colcon.colcon_core.package_identification:_identify(src/roarm_else/ros2web_app/web_app/src/components/Slider) by extensions ['python_setup_py']
[0.083s] Level 1:colcon.colcon_core.package_identification:_identify(src/roarm_else/ros2web_app/web_app/src/components/Slider) by extension 'python_setup_py'
[0.083s] Level 1:colcon.colcon_core.package_identification:_identify(src/roarm_else/ros2web_app/web_app/src/components/Switch) by extensions ['ignore', 'ignore_ament_install']
[0.083s] Level 1:colcon.colcon_core.package_identification:_identify(src/roarm_else/ros2web_app/web_app/src/components/Switch) by extension 'ignore'
[0.083s] Level 1:colcon.colcon_core.package_identification:_identify(src/roarm_else/ros2web_app/web_app/src/components/Switch) by extension 'ignore_ament_install'
[0.083s] Level 1:colcon.colcon_core.package_identification:_identify(src/roarm_else/ros2web_app/web_app/src/components/Switch) by extensions ['colcon_pkg']
[0.083s] Level 1:colcon.colcon_core.package_identification:_identify(src/roarm_else/ros2web_app/web_app/src/components/Switch) by extension 'colcon_pkg'
[0.083s] Level 1:colcon.colcon_core.package_identification:_identify(src/roarm_else/ros2web_app/web_app/src/components/Switch) by extensions ['colcon_meta']
[0.083s] Level 1:colcon.colcon_core.package_identification:_identify(src/roarm_else/ros2web_app/web_app/src/components/Switch) by extension 'colcon_meta'
[0.083s] Level 1:colcon.colcon_core.package_identification:_identify(src/roarm_else/ros2web_app/web_app/src/components/Switch) by extensions ['ros']
[0.083s] Level 1:colcon.colcon_core.package_identification:_identify(src/roarm_else/ros2web_app/web_app/src/components/Switch) by extension 'ros'
[0.083s] Level 1:colcon.colcon_core.package_identification:_identify(src/roarm_else/ros2web_app/web_app/src/components/Switch) by extensions ['cmake', 'python']
[0.084s] Level 1:colcon.colcon_core.package_identification:_identify(src/roarm_else/ros2web_app/web_app/src/components/Switch) by extension 'cmake'
[0.084s] Level 1:colcon.colcon_core.package_identification:_identify(src/roarm_else/ros2web_app/web_app/src/components/Switch) by extension 'python'
[0.084s] Level 1:colcon.colcon_core.package_identification:_identify(src/roarm_else/ros2web_app/web_app/src/components/Switch) by extensions ['python_setup_py']
[0.084s] Level 1:colcon.colcon_core.package_identification:_identify(src/roarm_else/ros2web_app/web_app/src/components/Switch) by extension 'python_setup_py'
[0.084s] Level 1:colcon.colcon_core.package_identification:_identify(src/roarm_else/ros2web_app/web_app/src/containers) by extensions ['ignore', 'ignore_ament_install']
[0.084s] Level 1:colcon.colcon_core.package_identification:_identify(src/roarm_else/ros2web_app/web_app/src/containers) by extension 'ignore'
[0.084s] Level 1:colcon.colcon_core.package_identification:_identify(src/roarm_else/ros2web_app/web_app/src/containers) by extension 'ignore_ament_install'
[0.084s] Level 1:colcon.colcon_core.package_identification:_identify(src/roarm_else/ros2web_app/web_app/src/containers) by extensions ['colcon_pkg']
[0.084s] Level 1:colcon.colcon_core.package_identification:_identify(src/roarm_else/ros2web_app/web_app/src/containers) by extension 'colcon_pkg'
[0.084s] Level 1:colcon.colcon_core.package_identification:_identify(src/roarm_else/ros2web_app/web_app/src/containers) by extensions ['colcon_meta']
[0.084s] Level 1:colcon.colcon_core.package_identification:_identify(src/roarm_else/ros2web_app/web_app/src/containers) by extension 'colcon_meta'
[0.084s] Level 1:colcon.colcon_core.package_identification:_identify(src/roarm_else/ros2web_app/web_app/src/containers) by extensions ['ros']
[0.084s] Level 1:colcon.colcon_core.package_identification:_identify(src/roarm_else/ros2web_app/web_app/src/containers) by extension 'ros'
[0.084s] Level 1:colcon.colcon_core.package_identification:_identify(src/roarm_else/ros2web_app/web_app/src/containers) by extensions ['cmake', 'python']
[0.084s] Level 1:colcon.colcon_core.package_identification:_identify(src/roarm_else/ros2web_app/web_app/src/containers) by extension 'cmake'
[0.084s] Level 1:colcon.colcon_core.package_identification:_identify(src/roarm_else/ros2web_app/web_app/src/containers) by extension 'python'
[0.084s] Level 1:colcon.colcon_core.package_identification:_identify(src/roarm_else/ros2web_app/web_app/src/containers) by extensions ['python_setup_py']
[0.084s] Level 1:colcon.colcon_core.package_identification:_identify(src/roarm_else/ros2web_app/web_app/src/containers) by extension 'python_setup_py'
[0.084s] Level 1:colcon.colcon_core.package_identification:_identify(src/roarm_else/ros2web_app/web_app/src/containers/App) by extensions ['ignore', 'ignore_ament_install']
[0.084s] Level 1:colcon.colcon_core.package_identification:_identify(src/roarm_else/ros2web_app/web_app/src/containers/App) by extension 'ignore'
[0.084s] Level 1:colcon.colcon_core.package_identification:_identify(src/roarm_else/ros2web_app/web_app/src/containers/App) by extension 'ignore_ament_install'
[0.084s] Level 1:colcon.colcon_core.package_identification:_identify(src/roarm_else/ros2web_app/web_app/src/containers/App) by extensions ['colcon_pkg']
[0.084s] Level 1:colcon.colcon_core.package_identification:_identify(src/roarm_else/ros2web_app/web_app/src/containers/App) by extension 'colcon_pkg'
[0.084s] Level 1:colcon.colcon_core.package_identification:_identify(src/roarm_else/ros2web_app/web_app/src/containers/App) by extensions ['colcon_meta']
[0.084s] Level 1:colcon.colcon_core.package_identification:_identify(src/roarm_else/ros2web_app/web_app/src/containers/App) by extension 'colcon_meta'
[0.084s] Level 1:colcon.colcon_core.package_identification:_identify(src/roarm_else/ros2web_app/web_app/src/containers/App) by extensions ['ros']
[0.084s] Level 1:colcon.colcon_core.package_identification:_identify(src/roarm_else/ros2web_app/web_app/src/containers/App) by extension 'ros'
[0.084s] Level 1:colcon.colcon_core.package_identification:_identify(src/roarm_else/ros2web_app/web_app/src/containers/App) by extensions ['cmake', 'python']
[0.084s] Level 1:colcon.colcon_core.package_identification:_identify(src/roarm_else/ros2web_app/web_app/src/containers/App) by extension 'cmake'
[0.084s] Level 1:colcon.colcon_core.package_identification:_identify(src/roarm_else/ros2web_app/web_app/src/containers/App) by extension 'python'
[0.084s] Level 1:colcon.colcon_core.package_identification:_identify(src/roarm_else/ros2web_app/web_app/src/containers/App) by extensions ['python_setup_py']
[0.084s] Level 1:colcon.colcon_core.package_identification:_identify(src/roarm_else/ros2web_app/web_app/src/containers/App) by extension 'python_setup_py'
[0.084s] Level 1:colcon.colcon_core.package_identification:_identify(src/roarm_else/ros2web_app/web_app/src/hooks) by extensions ['ignore', 'ignore_ament_install']
[0.084s] Level 1:colcon.colcon_core.package_identification:_identify(src/roarm_else/ros2web_app/web_app/src/hooks) by extension 'ignore'
[0.084s] Level 1:colcon.colcon_core.package_identification:_identify(src/roarm_else/ros2web_app/web_app/src/hooks) by extension 'ignore_ament_install'
[0.084s] Level 1:colcon.colcon_core.package_identification:_identify(src/roarm_else/ros2web_app/web_app/src/hooks) by extensions ['colcon_pkg']
[0.084s] Level 1:colcon.colcon_core.package_identification:_identify(src/roarm_else/ros2web_app/web_app/src/hooks) by extension 'colcon_pkg'
[0.084s] Level 1:colcon.colcon_core.package_identification:_identify(src/roarm_else/ros2web_app/web_app/src/hooks) by extensions ['colcon_meta']
[0.084s] Level 1:colcon.colcon_core.package_identification:_identify(src/roarm_else/ros2web_app/web_app/src/hooks) by extension 'colcon_meta'
[0.084s] Level 1:colcon.colcon_core.package_identification:_identify(src/roarm_else/ros2web_app/web_app/src/hooks) by extensions ['ros']
[0.084s] Level 1:colcon.colcon_core.package_identification:_identify(src/roarm_else/ros2web_app/web_app/src/hooks) by extension 'ros'
[0.084s] Level 1:colcon.colcon_core.package_identification:_identify(src/roarm_else/ros2web_app/web_app/src/hooks) by extensions ['cmake', 'python']
[0.084s] Level 1:colcon.colcon_core.package_identification:_identify(src/roarm_else/ros2web_app/web_app/src/hooks) by extension 'cmake'
[0.084s] Level 1:colcon.colcon_core.package_identification:_identify(src/roarm_else/ros2web_app/web_app/src/hooks) by extension 'python'
[0.084s] Level 1:colcon.colcon_core.package_identification:_identify(src/roarm_else/ros2web_app/web_app/src/hooks) by extensions ['python_setup_py']
[0.084s] Level 1:colcon.colcon_core.package_identification:_identify(src/roarm_else/ros2web_app/web_app/src/hooks) by extension 'python_setup_py'
[0.084s] Level 1:colcon.colcon_core.package_identification:_identify(src/roarm_else/ros2web_app/web_app/src/routes) by extensions ['ignore', 'ignore_ament_install']
[0.084s] Level 1:colcon.colcon_core.package_identification:_identify(src/roarm_else/ros2web_app/web_app/src/routes) by extension 'ignore'
[0.084s] Level 1:colcon.colcon_core.package_identification:_identify(src/roarm_else/ros2web_app/web_app/src/routes) by extension 'ignore_ament_install'
[0.084s] Level 1:colcon.colcon_core.package_identification:_identify(src/roarm_else/ros2web_app/web_app/src/routes) by extensions ['colcon_pkg']
[0.084s] Level 1:colcon.colcon_core.package_identification:_identify(src/roarm_else/ros2web_app/web_app/src/routes) by extension 'colcon_pkg'
[0.084s] Level 1:colcon.colcon_core.package_identification:_identify(src/roarm_else/ros2web_app/web_app/src/routes) by extensions ['colcon_meta']
[0.084s] Level 1:colcon.colcon_core.package_identification:_identify(src/roarm_else/ros2web_app/web_app/src/routes) by extension 'colcon_meta'
[0.084s] Level 1:colcon.colcon_core.package_identification:_identify(src/roarm_else/ros2web_app/web_app/src/routes) by extensions ['ros']
[0.084s] Level 1:colcon.colcon_core.package_identification:_identify(src/roarm_else/ros2web_app/web_app/src/routes) by extension 'ros'
[0.084s] Level 1:colcon.colcon_core.package_identification:_identify(src/roarm_else/ros2web_app/web_app/src/routes) by extensions ['cmake', 'python']
[0.085s] Level 1:colcon.colcon_core.package_identification:_identify(src/roarm_else/ros2web_app/web_app/src/routes) by extension 'cmake'
[0.085s] Level 1:colcon.colcon_core.package_identification:_identify(src/roarm_else/ros2web_app/web_app/src/routes) by extension 'python'
[0.085s] Level 1:colcon.colcon_core.package_identification:_identify(src/roarm_else/ros2web_app/web_app/src/routes) by extensions ['python_setup_py']
[0.085s] Level 1:colcon.colcon_core.package_identification:_identify(src/roarm_else/ros2web_app/web_app/src/routes) by extension 'python_setup_py'
[0.085s] Level 1:colcon.colcon_core.package_identification:_identify(src/roarm_else/ros2web_app/web_app/src/styles) by extensions ['ignore', 'ignore_ament_install']
[0.085s] Level 1:colcon.colcon_core.package_identification:_identify(src/roarm_else/ros2web_app/web_app/src/styles) by extension 'ignore'
[0.085s] Level 1:colcon.colcon_core.package_identification:_identify(src/roarm_else/ros2web_app/web_app/src/styles) by extension 'ignore_ament_install'
[0.085s] Level 1:colcon.colcon_core.package_identification:_identify(src/roarm_else/ros2web_app/web_app/src/styles) by extensions ['colcon_pkg']
[0.085s] Level 1:colcon.colcon_core.package_identification:_identify(src/roarm_else/ros2web_app/web_app/src/styles) by extension 'colcon_pkg'
[0.085s] Level 1:colcon.colcon_core.package_identification:_identify(src/roarm_else/ros2web_app/web_app/src/styles) by extensions ['colcon_meta']
[0.085s] Level 1:colcon.colcon_core.package_identification:_identify(src/roarm_else/ros2web_app/web_app/src/styles) by extension 'colcon_meta'
[0.085s] Level 1:colcon.colcon_core.package_identification:_identify(src/roarm_else/ros2web_app/web_app/src/styles) by extensions ['ros']
[0.085s] Level 1:colcon.colcon_core.package_identification:_identify(src/roarm_else/ros2web_app/web_app/src/styles) by extension 'ros'
[0.085s] Level 1:colcon.colcon_core.package_identification:_identify(src/roarm_else/ros2web_app/web_app/src/styles) by extensions ['cmake', 'python']
[0.085s] Level 1:colcon.colcon_core.package_identification:_identify(src/roarm_else/ros2web_app/web_app/src/styles) by extension 'cmake'
[0.085s] Level 1:colcon.colcon_core.package_identification:_identify(src/roarm_else/ros2web_app/web_app/src/styles) by extension 'python'
[0.085s] Level 1:colcon.colcon_core.package_identification:_identify(src/roarm_else/ros2web_app/web_app/src/styles) by extensions ['python_setup_py']
[0.085s] Level 1:colcon.colcon_core.package_identification:_identify(src/roarm_else/ros2web_app/web_app/src/styles) by extension 'python_setup_py'
[0.085s] Level 1:colcon.colcon_core.package_identification:_identify(src/roarm_else/ros2web_app/web_app/src/utils) by extensions ['ignore', 'ignore_ament_install']
[0.085s] Level 1:colcon.colcon_core.package_identification:_identify(src/roarm_else/ros2web_app/web_app/src/utils) by extension 'ignore'
[0.085s] Level 1:colcon.colcon_core.package_identification:_identify(src/roarm_else/ros2web_app/web_app/src/utils) by extension 'ignore_ament_install'
[0.085s] Level 1:colcon.colcon_core.package_identification:_identify(src/roarm_else/ros2web_app/web_app/src/utils) by extensions ['colcon_pkg']
[0.085s] Level 1:colcon.colcon_core.package_identification:_identify(src/roarm_else/ros2web_app/web_app/src/utils) by extension 'colcon_pkg'
[0.085s] Level 1:colcon.colcon_core.package_identification:_identify(src/roarm_else/ros2web_app/web_app/src/utils) by extensions ['colcon_meta']
[0.085s] Level 1:colcon.colcon_core.package_identification:_identify(src/roarm_else/ros2web_app/web_app/src/utils) by extension 'colcon_meta'
[0.085s] Level 1:colcon.colcon_core.package_identification:_identify(src/roarm_else/ros2web_app/web_app/src/utils) by extensions ['ros']
[0.085s] Level 1:colcon.colcon_core.package_identification:_identify(src/roarm_else/ros2web_app/web_app/src/utils) by extension 'ros'
[0.085s] Level 1:colcon.colcon_core.package_identification:_identify(src/roarm_else/ros2web_app/web_app/src/utils) by extensions ['cmake', 'python']
[0.085s] Level 1:colcon.colcon_core.package_identification:_identify(src/roarm_else/ros2web_app/web_app/src/utils) by extension 'cmake'
[0.085s] Level 1:colcon.colcon_core.package_identification:_identify(src/roarm_else/ros2web_app/web_app/src/utils) by extension 'python'
[0.085s] Level 1:colcon.colcon_core.package_identification:_identify(src/roarm_else/ros2web_app/web_app/src/utils) by extensions ['python_setup_py']
[0.085s] Level 1:colcon.colcon_core.package_identification:_identify(src/roarm_else/ros2web_app/web_app/src/utils) by extension 'python_setup_py'
[0.085s] Level 1:colcon.colcon_core.package_identification:_identify(src/roarm_main) by extensions ['ignore', 'ignore_ament_install']
[0.085s] Level 1:colcon.colcon_core.package_identification:_identify(src/roarm_main) by extension 'ignore'
[0.085s] Level 1:colcon.colcon_core.package_identification:_identify(src/roarm_main) by extension 'ignore_ament_install'
[0.085s] Level 1:colcon.colcon_core.package_identification:_identify(src/roarm_main) by extensions ['colcon_pkg']
[0.085s] Level 1:colcon.colcon_core.package_identification:_identify(src/roarm_main) by extension 'colcon_pkg'
[0.085s] Level 1:colcon.colcon_core.package_identification:_identify(src/roarm_main) by extensions ['colcon_meta']
[0.085s] Level 1:colcon.colcon_core.package_identification:_identify(src/roarm_main) by extension 'colcon_meta'
[0.085s] Level 1:colcon.colcon_core.package_identification:_identify(src/roarm_main) by extensions ['ros']
[0.085s] Level 1:colcon.colcon_core.package_identification:_identify(src/roarm_main) by extension 'ros'
[0.085s] Level 1:colcon.colcon_core.package_identification:_identify(src/roarm_main) by extensions ['cmake', 'python']
[0.085s] Level 1:colcon.colcon_core.package_identification:_identify(src/roarm_main) by extension 'cmake'
[0.085s] Level 1:colcon.colcon_core.package_identification:_identify(src/roarm_main) by extension 'python'
[0.085s] Level 1:colcon.colcon_core.package_identification:_identify(src/roarm_main) by extensions ['python_setup_py']
[0.085s] Level 1:colcon.colcon_core.package_identification:_identify(src/roarm_main) by extension 'python_setup_py'
[0.085s] Level 1:colcon.colcon_core.package_identification:_identify(src/roarm_main/roarm_description) by extensions ['ignore', 'ignore_ament_install']
[0.085s] Level 1:colcon.colcon_core.package_identification:_identify(src/roarm_main/roarm_description) by extension 'ignore'
[0.085s] Level 1:colcon.colcon_core.package_identification:_identify(src/roarm_main/roarm_description) by extension 'ignore_ament_install'
[0.085s] Level 1:colcon.colcon_core.package_identification:_identify(src/roarm_main/roarm_description) by extensions ['colcon_pkg']
[0.085s] Level 1:colcon.colcon_core.package_identification:_identify(src/roarm_main/roarm_description) by extension 'colcon_pkg'
[0.085s] Level 1:colcon.colcon_core.package_identification:_identify(src/roarm_main/roarm_description) by extensions ['colcon_meta']
[0.085s] Level 1:colcon.colcon_core.package_identification:_identify(src/roarm_main/roarm_description) by extension 'colcon_meta'
[0.085s] Level 1:colcon.colcon_core.package_identification:_identify(src/roarm_main/roarm_description) by extensions ['ros']
[0.085s] Level 1:colcon.colcon_core.package_identification:_identify(src/roarm_main/roarm_description) by extension 'ros'
[0.086s] DEBUG:colcon.colcon_core.package_identification:Package 'src/roarm_main/roarm_description' with type 'ros.ament_cmake' and name 'roarm_description'
[0.086s] Level 1:colcon.colcon_core.package_identification:_identify(src/roarm_main/roarm_driver) by extensions ['ignore', 'ignore_ament_install']
[0.086s] Level 1:colcon.colcon_core.package_identification:_identify(src/roarm_main/roarm_driver) by extension 'ignore'
[0.086s] Level 1:colcon.colcon_core.package_identification:_identify(src/roarm_main/roarm_driver) by extension 'ignore_ament_install'
[0.086s] Level 1:colcon.colcon_core.package_identification:_identify(src/roarm_main/roarm_driver) by extensions ['colcon_pkg']
[0.086s] Level 1:colcon.colcon_core.package_identification:_identify(src/roarm_main/roarm_driver) by extension 'colcon_pkg'
[0.086s] Level 1:colcon.colcon_core.package_identification:_identify(src/roarm_main/roarm_driver) by extensions ['colcon_meta']
[0.086s] Level 1:colcon.colcon_core.package_identification:_identify(src/roarm_main/roarm_driver) by extension 'colcon_meta'
[0.086s] Level 1:colcon.colcon_core.package_identification:_identify(src/roarm_main/roarm_driver) by extensions ['ros']
[0.086s] Level 1:colcon.colcon_core.package_identification:_identify(src/roarm_main/roarm_driver) by extension 'ros'
[0.086s] DEBUG:colcon.colcon_core.package_identification:Package 'src/roarm_main/roarm_driver' with type 'ros.ament_python' and name 'roarm_driver'
[0.086s] Level 1:colcon.colcon_core.package_identification:_identify(src/roarm_main/roarm_moveit) by extensions ['ignore', 'ignore_ament_install']
[0.086s] Level 1:colcon.colcon_core.package_identification:_identify(src/roarm_main/roarm_moveit) by extension 'ignore'
[0.086s] Level 1:colcon.colcon_core.package_identification:_identify(src/roarm_main/roarm_moveit) by extension 'ignore_ament_install'
[0.086s] Level 1:colcon.colcon_core.package_identification:_identify(src/roarm_main/roarm_moveit) by extensions ['colcon_pkg']
[0.086s] Level 1:colcon.colcon_core.package_identification:_identify(src/roarm_main/roarm_moveit) by extension 'colcon_pkg'
[0.086s] Level 1:colcon.colcon_core.package_identification:_identify(src/roarm_main/roarm_moveit) by extensions ['colcon_meta']
[0.086s] Level 1:colcon.colcon_core.package_identification:_identify(src/roarm_main/roarm_moveit) by extension 'colcon_meta'
[0.086s] Level 1:colcon.colcon_core.package_identification:_identify(src/roarm_main/roarm_moveit) by extensions ['ros']
[0.086s] Level 1:colcon.colcon_core.package_identification:_identify(src/roarm_main/roarm_moveit) by extension 'ros'
[0.086s] DEBUG:colcon.colcon_core.package_identification:Package 'src/roarm_main/roarm_moveit' with type 'ros.ament_cmake' and name 'roarm_moveit'
[0.086s] Level 1:colcon.colcon_core.package_identification:_identify(src/roarm_main/roarm_moveit_cmd) by extensions ['ignore', 'ignore_ament_install']
[0.087s] Level 1:colcon.colcon_core.package_identification:_identify(src/roarm_main/roarm_moveit_cmd) by extension 'ignore'
[0.087s] Level 1:colcon.colcon_core.package_identification:_identify(src/roarm_main/roarm_moveit_cmd) by extension 'ignore_ament_install'
[0.087s] Level 1:colcon.colcon_core.package_identification:_identify(src/roarm_main/roarm_moveit_cmd) by extensions ['colcon_pkg']
[0.087s] Level 1:colcon.colcon_core.package_identification:_identify(src/roarm_main/roarm_moveit_cmd) by extension 'colcon_pkg'
[0.087s] Level 1:colcon.colcon_core.package_identification:_identify(src/roarm_main/roarm_moveit_cmd) by extensions ['colcon_meta']
[0.087s] Level 1:colcon.colcon_core.package_identification:_identify(src/roarm_main/roarm_moveit_cmd) by extension 'colcon_meta'
[0.087s] Level 1:colcon.colcon_core.package_identification:_identify(src/roarm_main/roarm_moveit_cmd) by extensions ['ros']
[0.087s] Level 1:colcon.colcon_core.package_identification:_identify(src/roarm_main/roarm_moveit_cmd) by extension 'ros'
[0.087s] DEBUG:colcon.colcon_core.package_identification:Package 'src/roarm_main/roarm_moveit_cmd' with type 'ros.ament_cmake' and name 'roarm_moveit_cmd'
[0.087s] Level 1:colcon.colcon_core.package_identification:_identify(src/roarm_main/roarm_moveit_ikfast_plugins) by extensions ['ignore', 'ignore_ament_install']
[0.087s] Level 1:colcon.colcon_core.package_identification:_identify(src/roarm_main/roarm_moveit_ikfast_plugins) by extension 'ignore'
[0.087s] Level 1:colcon.colcon_core.package_identification:_identify(src/roarm_main/roarm_moveit_ikfast_plugins) by extension 'ignore_ament_install'
[0.087s] Level 1:colcon.colcon_core.package_identification:_identify(src/roarm_main/roarm_moveit_ikfast_plugins) by extensions ['colcon_pkg']
[0.087s] Level 1:colcon.colcon_core.package_identification:_identify(src/roarm_main/roarm_moveit_ikfast_plugins) by extension 'colcon_pkg'
[0.087s] Level 1:colcon.colcon_core.package_identification:_identify(src/roarm_main/roarm_moveit_ikfast_plugins) by extensions ['colcon_meta']
[0.087s] Level 1:colcon.colcon_core.package_identification:_identify(src/roarm_main/roarm_moveit_ikfast_plugins) by extension 'colcon_meta'
[0.088s] Level 1:colcon.colcon_core.package_identification:_identify(src/roarm_main/roarm_moveit_ikfast_plugins) by extensions ['ros']
[0.088s] Level 1:colcon.colcon_core.package_identification:_identify(src/roarm_main/roarm_moveit_ikfast_plugins) by extension 'ros'
[0.088s] DEBUG:colcon.colcon_core.package_identification:Package 'src/roarm_main/roarm_moveit_ikfast_plugins' with type 'ros.ament_cmake' and name 'roarm_moveit_ikfast_plugins'
[0.088s] Level 1:colcon.colcon_core.package_identification:_identify(src/roarm_main/roarm_web_app) by extensions ['ignore', 'ignore_ament_install']
[0.088s] Level 1:colcon.colcon_core.package_identification:_identify(src/roarm_main/roarm_web_app) by extension 'ignore'
[0.088s] Level 1:colcon.colcon_core.package_identification:_identify(src/roarm_main/roarm_web_app) by extension 'ignore_ament_install'
[0.088s] Level 1:colcon.colcon_core.package_identification:_identify(src/roarm_main/roarm_web_app) by extensions ['colcon_pkg']
[0.088s] Level 1:colcon.colcon_core.package_identification:_identify(src/roarm_main/roarm_web_app) by extension 'colcon_pkg'
[0.088s] Level 1:colcon.colcon_core.package_identification:_identify(src/roarm_main/roarm_web_app) by extensions ['colcon_meta']
[0.088s] Level 1:colcon.colcon_core.package_identification:_identify(src/roarm_main/roarm_web_app) by extension 'colcon_meta'
[0.088s] Level 1:colcon.colcon_core.package_identification:_identify(src/roarm_main/roarm_web_app) by extensions ['ros']
[0.088s] Level 1:colcon.colcon_core.package_identification:_identify(src/roarm_main/roarm_web_app) by extension 'ros'
[0.088s] DEBUG:colcon.colcon_core.package_identification:Package 'src/roarm_main/roarm_web_app' with type 'ros.ament_python' and name 'roarm_web_app'
[0.088s] Level 1:colcon.colcon_core.package_discovery:discover_packages(recursive) using defaults
[0.088s] Level 1:colcon.colcon_core.package_discovery:discover_packages(ignore) discover
[0.088s] Level 1:colcon.colcon_core.package_discovery:discover_packages(ignore) using defaults
[0.088s] Level 1:colcon.colcon_core.package_discovery:discover_packages(path) discover
[0.088s] Level 1:colcon.colcon_core.package_discovery:discover_packages(path) using defaults
[0.097s] Level 1:colcon.colcon_core.package_discovery:discover_packages(prefix_path) check parameters
[0.097s] Level 1:colcon.colcon_core.package_discovery:discover_packages(prefix_path) discover
[0.099s] DEBUG:colcon.colcon_installed_package_information.package_discovery:Found 520 installed packages in /opt/ros/jazzy
[0.099s] Level 1:colcon.colcon_core.package_discovery:discover_packages(prefix_path) using defaults
[0.128s] Level 5:colcon.colcon_core.verb:set package 'launch_api' build argument 'cmake_args' from command line to 'None'
[0.128s] Level 5:colcon.colcon_core.verb:set package 'launch_api' build argument 'cmake_target' from command line to 'None'
[0.128s] Level 5:colcon.colcon_core.verb:set package 'launch_api' build argument 'cmake_target_skip_unavailable' from command line to 'False'
[0.128s] Level 5:colcon.colcon_core.verb:set package 'launch_api' build argument 'cmake_clean_cache' from command line to 'False'
[0.128s] Level 5:colcon.colcon_core.verb:set package 'launch_api' build argument 'cmake_clean_first' from command line to 'False'
[0.128s] Level 5:colcon.colcon_core.verb:set package 'launch_api' build argument 'cmake_force_configure' from command line to 'False'
[0.128s] Level 5:colcon.colcon_core.verb:set package 'launch_api' build argument 'ament_cmake_args' from command line to 'None'
[0.128s] Level 5:colcon.colcon_core.verb:set package 'launch_api' build argument 'catkin_cmake_args' from command line to 'None'
[0.128s] Level 5:colcon.colcon_core.verb:set package 'launch_api' build argument 'catkin_skip_building_tests' from command line to 'False'
[0.128s] DEBUG:colcon.colcon_core.verb:Building package 'launch_api' with the following arguments: {'ament_cmake_args': None, 'build_base': '/home/nameless/Desktop/RoARM_Jazzy_ws/src/roarm_ws_em0_jazzy/build/launch_api', 'catkin_cmake_args': None, 'catkin_skip_building_tests': False, 'cmake_args': None, 'cmake_clean_cache': False, 'cmake_clean_first': False, 'cmake_force_configure': False, 'cmake_target': None, 'cmake_target_skip_unavailable': False, 'install_base': '/home/nameless/Desktop/RoARM_Jazzy_ws/src/roarm_ws_em0_jazzy/install/launch_api', 'merge_install': False, 'path': '/home/nameless/Desktop/RoARM_Jazzy_ws/src/roarm_ws_em0_jazzy/src/roarm_else/launch_api', 'symlink_install': True, 'test_result_base': None}
[0.128s] Level 5:colcon.colcon_core.verb:set package 'roarm_description' build argument 'cmake_args' from command line to 'None'
[0.128s] Level 5:colcon.colcon_core.verb:set package 'roarm_description' build argument 'cmake_target' from command line to 'None'
[0.128s] Level 5:colcon.colcon_core.verb:set package 'roarm_description' build argument 'cmake_target_skip_unavailable' from command line to 'False'
[0.128s] Level 5:colcon.colcon_core.verb:set package 'roarm_description' build argument 'cmake_clean_cache' from command line to 'False'
[0.128s] Level 5:colcon.colcon_core.verb:set package 'roarm_description' build argument 'cmake_clean_first' from command line to 'False'
[0.128s] Level 5:colcon.colcon_core.verb:set package 'roarm_description' build argument 'cmake_force_configure' from command line to 'False'
[0.128s] Level 5:colcon.colcon_core.verb:set package 'roarm_description' build argument 'ament_cmake_args' from command line to 'None'
[0.128s] Level 5:colcon.colcon_core.verb:set package 'roarm_description' build argument 'catkin_cmake_args' from command line to 'None'
[0.128s] Level 5:colcon.colcon_core.verb:set package 'roarm_description' build argument 'catkin_skip_building_tests' from command line to 'False'
[0.128s] DEBUG:colcon.colcon_core.verb:Building package 'roarm_description' with the following arguments: {'ament_cmake_args': None, 'build_base': '/home/nameless/Desktop/RoARM_Jazzy_ws/src/roarm_ws_em0_jazzy/build/roarm_description', 'catkin_cmake_args': None, 'catkin_skip_building_tests': False, 'cmake_args': None, 'cmake_clean_cache': False, 'cmake_clean_first': False, 'cmake_force_configure': False, 'cmake_target': None, 'cmake_target_skip_unavailable': False, 'install_base': '/home/nameless/Desktop/RoARM_Jazzy_ws/src/roarm_ws_em0_jazzy/install/roarm_description', 'merge_install': False, 'path': '/home/nameless/Desktop/RoARM_Jazzy_ws/src/roarm_ws_em0_jazzy/src/roarm_main/roarm_description', 'symlink_install': True, 'test_result_base': None}
[0.128s] Level 5:colcon.colcon_core.verb:set package 'roarm_driver' build argument 'cmake_args' from command line to 'None'
[0.128s] Level 5:colcon.colcon_core.verb:set package 'roarm_driver' build argument 'cmake_target' from command line to 'None'
[0.128s] Level 5:colcon.colcon_core.verb:set package 'roarm_driver' build argument 'cmake_target_skip_unavailable' from command line to 'False'
[0.128s] Level 5:colcon.colcon_core.verb:set package 'roarm_driver' build argument 'cmake_clean_cache' from command line to 'False'
[0.128s] Level 5:colcon.colcon_core.verb:set package 'roarm_driver' build argument 'cmake_clean_first' from command line to 'False'
[0.128s] Level 5:colcon.colcon_core.verb:set package 'roarm_driver' build argument 'cmake_force_configure' from command line to 'False'
[0.128s] Level 5:colcon.colcon_core.verb:set package 'roarm_driver' build argument 'ament_cmake_args' from command line to 'None'
[0.128s] Level 5:colcon.colcon_core.verb:set package 'roarm_driver' build argument 'catkin_cmake_args' from command line to 'None'
[0.128s] Level 5:colcon.colcon_core.verb:set package 'roarm_driver' build argument 'catkin_skip_building_tests' from command line to 'False'
[0.128s] DEBUG:colcon.colcon_core.verb:Building package 'roarm_driver' with the following arguments: {'ament_cmake_args': None, 'build_base': '/home/nameless/Desktop/RoARM_Jazzy_ws/src/roarm_ws_em0_jazzy/build/roarm_driver', 'catkin_cmake_args': None, 'catkin_skip_building_tests': False, 'cmake_args': None, 'cmake_clean_cache': False, 'cmake_clean_first': False, 'cmake_force_configure': False, 'cmake_target': None, 'cmake_target_skip_unavailable': False, 'install_base': '/home/nameless/Desktop/RoARM_Jazzy_ws/src/roarm_ws_em0_jazzy/install/roarm_driver', 'merge_install': False, 'path': '/home/nameless/Desktop/RoARM_Jazzy_ws/src/roarm_ws_em0_jazzy/src/roarm_main/roarm_driver', 'symlink_install': True, 'test_result_base': None}
[0.128s] Level 5:colcon.colcon_core.verb:set package 'roarm_moveit_ikfast_plugins' build argument 'cmake_args' from command line to 'None'
[0.128s] Level 5:colcon.colcon_core.verb:set package 'roarm_moveit_ikfast_plugins' build argument 'cmake_target' from command line to 'None'
[0.128s] Level 5:colcon.colcon_core.verb:set package 'roarm_moveit_ikfast_plugins' build argument 'cmake_target_skip_unavailable' from command line to 'False'
[0.128s] Level 5:colcon.colcon_core.verb:set package 'roarm_moveit_ikfast_plugins' build argument 'cmake_clean_cache' from command line to 'False'
[0.128s] Level 5:colcon.colcon_core.verb:set package 'roarm_moveit_ikfast_plugins' build argument 'cmake_clean_first' from command line to 'False'
[0.128s] Level 5:colcon.colcon_core.verb:set package 'roarm_moveit_ikfast_plugins' build argument 'cmake_force_configure' from command line to 'False'
[0.128s] Level 5:colcon.colcon_core.verb:set package 'roarm_moveit_ikfast_plugins' build argument 'ament_cmake_args' from command line to 'None'
[0.128s] Level 5:colcon.colcon_core.verb:set package 'roarm_moveit_ikfast_plugins' build argument 'catkin_cmake_args' from command line to 'None'
[0.128s] Level 5:colcon.colcon_core.verb:set package 'roarm_moveit_ikfast_plugins' build argument 'catkin_skip_building_tests' from command line to 'False'
[0.128s] DEBUG:colcon.colcon_core.verb:Building package 'roarm_moveit_ikfast_plugins' with the following arguments: {'ament_cmake_args': None, 'build_base': '/home/nameless/Desktop/RoARM_Jazzy_ws/src/roarm_ws_em0_jazzy/build/roarm_moveit_ikfast_plugins', 'catkin_cmake_args': None, 'catkin_skip_building_tests': False, 'cmake_args': None, 'cmake_clean_cache': False, 'cmake_clean_first': False, 'cmake_force_configure': False, 'cmake_target': None, 'cmake_target_skip_unavailable': False, 'install_base': '/home/nameless/Desktop/RoARM_Jazzy_ws/src/roarm_ws_em0_jazzy/install/roarm_moveit_ikfast_plugins', 'merge_install': False, 'path': '/home/nameless/Desktop/RoARM_Jazzy_ws/src/roarm_ws_em0_jazzy/src/roarm_main/roarm_moveit_ikfast_plugins', 'symlink_install': True, 'test_result_base': None}
[0.129s] Level 5:colcon.colcon_core.verb:set package 'ros2web_interfaces' build argument 'cmake_args' from command line to 'None'
[0.129s] Level 5:colcon.colcon_core.verb:set package 'ros2web_interfaces' build argument 'cmake_target' from command line to 'None'
[0.129s] Level 5:colcon.colcon_core.verb:set package 'ros2web_interfaces' build argument 'cmake_target_skip_unavailable' from command line to 'False'
[0.129s] Level 5:colcon.colcon_core.verb:set package 'ros2web_interfaces' build argument 'cmake_clean_cache' from command line to 'False'
[0.129s] Level 5:colcon.colcon_core.verb:set package 'ros2web_interfaces' build argument 'cmake_clean_first' from command line to 'False'
[0.129s] Level 5:colcon.colcon_core.verb:set package 'ros2web_interfaces' build argument 'cmake_force_configure' from command line to 'False'
[0.129s] Level 5:colcon.colcon_core.verb:set package 'ros2web_interfaces' build argument 'ament_cmake_args' from command line to 'None'
[0.129s] Level 5:colcon.colcon_core.verb:set package 'ros2web_interfaces' build argument 'catkin_cmake_args' from command line to 'None'
[0.129s] Level 5:colcon.colcon_core.verb:set package 'ros2web_interfaces' build argument 'catkin_skip_building_tests' from command line to 'False'
[0.129s] DEBUG:colcon.colcon_core.verb:Building package 'ros2web_interfaces' with the following arguments: {'ament_cmake_args': None, 'build_base': '/home/nameless/Desktop/RoARM_Jazzy_ws/src/roarm_ws_em0_jazzy/build/ros2web_interfaces', 'catkin_cmake_args': None, 'catkin_skip_building_tests': False, 'cmake_args': None, 'cmake_clean_cache': False, 'cmake_clean_first': False, 'cmake_force_configure': False, 'cmake_target': None, 'cmake_target_skip_unavailable': False, 'install_base': '/home/nameless/Desktop/RoARM_Jazzy_ws/src/roarm_ws_em0_jazzy/install/ros2web_interfaces', 'merge_install': False, 'path': '/home/nameless/Desktop/RoARM_Jazzy_ws/src/roarm_ws_em0_jazzy/src/roarm_else/ros2web-ros2/ros2web_interfaces', 'symlink_install': True, 'test_result_base': None}
[0.129s] Level 5:colcon.colcon_core.verb:set package 'roarm_moveit' build argument 'cmake_args' from command line to 'None'
[0.129s] Level 5:colcon.colcon_core.verb:set package 'roarm_moveit' build argument 'cmake_target' from command line to 'None'
[0.129s] Level 5:colcon.colcon_core.verb:set package 'roarm_moveit' build argument 'cmake_target_skip_unavailable' from command line to 'False'
[0.129s] Level 5:colcon.colcon_core.verb:set package 'roarm_moveit' build argument 'cmake_clean_cache' from command line to 'False'
[0.129s] Level 5:colcon.colcon_core.verb:set package 'roarm_moveit' build argument 'cmake_clean_first' from command line to 'False'
[0.129s] Level 5:colcon.colcon_core.verb:set package 'roarm_moveit' build argument 'cmake_force_configure' from command line to 'False'
[0.129s] Level 5:colcon.colcon_core.verb:set package 'roarm_moveit' build argument 'ament_cmake_args' from command line to 'None'
[0.129s] Level 5:colcon.colcon_core.verb:set package 'roarm_moveit' build argument 'catkin_cmake_args' from command line to 'None'
[0.129s] Level 5:colcon.colcon_core.verb:set package 'roarm_moveit' build argument 'catkin_skip_building_tests' from command line to 'False'
[0.129s] DEBUG:colcon.colcon_core.verb:Building package 'roarm_moveit' with the following arguments: {'ament_cmake_args': None, 'build_base': '/home/nameless/Desktop/RoARM_Jazzy_ws/src/roarm_ws_em0_jazzy/build/roarm_moveit', 'catkin_cmake_args': None, 'catkin_skip_building_tests': False, 'cmake_args': None, 'cmake_clean_cache': False, 'cmake_clean_first': False, 'cmake_force_configure': False, 'cmake_target': None, 'cmake_target_skip_unavailable': False, 'install_base': '/home/nameless/Desktop/RoARM_Jazzy_ws/src/roarm_ws_em0_jazzy/install/roarm_moveit', 'merge_install': False, 'path': '/home/nameless/Desktop/RoARM_Jazzy_ws/src/roarm_ws_em0_jazzy/src/roarm_main/roarm_moveit', 'symlink_install': True, 'test_result_base': None}
[0.129s] Level 5:colcon.colcon_core.verb:set package 'ros2web' build argument 'cmake_args' from command line to 'None'
[0.129s] Level 5:colcon.colcon_core.verb:set package 'ros2web' build argument 'cmake_target' from command line to 'None'
[0.129s] Level 5:colcon.colcon_core.verb:set package 'ros2web' build argument 'cmake_target_skip_unavailable' from command line to 'False'
[0.129s] Level 5:colcon.colcon_core.verb:set package 'ros2web' build argument 'cmake_clean_cache' from command line to 'False'
[0.129s] Level 5:colcon.colcon_core.verb:set package 'ros2web' build argument 'cmake_clean_first' from command line to 'False'
[0.129s] Level 5:colcon.colcon_core.verb:set package 'ros2web' build argument 'cmake_force_configure' from command line to 'False'
[0.129s] Level 5:colcon.colcon_core.verb:set package 'ros2web' build argument 'ament_cmake_args' from command line to 'None'
[0.129s] Level 5:colcon.colcon_core.verb:set package 'ros2web' build argument 'catkin_cmake_args' from command line to 'None'
[0.129s] Level 5:colcon.colcon_core.verb:set package 'ros2web' build argument 'catkin_skip_building_tests' from command line to 'False'
[0.129s] DEBUG:colcon.colcon_core.verb:Building package 'ros2web' with the following arguments: {'ament_cmake_args': None, 'build_base': '/home/nameless/Desktop/RoARM_Jazzy_ws/src/roarm_ws_em0_jazzy/build/ros2web', 'catkin_cmake_args': None, 'catkin_skip_building_tests': False, 'cmake_args': None, 'cmake_clean_cache': False, 'cmake_clean_first': False, 'cmake_force_configure': False, 'cmake_target': None, 'cmake_target_skip_unavailable': False, 'install_base': '/home/nameless/Desktop/RoARM_Jazzy_ws/src/roarm_ws_em0_jazzy/install/ros2web', 'merge_install': False, 'path': '/home/nameless/Desktop/RoARM_Jazzy_ws/src/roarm_ws_em0_jazzy/src/roarm_else/ros2web-ros2/ros2web', 'symlink_install': True, 'test_result_base': None}
[0.129s] Level 5:colcon.colcon_core.verb:set package 'roarm_moveit_cmd' build argument 'cmake_args' from command line to 'None'
[0.129s] Level 5:colcon.colcon_core.verb:set package 'roarm_moveit_cmd' build argument 'cmake_target' from command line to 'None'
[0.129s] Level 5:colcon.colcon_core.verb:set package 'roarm_moveit_cmd' build argument 'cmake_target_skip_unavailable' from command line to 'False'
[0.129s] Level 5:colcon.colcon_core.verb:set package 'roarm_moveit_cmd' build argument 'cmake_clean_cache' from command line to 'False'
[0.129s] Level 5:colcon.colcon_core.verb:set package 'roarm_moveit_cmd' build argument 'cmake_clean_first' from command line to 'False'
[0.129s] Level 5:colcon.colcon_core.verb:set package 'roarm_moveit_cmd' build argument 'cmake_force_configure' from command line to 'False'
[0.129s] Level 5:colcon.colcon_core.verb:set package 'roarm_moveit_cmd' build argument 'ament_cmake_args' from command line to 'None'
[0.129s] Level 5:colcon.colcon_core.verb:set package 'roarm_moveit_cmd' build argument 'catkin_cmake_args' from command line to 'None'
[0.129s] Level 5:colcon.colcon_core.verb:set package 'roarm_moveit_cmd' build argument 'catkin_skip_building_tests' from command line to 'False'
[0.129s] DEBUG:colcon.colcon_core.verb:Building package 'roarm_moveit_cmd' with the following arguments: {'ament_cmake_args': None, 'build_base': '/home/nameless/Desktop/RoARM_Jazzy_ws/src/roarm_ws_em0_jazzy/build/roarm_moveit_cmd', 'catkin_cmake_args': None, 'catkin_skip_building_tests': False, 'cmake_args': None, 'cmake_clean_cache': False, 'cmake_clean_first': False, 'cmake_force_configure': False, 'cmake_target': None, 'cmake_target_skip_unavailable': False, 'install_base': '/home/nameless/Desktop/RoARM_Jazzy_ws/src/roarm_ws_em0_jazzy/install/roarm_moveit_cmd', 'merge_install': False, 'path': '/home/nameless/Desktop/RoARM_Jazzy_ws/src/roarm_ws_em0_jazzy/src/roarm_main/roarm_moveit_cmd', 'symlink_install': True, 'test_result_base': None}
[0.129s] Level 5:colcon.colcon_core.verb:set package 'ros2web_app' build argument 'cmake_args' from command line to 'None'
[0.129s] Level 5:colcon.colcon_core.verb:set package 'ros2web_app' build argument 'cmake_target' from command line to 'None'
[0.129s] Level 5:colcon.colcon_core.verb:set package 'ros2web_app' build argument 'cmake_target_skip_unavailable' from command line to 'False'
[0.129s] Level 5:colcon.colcon_core.verb:set package 'ros2web_app' build argument 'cmake_clean_cache' from command line to 'False'
[0.129s] Level 5:colcon.colcon_core.verb:set package 'ros2web_app' build argument 'cmake_clean_first' from command line to 'False'
[0.129s] Level 5:colcon.colcon_core.verb:set package 'ros2web_app' build argument 'cmake_force_configure' from command line to 'False'
[0.129s] Level 5:colcon.colcon_core.verb:set package 'ros2web_app' build argument 'ament_cmake_args' from command line to 'None'
[0.129s] Level 5:colcon.colcon_core.verb:set package 'ros2web_app' build argument 'catkin_cmake_args' from command line to 'None'
[0.129s] Level 5:colcon.colcon_core.verb:set package 'ros2web_app' build argument 'catkin_skip_building_tests' from command line to 'False'
[0.129s] DEBUG:colcon.colcon_core.verb:Building package 'ros2web_app' with the following arguments: {'ament_cmake_args': None, 'build_base': '/home/nameless/Desktop/RoARM_Jazzy_ws/src/roarm_ws_em0_jazzy/build/ros2web_app', 'catkin_cmake_args': None, 'catkin_skip_building_tests': False, 'cmake_args': None, 'cmake_clean_cache': False, 'cmake_clean_first': False, 'cmake_force_configure': False, 'cmake_target': None, 'cmake_target_skip_unavailable': False, 'install_base': '/home/nameless/Desktop/RoARM_Jazzy_ws/src/roarm_ws_em0_jazzy/install/ros2web_app', 'merge_install': False, 'path': '/home/nameless/Desktop/RoARM_Jazzy_ws/src/roarm_ws_em0_jazzy/src/roarm_else/ros2web_app/ros2web_app', 'symlink_install': True, 'test_result_base': None}
[0.129s] Level 5:colcon.colcon_core.verb:set package 'ros2web_example_py' build argument 'cmake_args' from command line to 'None'
[0.129s] Level 5:colcon.colcon_core.verb:set package 'ros2web_example_py' build argument 'cmake_target' from command line to 'None'
[0.129s] Level 5:colcon.colcon_core.verb:set package 'ros2web_example_py' build argument 'cmake_target_skip_unavailable' from command line to 'False'
[0.129s] Level 5:colcon.colcon_core.verb:set package 'ros2web_example_py' build argument 'cmake_clean_cache' from command line to 'False'
[0.129s] Level 5:colcon.colcon_core.verb:set package 'ros2web_example_py' build argument 'cmake_clean_first' from command line to 'False'
[0.129s] Level 5:colcon.colcon_core.verb:set package 'ros2web_example_py' build argument 'cmake_force_configure' from command line to 'False'
[0.129s] Level 5:colcon.colcon_core.verb:set package 'ros2web_example_py' build argument 'ament_cmake_args' from command line to 'None'
[0.129s] Level 5:colcon.colcon_core.verb:set package 'ros2web_example_py' build argument 'catkin_cmake_args' from command line to 'None'
[0.129s] Level 5:colcon.colcon_core.verb:set package 'ros2web_example_py' build argument 'catkin_skip_building_tests' from command line to 'False'
[0.129s] DEBUG:colcon.colcon_core.verb:Building package 'ros2web_example_py' with the following arguments: {'ament_cmake_args': None, 'build_base': '/home/nameless/Desktop/RoARM_Jazzy_ws/src/roarm_ws_em0_jazzy/build/ros2web_example_py', 'catkin_cmake_args': None, 'catkin_skip_building_tests': False, 'cmake_args': None, 'cmake_clean_cache': False, 'cmake_clean_first': False, 'cmake_force_configure': False, 'cmake_target': None, 'cmake_target_skip_unavailable': False, 'install_base': '/home/nameless/Desktop/RoARM_Jazzy_ws/src/roarm_ws_em0_jazzy/install/ros2web_example_py', 'merge_install': False, 'path': '/home/nameless/Desktop/RoARM_Jazzy_ws/src/roarm_ws_em0_jazzy/src/roarm_else/ros2web-ros2/examples/ros2web_example_py', 'symlink_install': True, 'test_result_base': None}
[0.129s] Level 5:colcon.colcon_core.verb:set package 'roarm_web_app' build argument 'cmake_args' from command line to 'None'
[0.130s] Level 5:colcon.colcon_core.verb:set package 'roarm_web_app' build argument 'cmake_target' from command line to 'None'
[0.130s] Level 5:colcon.colcon_core.verb:set package 'roarm_web_app' build argument 'cmake_target_skip_unavailable' from command line to 'False'
[0.130s] Level 5:colcon.colcon_core.verb:set package 'roarm_web_app' build argument 'cmake_clean_cache' from command line to 'False'
[0.130s] Level 5:colcon.colcon_core.verb:set package 'roarm_web_app' build argument 'cmake_clean_first' from command line to 'False'
[0.130s] Level 5:colcon.colcon_core.verb:set package 'roarm_web_app' build argument 'cmake_force_configure' from command line to 'False'
[0.130s] Level 5:colcon.colcon_core.verb:set package 'roarm_web_app' build argument 'ament_cmake_args' from command line to 'None'
[0.130s] Level 5:colcon.colcon_core.verb:set package 'roarm_web_app' build argument 'catkin_cmake_args' from command line to 'None'
[0.130s] Level 5:colcon.colcon_core.verb:set package 'roarm_web_app' build argument 'catkin_skip_building_tests' from command line to 'False'
[0.130s] DEBUG:colcon.colcon_core.verb:Building package 'roarm_web_app' with the following arguments: {'ament_cmake_args': None, 'build_base': '/home/nameless/Desktop/RoARM_Jazzy_ws/src/roarm_ws_em0_jazzy/build/roarm_web_app', 'catkin_cmake_args': None, 'catkin_skip_building_tests': False, 'cmake_args': None, 'cmake_clean_cache': False, 'cmake_clean_first': False, 'cmake_force_configure': False, 'cmake_target': None, 'cmake_target_skip_unavailable': False, 'install_base': '/home/nameless/Desktop/RoARM_Jazzy_ws/src/roarm_ws_em0_jazzy/install/roarm_web_app', 'merge_install': False, 'path': '/home/nameless/Desktop/RoARM_Jazzy_ws/src/roarm_ws_em0_jazzy/src/roarm_main/roarm_web_app', 'symlink_install': True, 'test_result_base': None}
[0.130s] Level 5:colcon.colcon_core.verb:set package 'ros2web_widgets' build argument 'cmake_args' from command line to 'None'
[0.130s] Level 5:colcon.colcon_core.verb:set package 'ros2web_widgets' build argument 'cmake_target' from command line to 'None'
[0.130s] Level 5:colcon.colcon_core.verb:set package 'ros2web_widgets' build argument 'cmake_target_skip_unavailable' from command line to 'False'
[0.130s] Level 5:colcon.colcon_core.verb:set package 'ros2web_widgets' build argument 'cmake_clean_cache' from command line to 'False'
[0.130s] Level 5:colcon.colcon_core.verb:set package 'ros2web_widgets' build argument 'cmake_clean_first' from command line to 'False'
[0.130s] Level 5:colcon.colcon_core.verb:set package 'ros2web_widgets' build argument 'cmake_force_configure' from command line to 'False'
[0.130s] Level 5:colcon.colcon_core.verb:set package 'ros2web_widgets' build argument 'ament_cmake_args' from command line to 'None'
[0.130s] Level 5:colcon.colcon_core.verb:set package 'ros2web_widgets' build argument 'catkin_cmake_args' from command line to 'None'
[0.130s] Level 5:colcon.colcon_core.verb:set package 'ros2web_widgets' build argument 'catkin_skip_building_tests' from command line to 'False'
[0.130s] DEBUG:colcon.colcon_core.verb:Building package 'ros2web_widgets' with the following arguments: {'ament_cmake_args': None, 'build_base': '/home/nameless/Desktop/RoARM_Jazzy_ws/src/roarm_ws_em0_jazzy/build/ros2web_widgets', 'catkin_cmake_args': None, 'catkin_skip_building_tests': False, 'cmake_args': None, 'cmake_clean_cache': False, 'cmake_clean_first': False, 'cmake_force_configure': False, 'cmake_target': None, 'cmake_target_skip_unavailable': False, 'install_base': '/home/nameless/Desktop/RoARM_Jazzy_ws/src/roarm_ws_em0_jazzy/install/ros2web_widgets', 'merge_install': False, 'path': '/home/nameless/Desktop/RoARM_Jazzy_ws/src/roarm_ws_em0_jazzy/src/roarm_else/ros2web_app/examples/ros2web_widgets', 'symlink_install': True, 'test_result_base': None}
[0.130s] INFO:colcon.colcon_core.executor:Executing jobs using 'parallel' executor
[0.131s] DEBUG:colcon.colcon_parallel_executor.executor.parallel:run_until_complete
[0.131s] INFO:colcon.colcon_ros.task.ament_cmake.build:Building ROS package in '/home/nameless/Desktop/RoARM_Jazzy_ws/src/roarm_ws_em0_jazzy/src/roarm_else/ros2web-ros2/ros2web_interfaces' with build type 'ament_cmake'
[0.131s] INFO:colcon.colcon_cmake.task.cmake.build:Building CMake package in '/home/nameless/Desktop/RoARM_Jazzy_ws/src/roarm_ws_em0_jazzy/src/roarm_else/ros2web-ros2/ros2web_interfaces'
[0.134s] INFO:colcon.colcon_core.plugin_system:Skipping extension 'colcon_core.shell.bat': Not used on non-Windows systems
[0.134s] INFO:colcon.colcon_core.shell:Skip shell extension 'powershell' for command environment: Not usable outside of PowerShell
[0.134s] DEBUG:colcon.colcon_core.shell:Skip shell extension 'dsv' for command environment
[0.138s] INFO:colcon.colcon_ros.task.ament_cmake.build:Building ROS package in '/home/nameless/Desktop/RoARM_Jazzy_ws/src/roarm_ws_em0_jazzy/src/roarm_main/roarm_description' with build type 'ament_cmake'
[0.138s] INFO:colcon.colcon_cmake.task.cmake.build:Building CMake package in '/home/nameless/Desktop/RoARM_Jazzy_ws/src/roarm_ws_em0_jazzy/src/roarm_main/roarm_description'
[0.139s] INFO:colcon.colcon_core.shell:Skip shell extension 'powershell' for command environment: Not usable outside of PowerShell
[0.139s] DEBUG:colcon.colcon_core.shell:Skip shell extension 'dsv' for command environment
[0.142s] INFO:colcon.colcon_ros.task.ament_python.build:Building ROS package in '/home/nameless/Desktop/RoARM_Jazzy_ws/src/roarm_ws_em0_jazzy/src/roarm_else/launch_api' with build type 'ament_python'
[0.142s] Level 1:colcon.colcon_core.shell:create_environment_hook('launch_api', 'ament_prefix_path')
[0.142s] INFO:colcon.colcon_core.shell:Creating environment hook '/home/nameless/Desktop/RoARM_Jazzy_ws/src/roarm_ws_em0_jazzy/install/launch_api/share/launch_api/hook/ament_prefix_path.ps1'
[0.143s] INFO:colcon.colcon_core.shell:Creating environment descriptor '/home/nameless/Desktop/RoARM_Jazzy_ws/src/roarm_ws_em0_jazzy/install/launch_api/share/launch_api/hook/ament_prefix_path.dsv'
[0.143s] INFO:colcon.colcon_core.shell:Creating environment hook '/home/nameless/Desktop/RoARM_Jazzy_ws/src/roarm_ws_em0_jazzy/install/launch_api/share/launch_api/hook/ament_prefix_path.sh'
[0.143s] INFO:colcon.colcon_core.shell:Skip shell extension 'powershell' for command environment: Not usable outside of PowerShell
[0.143s] DEBUG:colcon.colcon_core.shell:Skip shell extension 'dsv' for command environment
[0.145s] INFO:colcon.colcon_ros.task.ament_python.build:Building ROS package in '/home/nameless/Desktop/RoARM_Jazzy_ws/src/roarm_ws_em0_jazzy/src/roarm_main/roarm_driver' with build type 'ament_python'
[0.145s] Level 1:colcon.colcon_core.shell:create_environment_hook('roarm_driver', 'ament_prefix_path')
[0.145s] INFO:colcon.colcon_core.shell:Creating environment hook '/home/nameless/Desktop/RoARM_Jazzy_ws/src/roarm_ws_em0_jazzy/install/roarm_driver/share/roarm_driver/hook/ament_prefix_path.ps1'
[0.145s] INFO:colcon.colcon_core.shell:Creating environment descriptor '/home/nameless/Desktop/RoARM_Jazzy_ws/src/roarm_ws_em0_jazzy/install/roarm_driver/share/roarm_driver/hook/ament_prefix_path.dsv'
[0.145s] INFO:colcon.colcon_core.shell:Creating environment hook '/home/nameless/Desktop/RoARM_Jazzy_ws/src/roarm_ws_em0_jazzy/install/roarm_driver/share/roarm_driver/hook/ament_prefix_path.sh'
[0.145s] INFO:colcon.colcon_core.shell:Skip shell extension 'powershell' for command environment: Not usable outside of PowerShell
[0.145s] DEBUG:colcon.colcon_core.shell:Skip shell extension 'dsv' for command environment
[0.147s] INFO:colcon.colcon_ros.task.ament_cmake.build:Building ROS package in '/home/nameless/Desktop/RoARM_Jazzy_ws/src/roarm_ws_em0_jazzy/src/roarm_main/roarm_moveit_ikfast_plugins' with build type 'ament_cmake'
[0.147s] INFO:colcon.colcon_cmake.task.cmake.build:Building CMake package in '/home/nameless/Desktop/RoARM_Jazzy_ws/src/roarm_ws_em0_jazzy/src/roarm_main/roarm_moveit_ikfast_plugins'
[0.147s] INFO:colcon.colcon_core.shell:Skip shell extension 'powershell' for command environment: Not usable outside of PowerShell
[0.147s] DEBUG:colcon.colcon_core.shell:Skip shell extension 'dsv' for command environment
[0.150s] DEBUG:colcon.colcon_core.event_handler.log_command:Invoking command in '/home/nameless/Desktop/RoARM_Jazzy_ws/src/roarm_ws_em0_jazzy/build/ros2web_interfaces': CMAKE_PREFIX_PATH=${CMAKE_PREFIX_PATH}:/opt/ros/jazzy DEBUGINFOD_URLS=https://debuginfod.ubuntu.com /usr/bin/cmake --build /home/nameless/Desktop/RoARM_Jazzy_ws/src/roarm_ws_em0_jazzy/build/ros2web_interfaces -- -j24 -l24
[0.151s] DEBUG:colcon.colcon_core.event_handler.log_command:Invoking command in '/home/nameless/Desktop/RoARM_Jazzy_ws/src/roarm_ws_em0_jazzy/build/roarm_description': CMAKE_PREFIX_PATH=${CMAKE_PREFIX_PATH}:/opt/ros/jazzy DEBUGINFOD_URLS=https://debuginfod.ubuntu.com /usr/bin/cmake --build /home/nameless/Desktop/RoARM_Jazzy_ws/src/roarm_ws_em0_jazzy/build/roarm_description -- -j24 -l24
[0.256s] INFO:colcon.colcon_core.task.python.build:Building Python package in '/home/nameless/Desktop/RoARM_Jazzy_ws/src/roarm_ws_em0_jazzy/src/roarm_else/launch_api'
[0.256s] INFO:colcon.colcon_core.shell:Skip shell extension 'powershell' for command environment: Not usable outside of PowerShell
[0.256s] DEBUG:colcon.colcon_core.shell:Skip shell extension 'dsv' for command environment
[0.369s] INFO:colcon.colcon_core.task.python.build:Building Python package in '/home/nameless/Desktop/RoARM_Jazzy_ws/src/roarm_ws_em0_jazzy/src/roarm_main/roarm_driver'
[0.369s] INFO:colcon.colcon_core.shell:Skip shell extension 'powershell' for command environment: Not usable outside of PowerShell
[0.369s] DEBUG:colcon.colcon_core.shell:Skip shell extension 'dsv' for command environment
[0.381s] DEBUG:colcon.colcon_core.event_handler.log_command:Invoked command in '/home/nameless/Desktop/RoARM_Jazzy_ws/src/roarm_ws_em0_jazzy/build/roarm_description' returned '0': CMAKE_PREFIX_PATH=${CMAKE_PREFIX_PATH}:/opt/ros/jazzy DEBUGINFOD_URLS=https://debuginfod.ubuntu.com /usr/bin/cmake --build /home/nameless/Desktop/RoARM_Jazzy_ws/src/roarm_ws_em0_jazzy/build/roarm_description -- -j24 -l24
[0.389s] DEBUG:colcon.colcon_core.event_handler.log_command:Invoking command in '/home/nameless/Desktop/RoARM_Jazzy_ws/src/roarm_ws_em0_jazzy/build/roarm_description': CMAKE_PREFIX_PATH=${CMAKE_PREFIX_PATH}:/opt/ros/jazzy DEBUGINFOD_URLS=https://debuginfod.ubuntu.com /usr/bin/cmake --install /home/nameless/Desktop/RoARM_Jazzy_ws/src/roarm_ws_em0_jazzy/build/roarm_description
[0.393s] DEBUG:colcon.colcon_core.event_handler.log_command:Invoking command in '/home/nameless/Desktop/RoARM_Jazzy_ws/src/roarm_ws_em0_jazzy/build/roarm_moveit_ikfast_plugins': CMAKE_PREFIX_PATH=${CMAKE_PREFIX_PATH}:/opt/ros/jazzy DEBUGINFOD_URLS=https://debuginfod.ubuntu.com /usr/bin/cmake --build /home/nameless/Desktop/RoARM_Jazzy_ws/src/roarm_ws_em0_jazzy/build/roarm_moveit_ikfast_plugins -- -j24 -l24
[0.396s] DEBUG:colcon.colcon_core.event_handler.log_command:Invoked command in '/home/nameless/Desktop/RoARM_Jazzy_ws/src/roarm_ws_em0_jazzy/build/ros2web_interfaces' returned '0': CMAKE_PREFIX_PATH=${CMAKE_PREFIX_PATH}:/opt/ros/jazzy DEBUGINFOD_URLS=https://debuginfod.ubuntu.com /usr/bin/cmake --build /home/nameless/Desktop/RoARM_Jazzy_ws/src/roarm_ws_em0_jazzy/build/ros2web_interfaces -- -j24 -l24
[0.401s] DEBUG:colcon.colcon_core.event_handler.log_command:Invoking command in '/home/nameless/Desktop/RoARM_Jazzy_ws/src/roarm_ws_em0_jazzy/build/ros2web_interfaces': CMAKE_PREFIX_PATH=${CMAKE_PREFIX_PATH}:/opt/ros/jazzy DEBUGINFOD_URLS=https://debuginfod.ubuntu.com /usr/bin/cmake --install /home/nameless/Desktop/RoARM_Jazzy_ws/src/roarm_ws_em0_jazzy/build/ros2web_interfaces
[0.402s] Level 1:colcon.colcon_core.environment:create_environment_scripts_only(roarm_description)
[0.402s] DEBUG:colcon.colcon_core.event_handler.log_command:Invoked command in '/home/nameless/Desktop/RoARM_Jazzy_ws/src/roarm_ws_em0_jazzy/build/roarm_description' returned '0': CMAKE_PREFIX_PATH=${CMAKE_PREFIX_PATH}:/opt/ros/jazzy DEBUGINFOD_URLS=https://debuginfod.ubuntu.com /usr/bin/cmake --install /home/nameless/Desktop/RoARM_Jazzy_ws/src/roarm_ws_em0_jazzy/build/roarm_description
[0.407s] Level 1:colcon.colcon_core.environment:checking '/home/nameless/Desktop/RoARM_Jazzy_ws/src/roarm_ws_em0_jazzy/install/roarm_description' for CMake module files
[0.408s] Level 1:colcon.colcon_core.environment:checking '/home/nameless/Desktop/RoARM_Jazzy_ws/src/roarm_ws_em0_jazzy/install/roarm_description' for CMake config files
[0.409s] Level 1:colcon.colcon_core.shell:create_environment_hook('roarm_description', 'cmake_prefix_path')
[0.409s] INFO:colcon.colcon_core.shell:Creating environment hook '/home/nameless/Desktop/RoARM_Jazzy_ws/src/roarm_ws_em0_jazzy/install/roarm_description/share/roarm_description/hook/cmake_prefix_path.ps1'
[0.409s] INFO:colcon.colcon_core.shell:Creating environment descriptor '/home/nameless/Desktop/RoARM_Jazzy_ws/src/roarm_ws_em0_jazzy/install/roarm_description/share/roarm_description/hook/cmake_prefix_path.dsv'
[0.410s] INFO:colcon.colcon_core.shell:Creating environment hook '/home/nameless/Desktop/RoARM_Jazzy_ws/src/roarm_ws_em0_jazzy/install/roarm_description/share/roarm_description/hook/cmake_prefix_path.sh'
[0.411s] Level 1:colcon.colcon_core.environment:checking '/home/nameless/Desktop/RoARM_Jazzy_ws/src/roarm_ws_em0_jazzy/install/roarm_description/bin'
[0.411s] Level 1:colcon.colcon_core.environment:checking '/home/nameless/Desktop/RoARM_Jazzy_ws/src/roarm_ws_em0_jazzy/install/roarm_description/lib/pkgconfig/roarm_description.pc'
[0.411s] Level 1:colcon.colcon_core.environment:checking '/home/nameless/Desktop/RoARM_Jazzy_ws/src/roarm_ws_em0_jazzy/install/roarm_description/lib/python3.12/site-packages'
[0.411s] Level 1:colcon.colcon_core.environment:checking '/home/nameless/Desktop/RoARM_Jazzy_ws/src/roarm_ws_em0_jazzy/install/roarm_description/bin'
[0.412s] INFO:colcon.colcon_core.shell:Creating package script '/home/nameless/Desktop/RoARM_Jazzy_ws/src/roarm_ws_em0_jazzy/install/roarm_description/share/roarm_description/package.ps1'
[0.415s] INFO:colcon.colcon_core.shell:Creating package descriptor '/home/nameless/Desktop/RoARM_Jazzy_ws/src/roarm_ws_em0_jazzy/install/roarm_description/share/roarm_description/package.dsv'
[0.417s] INFO:colcon.colcon_core.shell:Creating package script '/home/nameless/Desktop/RoARM_Jazzy_ws/src/roarm_ws_em0_jazzy/install/roarm_description/share/roarm_description/package.sh'
[0.418s] INFO:colcon.colcon_core.shell:Creating package script '/home/nameless/Desktop/RoARM_Jazzy_ws/src/roarm_ws_em0_jazzy/install/roarm_description/share/roarm_description/package.bash'
[0.418s] INFO:colcon.colcon_core.shell:Creating package script '/home/nameless/Desktop/RoARM_Jazzy_ws/src/roarm_ws_em0_jazzy/install/roarm_description/share/roarm_description/package.zsh'
[0.419s] Level 1:colcon.colcon_core.environment:create_file_with_runtime_dependencies(/home/nameless/Desktop/RoARM_Jazzy_ws/src/roarm_ws_em0_jazzy/install/roarm_description/share/colcon-core/packages/roarm_description)
[0.419s] Level 1:colcon.colcon_core.environment:create_environment_scripts_only(roarm_description)
[0.419s] Level 1:colcon.colcon_core.environment:checking '/home/nameless/Desktop/RoARM_Jazzy_ws/src/roarm_ws_em0_jazzy/install/roarm_description' for CMake module files
[0.420s] Level 1:colcon.colcon_core.environment:checking '/home/nameless/Desktop/RoARM_Jazzy_ws/src/roarm_ws_em0_jazzy/install/roarm_description' for CMake config files
[0.420s] Level 1:colcon.colcon_core.shell:create_environment_hook('roarm_description', 'cmake_prefix_path')
[0.420s] INFO:colcon.colcon_core.shell:Creating environment hook '/home/nameless/Desktop/RoARM_Jazzy_ws/src/roarm_ws_em0_jazzy/install/roarm_description/share/roarm_description/hook/cmake_prefix_path.ps1'
[0.421s] INFO:colcon.colcon_core.shell:Creating environment descriptor '/home/nameless/Desktop/RoARM_Jazzy_ws/src/roarm_ws_em0_jazzy/install/roarm_description/share/roarm_description/hook/cmake_prefix_path.dsv'
[0.421s] INFO:colcon.colcon_core.shell:Creating environment hook '/home/nameless/Desktop/RoARM_Jazzy_ws/src/roarm_ws_em0_jazzy/install/roarm_description/share/roarm_description/hook/cmake_prefix_path.sh'
[0.422s] Level 1:colcon.colcon_core.environment:checking '/home/nameless/Desktop/RoARM_Jazzy_ws/src/roarm_ws_em0_jazzy/install/roarm_description/bin'
[0.422s] Level 1:colcon.colcon_core.environment:checking '/home/nameless/Desktop/RoARM_Jazzy_ws/src/roarm_ws_em0_jazzy/install/roarm_description/lib/pkgconfig/roarm_description.pc'
[0.422s] Level 1:colcon.colcon_core.environment:checking '/home/nameless/Desktop/RoARM_Jazzy_ws/src/roarm_ws_em0_jazzy/install/roarm_description/lib/python3.12/site-packages'
[0.423s] Level 1:colcon.colcon_core.environment:checking '/home/nameless/Desktop/RoARM_Jazzy_ws/src/roarm_ws_em0_jazzy/install/roarm_description/bin'
[0.423s] INFO:colcon.colcon_core.shell:Creating package script '/home/nameless/Desktop/RoARM_Jazzy_ws/src/roarm_ws_em0_jazzy/install/roarm_description/share/roarm_description/package.ps1'
[0.423s] INFO:colcon.colcon_core.shell:Creating package descriptor '/home/nameless/Desktop/RoARM_Jazzy_ws/src/roarm_ws_em0_jazzy/install/roarm_description/share/roarm_description/package.dsv'
[0.423s] INFO:colcon.colcon_core.shell:Creating package script '/home/nameless/Desktop/RoARM_Jazzy_ws/src/roarm_ws_em0_jazzy/install/roarm_description/share/roarm_description/package.sh'
[0.423s] INFO:colcon.colcon_core.shell:Creating package script '/home/nameless/Desktop/RoARM_Jazzy_ws/src/roarm_ws_em0_jazzy/install/roarm_description/share/roarm_description/package.bash'
[0.423s] INFO:colcon.colcon_core.shell:Creating package script '/home/nameless/Desktop/RoARM_Jazzy_ws/src/roarm_ws_em0_jazzy/install/roarm_description/share/roarm_description/package.zsh'
[0.423s] Level 1:colcon.colcon_core.environment:create_file_with_runtime_dependencies(/home/nameless/Desktop/RoARM_Jazzy_ws/src/roarm_ws_em0_jazzy/install/roarm_description/share/colcon-core/packages/roarm_description)
[0.424s] INFO:colcon.colcon_ros.task.ament_cmake.build:Building ROS package in '/home/nameless/Desktop/RoARM_Jazzy_ws/src/roarm_ws_em0_jazzy/src/roarm_main/roarm_moveit' with build type 'ament_cmake'
[0.424s] INFO:colcon.colcon_cmake.task.cmake.build:Building CMake package in '/home/nameless/Desktop/RoARM_Jazzy_ws/src/roarm_ws_em0_jazzy/src/roarm_main/roarm_moveit'
[0.424s] INFO:colcon.colcon_core.shell:Skip shell extension 'powershell' for command environment: Not usable outside of PowerShell
[0.424s] DEBUG:colcon.colcon_core.shell:Skip shell extension 'dsv' for command environment
[0.429s] DEBUG:colcon.colcon_core.event_handler.log_command:Invoking command in '/home/nameless/Desktop/RoARM_Jazzy_ws/src/roarm_ws_em0_jazzy/build/roarm_moveit': AMENT_PREFIX_PATH=/home/nameless/Desktop/RoARM_Jazzy_ws/src/roarm_ws_em0_jazzy/install/roarm_description:${AMENT_PREFIX_PATH} CMAKE_PREFIX_PATH=/home/nameless/Desktop/RoARM_Jazzy_ws/src/roarm_ws_em0_jazzy/install/roarm_description:/opt/ros/jazzy/opt/gz_sim_vendor:/opt/ros/jazzy/opt/gz_sensors_vendor:/opt/ros/jazzy/opt/gz_physics_vendor:/opt/ros/jazzy/opt/sdformat_vendor:/opt/ros/jazzy/opt/gz_gui_vendor:/opt/ros/jazzy/opt/gz_transport_vendor:/opt/ros/jazzy/opt/gz_rendering_vendor:/opt/ros/jazzy/opt/gz_plugin_vendor:/opt/ros/jazzy/opt/gz_fuel_tools_vendor:/opt/ros/jazzy/opt/gz_msgs_vendor:/opt/ros/jazzy/opt/gz_common_vendor:/opt/ros/jazzy/opt/gz_math_vendor:/opt/ros/jazzy/opt/gz_utils_vendor:/opt/ros/jazzy/opt/gz_tools_vendor:/opt/ros/jazzy/opt/gz_ogre_next_vendor:/opt/ros/jazzy/opt/gz_dartsim_vendor:/opt/ros/jazzy/opt/gz_cmake_vendor:/opt/ros/jazzy DEBUGINFOD_URLS=https://debuginfod.ubuntu.com /usr/bin/cmake --build /home/nameless/Desktop/RoARM_Jazzy_ws/src/roarm_ws_em0_jazzy/build/roarm_moveit -- -j24 -l24
[0.440s] DEBUG:colcon.colcon_core.event_handler.log_command:Invoked command in '/home/nameless/Desktop/RoARM_Jazzy_ws/src/roarm_ws_em0_jazzy/build/roarm_moveit_ikfast_plugins' returned '0': CMAKE_PREFIX_PATH=${CMAKE_PREFIX_PATH}:/opt/ros/jazzy DEBUGINFOD_URLS=https://debuginfod.ubuntu.com /usr/bin/cmake --build /home/nameless/Desktop/RoARM_Jazzy_ws/src/roarm_ws_em0_jazzy/build/roarm_moveit_ikfast_plugins -- -j24 -l24
[0.440s] DEBUG:colcon.colcon_core.event_handler.log_command:Invoking command in '/home/nameless/Desktop/RoARM_Jazzy_ws/src/roarm_ws_em0_jazzy/build/roarm_moveit_ikfast_plugins': CMAKE_PREFIX_PATH=${CMAKE_PREFIX_PATH}:/opt/ros/jazzy DEBUGINFOD_URLS=https://debuginfod.ubuntu.com /usr/bin/cmake --install /home/nameless/Desktop/RoARM_Jazzy_ws/src/roarm_ws_em0_jazzy/build/roarm_moveit_ikfast_plugins
[0.448s] Level 1:colcon.colcon_core.environment:create_environment_scripts_only(ros2web_interfaces)
[0.448s] Level 1:colcon.colcon_core.environment:checking '/home/nameless/Desktop/RoARM_Jazzy_ws/src/roarm_ws_em0_jazzy/install/ros2web_interfaces' for CMake module files
[0.448s] DEBUG:colcon.colcon_core.event_handler.log_command:Invoked command in '/home/nameless/Desktop/RoARM_Jazzy_ws/src/roarm_ws_em0_jazzy/build/ros2web_interfaces' returned '0': CMAKE_PREFIX_PATH=${CMAKE_PREFIX_PATH}:/opt/ros/jazzy DEBUGINFOD_URLS=https://debuginfod.ubuntu.com /usr/bin/cmake --install /home/nameless/Desktop/RoARM_Jazzy_ws/src/roarm_ws_em0_jazzy/build/ros2web_interfaces
[0.449s] Level 1:colcon.colcon_core.environment:checking '/home/nameless/Desktop/RoARM_Jazzy_ws/src/roarm_ws_em0_jazzy/install/ros2web_interfaces' for CMake config files
[0.449s] Level 1:colcon.colcon_core.shell:create_environment_hook('ros2web_interfaces', 'cmake_prefix_path')
[0.449s] INFO:colcon.colcon_core.shell:Creating environment hook '/home/nameless/Desktop/RoARM_Jazzy_ws/src/roarm_ws_em0_jazzy/install/ros2web_interfaces/share/ros2web_interfaces/hook/cmake_prefix_path.ps1'
[0.449s] INFO:colcon.colcon_core.shell:Creating environment descriptor '/home/nameless/Desktop/RoARM_Jazzy_ws/src/roarm_ws_em0_jazzy/install/ros2web_interfaces/share/ros2web_interfaces/hook/cmake_prefix_path.dsv'
[0.449s] INFO:colcon.colcon_core.shell:Creating environment hook '/home/nameless/Desktop/RoARM_Jazzy_ws/src/roarm_ws_em0_jazzy/install/ros2web_interfaces/share/ros2web_interfaces/hook/cmake_prefix_path.sh'
[0.449s] Level 1:colcon.colcon_core.environment:checking '/home/nameless/Desktop/RoARM_Jazzy_ws/src/roarm_ws_em0_jazzy/install/ros2web_interfaces/lib'
[0.450s] Level 1:colcon.colcon_core.shell:create_environment_hook('ros2web_interfaces', 'ld_library_path_lib')
[0.450s] INFO:colcon.colcon_core.shell:Creating environment hook '/home/nameless/Desktop/RoARM_Jazzy_ws/src/roarm_ws_em0_jazzy/install/ros2web_interfaces/share/ros2web_interfaces/hook/ld_library_path_lib.ps1'
[0.450s] INFO:colcon.colcon_core.shell:Creating environment descriptor '/home/nameless/Desktop/RoARM_Jazzy_ws/src/roarm_ws_em0_jazzy/install/ros2web_interfaces/share/ros2web_interfaces/hook/ld_library_path_lib.dsv'
[0.450s] INFO:colcon.colcon_core.shell:Creating environment hook '/home/nameless/Desktop/RoARM_Jazzy_ws/src/roarm_ws_em0_jazzy/install/ros2web_interfaces/share/ros2web_interfaces/hook/ld_library_path_lib.sh'
[0.450s] Level 1:colcon.colcon_core.environment:checking '/home/nameless/Desktop/RoARM_Jazzy_ws/src/roarm_ws_em0_jazzy/install/ros2web_interfaces/bin'
[0.450s] Level 1:colcon.colcon_core.environment:checking '/home/nameless/Desktop/RoARM_Jazzy_ws/src/roarm_ws_em0_jazzy/install/ros2web_interfaces/lib/pkgconfig/ros2web_interfaces.pc'
[0.450s] Level 1:colcon.colcon_core.environment:checking '/home/nameless/Desktop/RoARM_Jazzy_ws/src/roarm_ws_em0_jazzy/install/ros2web_interfaces/lib/python3.12/site-packages'
[0.450s] Level 1:colcon.colcon_core.shell:create_environment_hook('ros2web_interfaces', 'pythonpath')
[0.450s] INFO:colcon.colcon_core.shell:Creating environment hook '/home/nameless/Desktop/RoARM_Jazzy_ws/src/roarm_ws_em0_jazzy/install/ros2web_interfaces/share/ros2web_interfaces/hook/pythonpath.ps1'
[0.450s] INFO:colcon.colcon_core.shell:Creating environment descriptor '/home/nameless/Desktop/RoARM_Jazzy_ws/src/roarm_ws_em0_jazzy/install/ros2web_interfaces/share/ros2web_interfaces/hook/pythonpath.dsv'
[0.451s] INFO:colcon.colcon_core.shell:Creating environment hook '/home/nameless/Desktop/RoARM_Jazzy_ws/src/roarm_ws_em0_jazzy/install/ros2web_interfaces/share/ros2web_interfaces/hook/pythonpath.sh'
[0.451s] Level 1:colcon.colcon_core.environment:checking '/home/nameless/Desktop/RoARM_Jazzy_ws/src/roarm_ws_em0_jazzy/install/ros2web_interfaces/bin'
[0.451s] INFO:colcon.colcon_core.shell:Creating package script '/home/nameless/Desktop/RoARM_Jazzy_ws/src/roarm_ws_em0_jazzy/install/ros2web_interfaces/share/ros2web_interfaces/package.ps1'
[0.451s] INFO:colcon.colcon_core.shell:Creating package descriptor '/home/nameless/Desktop/RoARM_Jazzy_ws/src/roarm_ws_em0_jazzy/install/ros2web_interfaces/share/ros2web_interfaces/package.dsv'
[0.451s] INFO:colcon.colcon_core.shell:Creating package script '/home/nameless/Desktop/RoARM_Jazzy_ws/src/roarm_ws_em0_jazzy/install/ros2web_interfaces/share/ros2web_interfaces/package.sh'
[0.452s] INFO:colcon.colcon_core.shell:Creating package script '/home/nameless/Desktop/RoARM_Jazzy_ws/src/roarm_ws_em0_jazzy/install/ros2web_interfaces/share/ros2web_interfaces/package.bash'
[0.452s] INFO:colcon.colcon_core.shell:Creating package script '/home/nameless/Desktop/RoARM_Jazzy_ws/src/roarm_ws_em0_jazzy/install/ros2web_interfaces/share/ros2web_interfaces/package.zsh'
[0.452s] Level 1:colcon.colcon_core.environment:create_file_with_runtime_dependencies(/home/nameless/Desktop/RoARM_Jazzy_ws/src/roarm_ws_em0_jazzy/install/ros2web_interfaces/share/colcon-core/packages/ros2web_interfaces)
[0.452s] Level 1:colcon.colcon_core.environment:create_environment_scripts_only(ros2web_interfaces)
[0.452s] Level 1:colcon.colcon_core.environment:checking '/home/nameless/Desktop/RoARM_Jazzy_ws/src/roarm_ws_em0_jazzy/install/ros2web_interfaces' for CMake module files
[0.452s] Level 1:colcon.colcon_core.environment:checking '/home/nameless/Desktop/RoARM_Jazzy_ws/src/roarm_ws_em0_jazzy/install/ros2web_interfaces' for CMake config files
[0.452s] Level 1:colcon.colcon_core.shell:create_environment_hook('ros2web_interfaces', 'cmake_prefix_path')
[0.452s] INFO:colcon.colcon_core.shell:Creating environment hook '/home/nameless/Desktop/RoARM_Jazzy_ws/src/roarm_ws_em0_jazzy/install/ros2web_interfaces/share/ros2web_interfaces/hook/cmake_prefix_path.ps1'
[0.453s] INFO:colcon.colcon_core.shell:Creating environment descriptor '/home/nameless/Desktop/RoARM_Jazzy_ws/src/roarm_ws_em0_jazzy/install/ros2web_interfaces/share/ros2web_interfaces/hook/cmake_prefix_path.dsv'
[0.453s] INFO:colcon.colcon_core.shell:Creating environment hook '/home/nameless/Desktop/RoARM_Jazzy_ws/src/roarm_ws_em0_jazzy/install/ros2web_interfaces/share/ros2web_interfaces/hook/cmake_prefix_path.sh'
[0.453s] Level 1:colcon.colcon_core.environment:checking '/home/nameless/Desktop/RoARM_Jazzy_ws/src/roarm_ws_em0_jazzy/install/ros2web_interfaces/lib'
[0.453s] Level 1:colcon.colcon_core.shell:create_environment_hook('ros2web_interfaces', 'ld_library_path_lib')
[0.453s] INFO:colcon.colcon_core.shell:Creating environment hook '/home/nameless/Desktop/RoARM_Jazzy_ws/src/roarm_ws_em0_jazzy/install/ros2web_interfaces/share/ros2web_interfaces/hook/ld_library_path_lib.ps1'
[0.453s] INFO:colcon.colcon_core.shell:Creating environment descriptor '/home/nameless/Desktop/RoARM_Jazzy_ws/src/roarm_ws_em0_jazzy/install/ros2web_interfaces/share/ros2web_interfaces/hook/ld_library_path_lib.dsv'
[0.453s] INFO:colcon.colcon_core.shell:Creating environment hook '/home/nameless/Desktop/RoARM_Jazzy_ws/src/roarm_ws_em0_jazzy/install/ros2web_interfaces/share/ros2web_interfaces/hook/ld_library_path_lib.sh'
[0.453s] Level 1:colcon.colcon_core.environment:checking '/home/nameless/Desktop/RoARM_Jazzy_ws/src/roarm_ws_em0_jazzy/install/ros2web_interfaces/bin'
[0.453s] Level 1:colcon.colcon_core.environment:checking '/home/nameless/Desktop/RoARM_Jazzy_ws/src/roarm_ws_em0_jazzy/install/ros2web_interfaces/lib/pkgconfig/ros2web_interfaces.pc'
[0.454s] Level 1:colcon.colcon_core.environment:checking '/home/nameless/Desktop/RoARM_Jazzy_ws/src/roarm_ws_em0_jazzy/install/ros2web_interfaces/lib/python3.12/site-packages'
[0.454s] Level 1:colcon.colcon_core.shell:create_environment_hook('ros2web_interfaces', 'pythonpath')
[0.454s] INFO:colcon.colcon_core.shell:Creating environment hook '/home/nameless/Desktop/RoARM_Jazzy_ws/src/roarm_ws_em0_jazzy/install/ros2web_interfaces/share/ros2web_interfaces/hook/pythonpath.ps1'
[0.454s] INFO:colcon.colcon_core.shell:Creating environment descriptor '/home/nameless/Desktop/RoARM_Jazzy_ws/src/roarm_ws_em0_jazzy/install/ros2web_interfaces/share/ros2web_interfaces/hook/pythonpath.dsv'
[0.454s] INFO:colcon.colcon_core.shell:Creating environment hook '/home/nameless/Desktop/RoARM_Jazzy_ws/src/roarm_ws_em0_jazzy/install/ros2web_interfaces/share/ros2web_interfaces/hook/pythonpath.sh'
[0.454s] Level 1:colcon.colcon_core.environment:checking '/home/nameless/Desktop/RoARM_Jazzy_ws/src/roarm_ws_em0_jazzy/install/ros2web_interfaces/bin'
[0.454s] INFO:colcon.colcon_core.shell:Creating package script '/home/nameless/Desktop/RoARM_Jazzy_ws/src/roarm_ws_em0_jazzy/install/ros2web_interfaces/share/ros2web_interfaces/package.ps1'
[0.454s] INFO:colcon.colcon_core.shell:Creating package descriptor '/home/nameless/Desktop/RoARM_Jazzy_ws/src/roarm_ws_em0_jazzy/install/ros2web_interfaces/share/ros2web_interfaces/package.dsv'
[0.455s] INFO:colcon.colcon_core.shell:Creating package script '/home/nameless/Desktop/RoARM_Jazzy_ws/src/roarm_ws_em0_jazzy/install/ros2web_interfaces/share/ros2web_interfaces/package.sh'
[0.455s] INFO:colcon.colcon_core.shell:Creating package script '/home/nameless/Desktop/RoARM_Jazzy_ws/src/roarm_ws_em0_jazzy/install/ros2web_interfaces/share/ros2web_interfaces/package.bash'
[0.455s] INFO:colcon.colcon_core.shell:Creating package script '/home/nameless/Desktop/RoARM_Jazzy_ws/src/roarm_ws_em0_jazzy/install/ros2web_interfaces/share/ros2web_interfaces/package.zsh'
[0.455s] Level 1:colcon.colcon_core.environment:create_file_with_runtime_dependencies(/home/nameless/Desktop/RoARM_Jazzy_ws/src/roarm_ws_em0_jazzy/install/ros2web_interfaces/share/colcon-core/packages/ros2web_interfaces)
[0.455s] INFO:colcon.colcon_ros.task.ament_python.build:Building ROS package in '/home/nameless/Desktop/RoARM_Jazzy_ws/src/roarm_ws_em0_jazzy/src/roarm_else/ros2web-ros2/ros2web' with build type 'ament_python'
[0.455s] Level 1:colcon.colcon_core.shell:create_environment_hook('ros2web', 'ament_prefix_path')
[0.455s] INFO:colcon.colcon_core.shell:Creating environment hook '/home/nameless/Desktop/RoARM_Jazzy_ws/src/roarm_ws_em0_jazzy/install/ros2web/share/ros2web/hook/ament_prefix_path.ps1'
[0.456s] INFO:colcon.colcon_core.shell:Creating environment descriptor '/home/nameless/Desktop/RoARM_Jazzy_ws/src/roarm_ws_em0_jazzy/install/ros2web/share/ros2web/hook/ament_prefix_path.dsv'
[0.456s] INFO:colcon.colcon_core.shell:Creating environment hook '/home/nameless/Desktop/RoARM_Jazzy_ws/src/roarm_ws_em0_jazzy/install/ros2web/share/ros2web/hook/ament_prefix_path.sh'
[0.456s] INFO:colcon.colcon_core.shell:Skip shell extension 'powershell' for command environment: Not usable outside of PowerShell
[0.456s] DEBUG:colcon.colcon_core.shell:Skip shell extension 'dsv' for command environment
[0.573s] INFO:colcon.colcon_core.task.python.build:Building Python package in '/home/nameless/Desktop/RoARM_Jazzy_ws/src/roarm_ws_em0_jazzy/src/roarm_else/ros2web-ros2/ros2web'
[0.573s] INFO:colcon.colcon_core.shell:Skip shell extension 'powershell' for command environment: Not usable outside of PowerShell
[0.573s] DEBUG:colcon.colcon_core.shell:Skip shell extension 'dsv' for command environment
[0.576s] Level 1:colcon.colcon_core.environment:create_environment_scripts_only(roarm_moveit_ikfast_plugins)
[0.577s] Level 1:colcon.colcon_core.environment:checking '/home/nameless/Desktop/RoARM_Jazzy_ws/src/roarm_ws_em0_jazzy/install/roarm_moveit_ikfast_plugins' for CMake module files
[0.577s] DEBUG:colcon.colcon_core.event_handler.log_command:Invoked command in '/home/nameless/Desktop/RoARM_Jazzy_ws/src/roarm_ws_em0_jazzy/build/roarm_moveit_ikfast_plugins' returned '0': CMAKE_PREFIX_PATH=${CMAKE_PREFIX_PATH}:/opt/ros/jazzy DEBUGINFOD_URLS=https://debuginfod.ubuntu.com /usr/bin/cmake --install /home/nameless/Desktop/RoARM_Jazzy_ws/src/roarm_ws_em0_jazzy/build/roarm_moveit_ikfast_plugins
[0.578s] Level 1:colcon.colcon_core.environment:checking '/home/nameless/Desktop/RoARM_Jazzy_ws/src/roarm_ws_em0_jazzy/install/roarm_moveit_ikfast_plugins' for CMake config files
[0.578s] Level 1:colcon.colcon_core.shell:create_environment_hook('roarm_moveit_ikfast_plugins', 'cmake_prefix_path')
[0.578s] INFO:colcon.colcon_core.shell:Creating environment hook '/home/nameless/Desktop/RoARM_Jazzy_ws/src/roarm_ws_em0_jazzy/install/roarm_moveit_ikfast_plugins/share/roarm_moveit_ikfast_plugins/hook/cmake_prefix_path.ps1'
[0.578s] INFO:colcon.colcon_core.shell:Creating environment descriptor '/home/nameless/Desktop/RoARM_Jazzy_ws/src/roarm_ws_em0_jazzy/install/roarm_moveit_ikfast_plugins/share/roarm_moveit_ikfast_plugins/hook/cmake_prefix_path.dsv'
[0.579s] INFO:colcon.colcon_core.shell:Creating environment hook '/home/nameless/Desktop/RoARM_Jazzy_ws/src/roarm_ws_em0_jazzy/install/roarm_moveit_ikfast_plugins/share/roarm_moveit_ikfast_plugins/hook/cmake_prefix_path.sh'
[0.579s] Level 1:colcon.colcon_core.environment:checking '/home/nameless/Desktop/RoARM_Jazzy_ws/src/roarm_ws_em0_jazzy/install/roarm_moveit_ikfast_plugins/lib'
[0.579s] Level 1:colcon.colcon_core.shell:create_environment_hook('roarm_moveit_ikfast_plugins', 'ld_library_path_lib')
[0.579s] INFO:colcon.colcon_core.shell:Creating environment hook '/home/nameless/Desktop/RoARM_Jazzy_ws/src/roarm_ws_em0_jazzy/install/roarm_moveit_ikfast_plugins/share/roarm_moveit_ikfast_plugins/hook/ld_library_path_lib.ps1'
[0.580s] INFO:colcon.colcon_core.shell:Creating environment descriptor '/home/nameless/Desktop/RoARM_Jazzy_ws/src/roarm_ws_em0_jazzy/install/roarm_moveit_ikfast_plugins/share/roarm_moveit_ikfast_plugins/hook/ld_library_path_lib.dsv'
[0.580s] INFO:colcon.colcon_core.shell:Creating environment hook '/home/nameless/Desktop/RoARM_Jazzy_ws/src/roarm_ws_em0_jazzy/install/roarm_moveit_ikfast_plugins/share/roarm_moveit_ikfast_plugins/hook/ld_library_path_lib.sh'
[0.580s] Level 1:colcon.colcon_core.environment:checking '/home/nameless/Desktop/RoARM_Jazzy_ws/src/roarm_ws_em0_jazzy/install/roarm_moveit_ikfast_plugins/bin'
[0.580s] Level 1:colcon.colcon_core.environment:checking '/home/nameless/Desktop/RoARM_Jazzy_ws/src/roarm_ws_em0_jazzy/install/roarm_moveit_ikfast_plugins/lib/pkgconfig/roarm_moveit_ikfast_plugins.pc'
[0.580s] Level 1:colcon.colcon_core.environment:checking '/home/nameless/Desktop/RoARM_Jazzy_ws/src/roarm_ws_em0_jazzy/install/roarm_moveit_ikfast_plugins/lib/python3.12/site-packages'
[0.581s] Level 1:colcon.colcon_core.environment:checking '/home/nameless/Desktop/RoARM_Jazzy_ws/src/roarm_ws_em0_jazzy/install/roarm_moveit_ikfast_plugins/bin'
[0.581s] INFO:colcon.colcon_core.shell:Creating package script '/home/nameless/Desktop/RoARM_Jazzy_ws/src/roarm_ws_em0_jazzy/install/roarm_moveit_ikfast_plugins/share/roarm_moveit_ikfast_plugins/package.ps1'
[0.581s] INFO:colcon.colcon_core.shell:Creating package descriptor '/home/nameless/Desktop/RoARM_Jazzy_ws/src/roarm_ws_em0_jazzy/install/roarm_moveit_ikfast_plugins/share/roarm_moveit_ikfast_plugins/package.dsv'
[0.582s] INFO:colcon.colcon_core.shell:Creating package script '/home/nameless/Desktop/RoARM_Jazzy_ws/src/roarm_ws_em0_jazzy/install/roarm_moveit_ikfast_plugins/share/roarm_moveit_ikfast_plugins/package.sh'
[0.582s] INFO:colcon.colcon_core.shell:Creating package script '/home/nameless/Desktop/RoARM_Jazzy_ws/src/roarm_ws_em0_jazzy/install/roarm_moveit_ikfast_plugins/share/roarm_moveit_ikfast_plugins/package.bash'
[0.582s] INFO:colcon.colcon_core.shell:Creating package script '/home/nameless/Desktop/RoARM_Jazzy_ws/src/roarm_ws_em0_jazzy/install/roarm_moveit_ikfast_plugins/share/roarm_moveit_ikfast_plugins/package.zsh'
[0.583s] Level 1:colcon.colcon_core.environment:create_file_with_runtime_dependencies(/home/nameless/Desktop/RoARM_Jazzy_ws/src/roarm_ws_em0_jazzy/install/roarm_moveit_ikfast_plugins/share/colcon-core/packages/roarm_moveit_ikfast_plugins)
[0.583s] Level 1:colcon.colcon_core.environment:create_environment_scripts_only(roarm_moveit_ikfast_plugins)
[0.583s] Level 1:colcon.colcon_core.environment:checking '/home/nameless/Desktop/RoARM_Jazzy_ws/src/roarm_ws_em0_jazzy/install/roarm_moveit_ikfast_plugins' for CMake module files
[0.584s] Level 1:colcon.colcon_core.environment:checking '/home/nameless/Desktop/RoARM_Jazzy_ws/src/roarm_ws_em0_jazzy/install/roarm_moveit_ikfast_plugins' for CMake config files
[0.584s] Level 1:colcon.colcon_core.shell:create_environment_hook('roarm_moveit_ikfast_plugins', 'cmake_prefix_path')
[0.584s] INFO:colcon.colcon_core.shell:Creating environment hook '/home/nameless/Desktop/RoARM_Jazzy_ws/src/roarm_ws_em0_jazzy/install/roarm_moveit_ikfast_plugins/share/roarm_moveit_ikfast_plugins/hook/cmake_prefix_path.ps1'
[0.584s] INFO:colcon.colcon_core.shell:Creating environment descriptor '/home/nameless/Desktop/RoARM_Jazzy_ws/src/roarm_ws_em0_jazzy/install/roarm_moveit_ikfast_plugins/share/roarm_moveit_ikfast_plugins/hook/cmake_prefix_path.dsv'
[0.585s] INFO:colcon.colcon_core.shell:Creating environment hook '/home/nameless/Desktop/RoARM_Jazzy_ws/src/roarm_ws_em0_jazzy/install/roarm_moveit_ikfast_plugins/share/roarm_moveit_ikfast_plugins/hook/cmake_prefix_path.sh'
[0.585s] Level 1:colcon.colcon_core.environment:checking '/home/nameless/Desktop/RoARM_Jazzy_ws/src/roarm_ws_em0_jazzy/install/roarm_moveit_ikfast_plugins/lib'
[0.585s] Level 1:colcon.colcon_core.shell:create_environment_hook('roarm_moveit_ikfast_plugins', 'ld_library_path_lib')
[0.585s] INFO:colcon.colcon_core.shell:Creating environment hook '/home/nameless/Desktop/RoARM_Jazzy_ws/src/roarm_ws_em0_jazzy/install/roarm_moveit_ikfast_plugins/share/roarm_moveit_ikfast_plugins/hook/ld_library_path_lib.ps1'
[0.586s] INFO:colcon.colcon_core.shell:Creating environment descriptor '/home/nameless/Desktop/RoARM_Jazzy_ws/src/roarm_ws_em0_jazzy/install/roarm_moveit_ikfast_plugins/share/roarm_moveit_ikfast_plugins/hook/ld_library_path_lib.dsv'
[0.586s] INFO:colcon.colcon_core.shell:Creating environment hook '/home/nameless/Desktop/RoARM_Jazzy_ws/src/roarm_ws_em0_jazzy/install/roarm_moveit_ikfast_plugins/share/roarm_moveit_ikfast_plugins/hook/ld_library_path_lib.sh'
[0.586s] Level 1:colcon.colcon_core.environment:checking '/home/nameless/Desktop/RoARM_Jazzy_ws/src/roarm_ws_em0_jazzy/install/roarm_moveit_ikfast_plugins/bin'
[0.586s] Level 1:colcon.colcon_core.environment:checking '/home/nameless/Desktop/RoARM_Jazzy_ws/src/roarm_ws_em0_jazzy/install/roarm_moveit_ikfast_plugins/lib/pkgconfig/roarm_moveit_ikfast_plugins.pc'
[0.586s] Level 1:colcon.colcon_core.environment:checking '/home/nameless/Desktop/RoARM_Jazzy_ws/src/roarm_ws_em0_jazzy/install/roarm_moveit_ikfast_plugins/lib/python3.12/site-packages'
[0.586s] Level 1:colcon.colcon_core.environment:checking '/home/nameless/Desktop/RoARM_Jazzy_ws/src/roarm_ws_em0_jazzy/install/roarm_moveit_ikfast_plugins/bin'
[0.587s] INFO:colcon.colcon_core.shell:Creating package script '/home/nameless/Desktop/RoARM_Jazzy_ws/src/roarm_ws_em0_jazzy/install/roarm_moveit_ikfast_plugins/share/roarm_moveit_ikfast_plugins/package.ps1'
[0.587s] INFO:colcon.colcon_core.shell:Creating package descriptor '/home/nameless/Desktop/RoARM_Jazzy_ws/src/roarm_ws_em0_jazzy/install/roarm_moveit_ikfast_plugins/share/roarm_moveit_ikfast_plugins/package.dsv'
[0.587s] INFO:colcon.colcon_core.shell:Creating package script '/home/nameless/Desktop/RoARM_Jazzy_ws/src/roarm_ws_em0_jazzy/install/roarm_moveit_ikfast_plugins/share/roarm_moveit_ikfast_plugins/package.sh'
[0.587s] INFO:colcon.colcon_core.shell:Creating package script '/home/nameless/Desktop/RoARM_Jazzy_ws/src/roarm_ws_em0_jazzy/install/roarm_moveit_ikfast_plugins/share/roarm_moveit_ikfast_plugins/package.bash'
[0.587s] INFO:colcon.colcon_core.shell:Creating package script '/home/nameless/Desktop/RoARM_Jazzy_ws/src/roarm_ws_em0_jazzy/install/roarm_moveit_ikfast_plugins/share/roarm_moveit_ikfast_plugins/package.zsh'
[0.587s] Level 1:colcon.colcon_core.environment:create_file_with_runtime_dependencies(/home/nameless/Desktop/RoARM_Jazzy_ws/src/roarm_ws_em0_jazzy/install/roarm_moveit_ikfast_plugins/share/colcon-core/packages/roarm_moveit_ikfast_plugins)
[0.664s] DEBUG:colcon.colcon_core.event_handler.log_command:Invoked command in '/home/nameless/Desktop/RoARM_Jazzy_ws/src/roarm_ws_em0_jazzy/build/roarm_moveit' returned '0': AMENT_PREFIX_PATH=/home/nameless/Desktop/RoARM_Jazzy_ws/src/roarm_ws_em0_jazzy/install/roarm_description:${AMENT_PREFIX_PATH} CMAKE_PREFIX_PATH=/home/nameless/Desktop/RoARM_Jazzy_ws/src/roarm_ws_em0_jazzy/install/roarm_description:/opt/ros/jazzy/opt/gz_sim_vendor:/opt/ros/jazzy/opt/gz_sensors_vendor:/opt/ros/jazzy/opt/gz_physics_vendor:/opt/ros/jazzy/opt/sdformat_vendor:/opt/ros/jazzy/opt/gz_gui_vendor:/opt/ros/jazzy/opt/gz_transport_vendor:/opt/ros/jazzy/opt/gz_rendering_vendor:/opt/ros/jazzy/opt/gz_plugin_vendor:/opt/ros/jazzy/opt/gz_fuel_tools_vendor:/opt/ros/jazzy/opt/gz_msgs_vendor:/opt/ros/jazzy/opt/gz_common_vendor:/opt/ros/jazzy/opt/gz_math_vendor:/opt/ros/jazzy/opt/gz_utils_vendor:/opt/ros/jazzy/opt/gz_tools_vendor:/opt/ros/jazzy/opt/gz_ogre_next_vendor:/opt/ros/jazzy/opt/gz_dartsim_vendor:/opt/ros/jazzy/opt/gz_cmake_vendor:/opt/ros/jazzy DEBUGINFOD_URLS=https://debuginfod.ubuntu.com /usr/bin/cmake --build /home/nameless/Desktop/RoARM_Jazzy_ws/src/roarm_ws_em0_jazzy/build/roarm_moveit -- -j24 -l24
[0.664s] DEBUG:colcon.colcon_core.event_handler.log_command:Invoking command in '/home/nameless/Desktop/RoARM_Jazzy_ws/src/roarm_ws_em0_jazzy/build/roarm_moveit': AMENT_PREFIX_PATH=/home/nameless/Desktop/RoARM_Jazzy_ws/src/roarm_ws_em0_jazzy/install/roarm_description:${AMENT_PREFIX_PATH} CMAKE_PREFIX_PATH=/home/nameless/Desktop/RoARM_Jazzy_ws/src/roarm_ws_em0_jazzy/install/roarm_description:/opt/ros/jazzy/opt/gz_sim_vendor:/opt/ros/jazzy/opt/gz_sensors_vendor:/opt/ros/jazzy/opt/gz_physics_vendor:/opt/ros/jazzy/opt/sdformat_vendor:/opt/ros/jazzy/opt/gz_gui_vendor:/opt/ros/jazzy/opt/gz_transport_vendor:/opt/ros/jazzy/opt/gz_rendering_vendor:/opt/ros/jazzy/opt/gz_plugin_vendor:/opt/ros/jazzy/opt/gz_fuel_tools_vendor:/opt/ros/jazzy/opt/gz_msgs_vendor:/opt/ros/jazzy/opt/gz_common_vendor:/opt/ros/jazzy/opt/gz_math_vendor:/opt/ros/jazzy/opt/gz_utils_vendor:/opt/ros/jazzy/opt/gz_tools_vendor:/opt/ros/jazzy/opt/gz_ogre_next_vendor:/opt/ros/jazzy/opt/gz_dartsim_vendor:/opt/ros/jazzy/opt/gz_cmake_vendor:/opt/ros/jazzy DEBUGINFOD_URLS=https://debuginfod.ubuntu.com /usr/bin/cmake --install /home/nameless/Desktop/RoARM_Jazzy_ws/src/roarm_ws_em0_jazzy/build/roarm_moveit
[0.666s] DEBUG:colcon.colcon_core.event_handler.log_command:Invoking command in '/home/nameless/Desktop/RoARM_Jazzy_ws/src/roarm_ws_em0_jazzy/build/launch_api': DEBUGINFOD_URLS=https://debuginfod.ubuntu.com PYTHONPATH=/home/nameless/Desktop/RoARM_Jazzy_ws/src/roarm_ws_em0_jazzy/build/launch_api/prefix_override:/usr/lib/python3/dist-packages/colcon_core/task/python/colcon_distutils_commands:/home/nameless/Desktop/RoARM_Jazzy_ws/src/roarm_ws_em0_jazzy/install/launch_api/lib/python3.12/site-packages:${PYTHONPATH} /usr/bin/python3 -W ignore:setup.py install is deprecated -W ignore:easy_install command is deprecated setup.py develop --editable --build-directory /home/nameless/Desktop/RoARM_Jazzy_ws/src/roarm_ws_em0_jazzy/build/launch_api/build --no-deps symlink_data
[0.678s] DEBUG:colcon.colcon_core.event_handler.log_command:Invoking command in '/home/nameless/Desktop/RoARM_Jazzy_ws/src/roarm_ws_em0_jazzy/build/roarm_driver': DEBUGINFOD_URLS=https://debuginfod.ubuntu.com PYTHONPATH=/home/nameless/Desktop/RoARM_Jazzy_ws/src/roarm_ws_em0_jazzy/build/roarm_driver/prefix_override:/usr/lib/python3/dist-packages/colcon_core/task/python/colcon_distutils_commands:/home/nameless/Desktop/RoARM_Jazzy_ws/src/roarm_ws_em0_jazzy/install/roarm_driver/lib/python3.12/site-packages:${PYTHONPATH} /usr/bin/python3 -W ignore:setup.py install is deprecated -W ignore:easy_install command is deprecated setup.py develop --editable --build-directory /home/nameless/Desktop/RoARM_Jazzy_ws/src/roarm_ws_em0_jazzy/build/roarm_driver/build --no-deps symlink_data
[0.713s] Level 1:colcon.colcon_core.environment:create_environment_scripts_only(roarm_moveit)
[0.714s] Level 1:colcon.colcon_core.environment:checking '/home/nameless/Desktop/RoARM_Jazzy_ws/src/roarm_ws_em0_jazzy/install/roarm_moveit' for CMake module files
[0.714s] DEBUG:colcon.colcon_core.event_handler.log_command:Invoked command in '/home/nameless/Desktop/RoARM_Jazzy_ws/src/roarm_ws_em0_jazzy/build/roarm_moveit' returned '0': AMENT_PREFIX_PATH=/home/nameless/Desktop/RoARM_Jazzy_ws/src/roarm_ws_em0_jazzy/install/roarm_description:${AMENT_PREFIX_PATH} CMAKE_PREFIX_PATH=/home/nameless/Desktop/RoARM_Jazzy_ws/src/roarm_ws_em0_jazzy/install/roarm_description:/opt/ros/jazzy/opt/gz_sim_vendor:/opt/ros/jazzy/opt/gz_sensors_vendor:/opt/ros/jazzy/opt/gz_physics_vendor:/opt/ros/jazzy/opt/sdformat_vendor:/opt/ros/jazzy/opt/gz_gui_vendor:/opt/ros/jazzy/opt/gz_transport_vendor:/opt/ros/jazzy/opt/gz_rendering_vendor:/opt/ros/jazzy/opt/gz_plugin_vendor:/opt/ros/jazzy/opt/gz_fuel_tools_vendor:/opt/ros/jazzy/opt/gz_msgs_vendor:/opt/ros/jazzy/opt/gz_common_vendor:/opt/ros/jazzy/opt/gz_math_vendor:/opt/ros/jazzy/opt/gz_utils_vendor:/opt/ros/jazzy/opt/gz_tools_vendor:/opt/ros/jazzy/opt/gz_ogre_next_vendor:/opt/ros/jazzy/opt/gz_dartsim_vendor:/opt/ros/jazzy/opt/gz_cmake_vendor:/opt/ros/jazzy DEBUGINFOD_URLS=https://debuginfod.ubuntu.com /usr/bin/cmake --install /home/nameless/Desktop/RoARM_Jazzy_ws/src/roarm_ws_em0_jazzy/build/roarm_moveit
[0.714s] Level 1:colcon.colcon_core.environment:checking '/home/nameless/Desktop/RoARM_Jazzy_ws/src/roarm_ws_em0_jazzy/install/roarm_moveit' for CMake config files
[0.715s] Level 1:colcon.colcon_core.shell:create_environment_hook('roarm_moveit', 'cmake_prefix_path')
[0.715s] INFO:colcon.colcon_core.shell:Creating environment hook '/home/nameless/Desktop/RoARM_Jazzy_ws/src/roarm_ws_em0_jazzy/install/roarm_moveit/share/roarm_moveit/hook/cmake_prefix_path.ps1'
[0.715s] INFO:colcon.colcon_core.shell:Creating environment descriptor '/home/nameless/Desktop/RoARM_Jazzy_ws/src/roarm_ws_em0_jazzy/install/roarm_moveit/share/roarm_moveit/hook/cmake_prefix_path.dsv'
[0.716s] INFO:colcon.colcon_core.shell:Creating environment hook '/home/nameless/Desktop/RoARM_Jazzy_ws/src/roarm_ws_em0_jazzy/install/roarm_moveit/share/roarm_moveit/hook/cmake_prefix_path.sh'
[0.716s] Level 1:colcon.colcon_core.environment:checking '/home/nameless/Desktop/RoARM_Jazzy_ws/src/roarm_ws_em0_jazzy/install/roarm_moveit/lib'
[0.716s] Level 1:colcon.colcon_core.shell:create_environment_hook('roarm_moveit', 'ld_library_path_lib')
[0.716s] INFO:colcon.colcon_core.shell:Creating environment hook '/home/nameless/Desktop/RoARM_Jazzy_ws/src/roarm_ws_em0_jazzy/install/roarm_moveit/share/roarm_moveit/hook/ld_library_path_lib.ps1'
[0.717s] INFO:colcon.colcon_core.shell:Creating environment descriptor '/home/nameless/Desktop/RoARM_Jazzy_ws/src/roarm_ws_em0_jazzy/install/roarm_moveit/share/roarm_moveit/hook/ld_library_path_lib.dsv'
[0.717s] INFO:colcon.colcon_core.shell:Creating environment hook '/home/nameless/Desktop/RoARM_Jazzy_ws/src/roarm_ws_em0_jazzy/install/roarm_moveit/share/roarm_moveit/hook/ld_library_path_lib.sh'
[0.717s] Level 1:colcon.colcon_core.environment:checking '/home/nameless/Desktop/RoARM_Jazzy_ws/src/roarm_ws_em0_jazzy/install/roarm_moveit/bin'
[0.718s] Level 1:colcon.colcon_core.environment:checking '/home/nameless/Desktop/RoARM_Jazzy_ws/src/roarm_ws_em0_jazzy/install/roarm_moveit/lib/pkgconfig/roarm_moveit.pc'
[0.718s] Level 1:colcon.colcon_core.environment:checking '/home/nameless/Desktop/RoARM_Jazzy_ws/src/roarm_ws_em0_jazzy/install/roarm_moveit/lib/python3.12/site-packages'
[0.718s] Level 1:colcon.colcon_core.shell:create_environment_hook('roarm_moveit', 'pythonpath')
[0.718s] INFO:colcon.colcon_core.shell:Creating environment hook '/home/nameless/Desktop/RoARM_Jazzy_ws/src/roarm_ws_em0_jazzy/install/roarm_moveit/share/roarm_moveit/hook/pythonpath.ps1'
[0.718s] INFO:colcon.colcon_core.shell:Creating environment descriptor '/home/nameless/Desktop/RoARM_Jazzy_ws/src/roarm_ws_em0_jazzy/install/roarm_moveit/share/roarm_moveit/hook/pythonpath.dsv'
[0.719s] INFO:colcon.colcon_core.shell:Creating environment hook '/home/nameless/Desktop/RoARM_Jazzy_ws/src/roarm_ws_em0_jazzy/install/roarm_moveit/share/roarm_moveit/hook/pythonpath.sh'
[0.719s] Level 1:colcon.colcon_core.environment:checking '/home/nameless/Desktop/RoARM_Jazzy_ws/src/roarm_ws_em0_jazzy/install/roarm_moveit/bin'
[0.719s] INFO:colcon.colcon_core.shell:Creating package script '/home/nameless/Desktop/RoARM_Jazzy_ws/src/roarm_ws_em0_jazzy/install/roarm_moveit/share/roarm_moveit/package.ps1'
[0.720s] INFO:colcon.colcon_core.shell:Creating package descriptor '/home/nameless/Desktop/RoARM_Jazzy_ws/src/roarm_ws_em0_jazzy/install/roarm_moveit/share/roarm_moveit/package.dsv'
[0.720s] INFO:colcon.colcon_core.shell:Creating package script '/home/nameless/Desktop/RoARM_Jazzy_ws/src/roarm_ws_em0_jazzy/install/roarm_moveit/share/roarm_moveit/package.sh'
[0.720s] INFO:colcon.colcon_core.shell:Creating package script '/home/nameless/Desktop/RoARM_Jazzy_ws/src/roarm_ws_em0_jazzy/install/roarm_moveit/share/roarm_moveit/package.bash'
[0.720s] INFO:colcon.colcon_core.shell:Creating package script '/home/nameless/Desktop/RoARM_Jazzy_ws/src/roarm_ws_em0_jazzy/install/roarm_moveit/share/roarm_moveit/package.zsh'
[0.720s] Level 1:colcon.colcon_core.environment:create_file_with_runtime_dependencies(/home/nameless/Desktop/RoARM_Jazzy_ws/src/roarm_ws_em0_jazzy/install/roarm_moveit/share/colcon-core/packages/roarm_moveit)
[0.720s] Level 1:colcon.colcon_core.environment:create_environment_scripts_only(roarm_moveit)
[0.721s] Level 1:colcon.colcon_core.environment:checking '/home/nameless/Desktop/RoARM_Jazzy_ws/src/roarm_ws_em0_jazzy/install/roarm_moveit' for CMake module files
[0.721s] Level 1:colcon.colcon_core.environment:checking '/home/nameless/Desktop/RoARM_Jazzy_ws/src/roarm_ws_em0_jazzy/install/roarm_moveit' for CMake config files
[0.721s] Level 1:colcon.colcon_core.shell:create_environment_hook('roarm_moveit', 'cmake_prefix_path')
[0.721s] INFO:colcon.colcon_core.shell:Creating environment hook '/home/nameless/Desktop/RoARM_Jazzy_ws/src/roarm_ws_em0_jazzy/install/roarm_moveit/share/roarm_moveit/hook/cmake_prefix_path.ps1'
[0.721s] INFO:colcon.colcon_core.shell:Creating environment descriptor '/home/nameless/Desktop/RoARM_Jazzy_ws/src/roarm_ws_em0_jazzy/install/roarm_moveit/share/roarm_moveit/hook/cmake_prefix_path.dsv'
[0.721s] INFO:colcon.colcon_core.shell:Creating environment hook '/home/nameless/Desktop/RoARM_Jazzy_ws/src/roarm_ws_em0_jazzy/install/roarm_moveit/share/roarm_moveit/hook/cmake_prefix_path.sh'
[0.722s] Level 1:colcon.colcon_core.environment:checking '/home/nameless/Desktop/RoARM_Jazzy_ws/src/roarm_ws_em0_jazzy/install/roarm_moveit/lib'
[0.722s] Level 1:colcon.colcon_core.shell:create_environment_hook('roarm_moveit', 'ld_library_path_lib')
[0.722s] INFO:colcon.colcon_core.shell:Creating environment hook '/home/nameless/Desktop/RoARM_Jazzy_ws/src/roarm_ws_em0_jazzy/install/roarm_moveit/share/roarm_moveit/hook/ld_library_path_lib.ps1'
[0.722s] INFO:colcon.colcon_core.shell:Creating environment descriptor '/home/nameless/Desktop/RoARM_Jazzy_ws/src/roarm_ws_em0_jazzy/install/roarm_moveit/share/roarm_moveit/hook/ld_library_path_lib.dsv'
[0.722s] INFO:colcon.colcon_core.shell:Creating environment hook '/home/nameless/Desktop/RoARM_Jazzy_ws/src/roarm_ws_em0_jazzy/install/roarm_moveit/share/roarm_moveit/hook/ld_library_path_lib.sh'
[0.722s] Level 1:colcon.colcon_core.environment:checking '/home/nameless/Desktop/RoARM_Jazzy_ws/src/roarm_ws_em0_jazzy/install/roarm_moveit/bin'
[0.722s] Level 1:colcon.colcon_core.environment:checking '/home/nameless/Desktop/RoARM_Jazzy_ws/src/roarm_ws_em0_jazzy/install/roarm_moveit/lib/pkgconfig/roarm_moveit.pc'
[0.722s] Level 1:colcon.colcon_core.environment:checking '/home/nameless/Desktop/RoARM_Jazzy_ws/src/roarm_ws_em0_jazzy/install/roarm_moveit/lib/python3.12/site-packages'
[0.722s] Level 1:colcon.colcon_core.shell:create_environment_hook('roarm_moveit', 'pythonpath')
[0.722s] INFO:colcon.colcon_core.shell:Creating environment hook '/home/nameless/Desktop/RoARM_Jazzy_ws/src/roarm_ws_em0_jazzy/install/roarm_moveit/share/roarm_moveit/hook/pythonpath.ps1'
[0.723s] INFO:colcon.colcon_core.shell:Creating environment descriptor '/home/nameless/Desktop/RoARM_Jazzy_ws/src/roarm_ws_em0_jazzy/install/roarm_moveit/share/roarm_moveit/hook/pythonpath.dsv'
[0.723s] INFO:colcon.colcon_core.shell:Creating environment hook '/home/nameless/Desktop/RoARM_Jazzy_ws/src/roarm_ws_em0_jazzy/install/roarm_moveit/share/roarm_moveit/hook/pythonpath.sh'
[0.723s] Level 1:colcon.colcon_core.environment:checking '/home/nameless/Desktop/RoARM_Jazzy_ws/src/roarm_ws_em0_jazzy/install/roarm_moveit/bin'
[0.723s] INFO:colcon.colcon_core.shell:Creating package script '/home/nameless/Desktop/RoARM_Jazzy_ws/src/roarm_ws_em0_jazzy/install/roarm_moveit/share/roarm_moveit/package.ps1'
[0.723s] INFO:colcon.colcon_core.shell:Creating package descriptor '/home/nameless/Desktop/RoARM_Jazzy_ws/src/roarm_ws_em0_jazzy/install/roarm_moveit/share/roarm_moveit/package.dsv'
[0.724s] INFO:colcon.colcon_core.shell:Creating package script '/home/nameless/Desktop/RoARM_Jazzy_ws/src/roarm_ws_em0_jazzy/install/roarm_moveit/share/roarm_moveit/package.sh'
[0.724s] INFO:colcon.colcon_core.shell:Creating package script '/home/nameless/Desktop/RoARM_Jazzy_ws/src/roarm_ws_em0_jazzy/install/roarm_moveit/share/roarm_moveit/package.bash'
[0.724s] INFO:colcon.colcon_core.shell:Creating package script '/home/nameless/Desktop/RoARM_Jazzy_ws/src/roarm_ws_em0_jazzy/install/roarm_moveit/share/roarm_moveit/package.zsh'
[0.724s] Level 1:colcon.colcon_core.environment:create_file_with_runtime_dependencies(/home/nameless/Desktop/RoARM_Jazzy_ws/src/roarm_ws_em0_jazzy/install/roarm_moveit/share/colcon-core/packages/roarm_moveit)
[0.724s] INFO:colcon.colcon_ros.task.ament_cmake.build:Building ROS package in '/home/nameless/Desktop/RoARM_Jazzy_ws/src/roarm_ws_em0_jazzy/src/roarm_main/roarm_moveit_cmd' with build type 'ament_cmake'
[0.724s] INFO:colcon.colcon_cmake.task.cmake.build:Building CMake package in '/home/nameless/Desktop/RoARM_Jazzy_ws/src/roarm_ws_em0_jazzy/src/roarm_main/roarm_moveit_cmd'
[0.724s] INFO:colcon.colcon_core.shell:Skip shell extension 'powershell' for command environment: Not usable outside of PowerShell
[0.724s] DEBUG:colcon.colcon_core.shell:Skip shell extension 'dsv' for command environment
[0.733s] DEBUG:colcon.colcon_core.event_handler.log_command:Invoking command in '/home/nameless/Desktop/RoARM_Jazzy_ws/src/roarm_ws_em0_jazzy/build/roarm_moveit_cmd': AMENT_PREFIX_PATH=/home/nameless/Desktop/RoARM_Jazzy_ws/src/roarm_ws_em0_jazzy/install/roarm_moveit:/home/nameless/Desktop/RoARM_Jazzy_ws/src/roarm_ws_em0_jazzy/install/roarm_description:${AMENT_PREFIX_PATH} CMAKE_PREFIX_PATH=/home/nameless/Desktop/RoARM_Jazzy_ws/src/roarm_ws_em0_jazzy/install/roarm_moveit:/home/nameless/Desktop/RoARM_Jazzy_ws/src/roarm_ws_em0_jazzy/install/roarm_description:/opt/ros/jazzy/opt/gz_sim_vendor:/opt/ros/jazzy/opt/gz_sensors_vendor:/opt/ros/jazzy/opt/gz_physics_vendor:/opt/ros/jazzy/opt/sdformat_vendor:/opt/ros/jazzy/opt/gz_gui_vendor:/opt/ros/jazzy/opt/gz_transport_vendor:/opt/ros/jazzy/opt/gz_rendering_vendor:/opt/ros/jazzy/opt/gz_plugin_vendor:/opt/ros/jazzy/opt/gz_fuel_tools_vendor:/opt/ros/jazzy/opt/gz_msgs_vendor:/opt/ros/jazzy/opt/gz_common_vendor:/opt/ros/jazzy/opt/gz_math_vendor:/opt/ros/jazzy/opt/gz_utils_vendor:/opt/ros/jazzy/opt/gz_tools_vendor:/opt/ros/jazzy/opt/gz_ogre_next_vendor:/opt/ros/jazzy/opt/gz_dartsim_vendor:/opt/ros/jazzy/opt/gz_cmake_vendor:/opt/ros/jazzy DEBUGINFOD_URLS=https://debuginfod.ubuntu.com LD_LIBRARY_PATH=/home/nameless/Desktop/RoARM_Jazzy_ws/src/roarm_ws_em0_jazzy/install/roarm_moveit/lib:${LD_LIBRARY_PATH} PYTHONPATH=/home/nameless/Desktop/RoARM_Jazzy_ws/src/roarm_ws_em0_jazzy/install/roarm_moveit/lib/python3.12/site-packages:${PYTHONPATH} /usr/bin/cmake /home/nameless/Desktop/RoARM_Jazzy_ws/src/roarm_ws_em0_jazzy/src/roarm_main/roarm_moveit_cmd -DAMENT_CMAKE_SYMLINK_INSTALL=1 -DCMAKE_INSTALL_PREFIX=/home/nameless/Desktop/RoARM_Jazzy_ws/src/roarm_ws_em0_jazzy/install/roarm_moveit_cmd
[0.852s] DEBUG:colcon.colcon_core.event_handler.log_command:Invoking command in '/home/nameless/Desktop/RoARM_Jazzy_ws/src/roarm_ws_em0_jazzy/build/ros2web': AMENT_PREFIX_PATH=/home/nameless/Desktop/RoARM_Jazzy_ws/src/roarm_ws_em0_jazzy/install/ros2web_interfaces:${AMENT_PREFIX_PATH} CMAKE_PREFIX_PATH=/home/nameless/Desktop/RoARM_Jazzy_ws/src/roarm_ws_em0_jazzy/install/ros2web_interfaces:${CMAKE_PREFIX_PATH} DEBUGINFOD_URLS=https://debuginfod.ubuntu.com LD_LIBRARY_PATH=/home/nameless/Desktop/RoARM_Jazzy_ws/src/roarm_ws_em0_jazzy/install/ros2web_interfaces/lib:${LD_LIBRARY_PATH} PYTHONPATH=/home/nameless/Desktop/RoARM_Jazzy_ws/src/roarm_ws_em0_jazzy/build/ros2web/prefix_override:/usr/lib/python3/dist-packages/colcon_core/task/python/colcon_distutils_commands:/home/nameless/Desktop/RoARM_Jazzy_ws/src/roarm_ws_em0_jazzy/install/ros2web/lib/python3.12/site-packages:/home/nameless/Desktop/RoARM_Jazzy_ws/src/roarm_ws_em0_jazzy/install/ros2web_interfaces/lib/python3.12/site-packages:${PYTHONPATH} /usr/bin/python3 -W ignore:setup.py install is deprecated -W ignore:easy_install command is deprecated setup.py develop --editable --build-directory /home/nameless/Desktop/RoARM_Jazzy_ws/src/roarm_ws_em0_jazzy/build/ros2web/build --no-deps symlink_data
[0.970s] Level 1:colcon.colcon_core.shell:create_environment_hook('launch_api', 'pythonpath_develop')
[0.970s] INFO:colcon.colcon_core.shell:Creating environment hook '/home/nameless/Desktop/RoARM_Jazzy_ws/src/roarm_ws_em0_jazzy/build/launch_api/share/launch_api/hook/pythonpath_develop.ps1'
[0.970s] DEBUG:colcon.colcon_core.event_handler.log_command:Invoked command in '/home/nameless/Desktop/RoARM_Jazzy_ws/src/roarm_ws_em0_jazzy/build/launch_api' returned '0': DEBUGINFOD_URLS=https://debuginfod.ubuntu.com PYTHONPATH=/home/nameless/Desktop/RoARM_Jazzy_ws/src/roarm_ws_em0_jazzy/build/launch_api/prefix_override:/usr/lib/python3/dist-packages/colcon_core/task/python/colcon_distutils_commands:/home/nameless/Desktop/RoARM_Jazzy_ws/src/roarm_ws_em0_jazzy/install/launch_api/lib/python3.12/site-packages:${PYTHONPATH} /usr/bin/python3 -W ignore:setup.py install is deprecated -W ignore:easy_install command is deprecated setup.py develop --editable --build-directory /home/nameless/Desktop/RoARM_Jazzy_ws/src/roarm_ws_em0_jazzy/build/launch_api/build --no-deps symlink_data
[0.970s] INFO:colcon.colcon_core.shell:Creating environment descriptor '/home/nameless/Desktop/RoARM_Jazzy_ws/src/roarm_ws_em0_jazzy/build/launch_api/share/launch_api/hook/pythonpath_develop.dsv'
[0.971s] INFO:colcon.colcon_core.shell:Creating environment hook '/home/nameless/Desktop/RoARM_Jazzy_ws/src/roarm_ws_em0_jazzy/build/launch_api/share/launch_api/hook/pythonpath_develop.sh'
[0.971s] Level 1:colcon.colcon_core.environment:checking '/home/nameless/Desktop/RoARM_Jazzy_ws/src/roarm_ws_em0_jazzy/install/launch_api' for CMake module files
[0.971s] Level 1:colcon.colcon_core.environment:checking '/home/nameless/Desktop/RoARM_Jazzy_ws/src/roarm_ws_em0_jazzy/install/launch_api' for CMake config files
[0.971s] Level 1:colcon.colcon_core.environment:checking '/home/nameless/Desktop/RoARM_Jazzy_ws/src/roarm_ws_em0_jazzy/install/launch_api/lib'
[0.971s] Level 1:colcon.colcon_core.environment:checking '/home/nameless/Desktop/RoARM_Jazzy_ws/src/roarm_ws_em0_jazzy/install/launch_api/bin'
[0.971s] Level 1:colcon.colcon_core.environment:checking '/home/nameless/Desktop/RoARM_Jazzy_ws/src/roarm_ws_em0_jazzy/install/launch_api/lib/pkgconfig/launch_api.pc'
[0.972s] Level 1:colcon.colcon_core.environment:checking '/home/nameless/Desktop/RoARM_Jazzy_ws/src/roarm_ws_em0_jazzy/install/launch_api/lib/python3.12/site-packages'
[0.972s] Level 1:colcon.colcon_core.shell:create_environment_hook('launch_api', 'pythonpath')
[0.972s] INFO:colcon.colcon_core.shell:Creating environment hook '/home/nameless/Desktop/RoARM_Jazzy_ws/src/roarm_ws_em0_jazzy/install/launch_api/share/launch_api/hook/pythonpath.ps1'
[0.972s] INFO:colcon.colcon_core.shell:Creating environment descriptor '/home/nameless/Desktop/RoARM_Jazzy_ws/src/roarm_ws_em0_jazzy/install/launch_api/share/launch_api/hook/pythonpath.dsv'
[0.972s] INFO:colcon.colcon_core.shell:Creating environment hook '/home/nameless/Desktop/RoARM_Jazzy_ws/src/roarm_ws_em0_jazzy/install/launch_api/share/launch_api/hook/pythonpath.sh'
[0.973s] Level 1:colcon.colcon_core.environment:checking '/home/nameless/Desktop/RoARM_Jazzy_ws/src/roarm_ws_em0_jazzy/install/launch_api/bin'
[0.973s] Level 1:colcon.colcon_core.environment:create_environment_scripts_only(launch_api)
[0.973s] INFO:colcon.colcon_core.shell:Creating package script '/home/nameless/Desktop/RoARM_Jazzy_ws/src/roarm_ws_em0_jazzy/install/launch_api/share/launch_api/package.ps1'
[0.973s] INFO:colcon.colcon_core.shell:Creating package descriptor '/home/nameless/Desktop/RoARM_Jazzy_ws/src/roarm_ws_em0_jazzy/install/launch_api/share/launch_api/package.dsv'
[0.973s] INFO:colcon.colcon_core.shell:Creating package script '/home/nameless/Desktop/RoARM_Jazzy_ws/src/roarm_ws_em0_jazzy/install/launch_api/share/launch_api/package.sh'
[0.973s] INFO:colcon.colcon_core.shell:Creating package script '/home/nameless/Desktop/RoARM_Jazzy_ws/src/roarm_ws_em0_jazzy/install/launch_api/share/launch_api/package.bash'
[0.974s] INFO:colcon.colcon_core.shell:Creating package script '/home/nameless/Desktop/RoARM_Jazzy_ws/src/roarm_ws_em0_jazzy/install/launch_api/share/launch_api/package.zsh'
[0.974s] Level 1:colcon.colcon_core.environment:create_file_with_runtime_dependencies(/home/nameless/Desktop/RoARM_Jazzy_ws/src/roarm_ws_em0_jazzy/install/launch_api/share/colcon-core/packages/launch_api)
[0.982s] Level 1:colcon.colcon_core.shell:create_environment_hook('roarm_driver', 'pythonpath_develop')
[0.982s] INFO:colcon.colcon_core.shell:Creating environment hook '/home/nameless/Desktop/RoARM_Jazzy_ws/src/roarm_ws_em0_jazzy/build/roarm_driver/share/roarm_driver/hook/pythonpath_develop.ps1'
[0.983s] DEBUG:colcon.colcon_core.event_handler.log_command:Invoked command in '/home/nameless/Desktop/RoARM_Jazzy_ws/src/roarm_ws_em0_jazzy/build/roarm_driver' returned '0': DEBUGINFOD_URLS=https://debuginfod.ubuntu.com PYTHONPATH=/home/nameless/Desktop/RoARM_Jazzy_ws/src/roarm_ws_em0_jazzy/build/roarm_driver/prefix_override:/usr/lib/python3/dist-packages/colcon_core/task/python/colcon_distutils_commands:/home/nameless/Desktop/RoARM_Jazzy_ws/src/roarm_ws_em0_jazzy/install/roarm_driver/lib/python3.12/site-packages:${PYTHONPATH} /usr/bin/python3 -W ignore:setup.py install is deprecated -W ignore:easy_install command is deprecated setup.py develop --editable --build-directory /home/nameless/Desktop/RoARM_Jazzy_ws/src/roarm_ws_em0_jazzy/build/roarm_driver/build --no-deps symlink_data
[0.983s] INFO:colcon.colcon_core.shell:Creating environment descriptor '/home/nameless/Desktop/RoARM_Jazzy_ws/src/roarm_ws_em0_jazzy/build/roarm_driver/share/roarm_driver/hook/pythonpath_develop.dsv'
[0.983s] INFO:colcon.colcon_core.shell:Creating environment hook '/home/nameless/Desktop/RoARM_Jazzy_ws/src/roarm_ws_em0_jazzy/build/roarm_driver/share/roarm_driver/hook/pythonpath_develop.sh'
[0.983s] Level 1:colcon.colcon_core.environment:checking '/home/nameless/Desktop/RoARM_Jazzy_ws/src/roarm_ws_em0_jazzy/install/roarm_driver' for CMake module files
[0.984s] Level 1:colcon.colcon_core.environment:checking '/home/nameless/Desktop/RoARM_Jazzy_ws/src/roarm_ws_em0_jazzy/install/roarm_driver' for CMake config files
[0.984s] Level 1:colcon.colcon_core.environment:checking '/home/nameless/Desktop/RoARM_Jazzy_ws/src/roarm_ws_em0_jazzy/install/roarm_driver/lib'
[0.984s] Level 1:colcon.colcon_core.environment:checking '/home/nameless/Desktop/RoARM_Jazzy_ws/src/roarm_ws_em0_jazzy/install/roarm_driver/bin'
[0.984s] Level 1:colcon.colcon_core.environment:checking '/home/nameless/Desktop/RoARM_Jazzy_ws/src/roarm_ws_em0_jazzy/install/roarm_driver/lib/pkgconfig/roarm_driver.pc'
[0.984s] Level 1:colcon.colcon_core.environment:checking '/home/nameless/Desktop/RoARM_Jazzy_ws/src/roarm_ws_em0_jazzy/install/roarm_driver/lib/python3.12/site-packages'
[0.984s] Level 1:colcon.colcon_core.shell:create_environment_hook('roarm_driver', 'pythonpath')
[0.984s] INFO:colcon.colcon_core.shell:Creating environment hook '/home/nameless/Desktop/RoARM_Jazzy_ws/src/roarm_ws_em0_jazzy/install/roarm_driver/share/roarm_driver/hook/pythonpath.ps1'
[0.985s] INFO:colcon.colcon_core.shell:Creating environment descriptor '/home/nameless/Desktop/RoARM_Jazzy_ws/src/roarm_ws_em0_jazzy/install/roarm_driver/share/roarm_driver/hook/pythonpath.dsv'
[0.985s] INFO:colcon.colcon_core.shell:Creating environment hook '/home/nameless/Desktop/RoARM_Jazzy_ws/src/roarm_ws_em0_jazzy/install/roarm_driver/share/roarm_driver/hook/pythonpath.sh'
[0.985s] Level 1:colcon.colcon_core.environment:checking '/home/nameless/Desktop/RoARM_Jazzy_ws/src/roarm_ws_em0_jazzy/install/roarm_driver/bin'
[0.985s] Level 1:colcon.colcon_core.environment:create_environment_scripts_only(roarm_driver)
[0.985s] INFO:colcon.colcon_core.shell:Creating package script '/home/nameless/Desktop/RoARM_Jazzy_ws/src/roarm_ws_em0_jazzy/install/roarm_driver/share/roarm_driver/package.ps1'
[0.986s] INFO:colcon.colcon_core.shell:Creating package descriptor '/home/nameless/Desktop/RoARM_Jazzy_ws/src/roarm_ws_em0_jazzy/install/roarm_driver/share/roarm_driver/package.dsv'
[0.986s] INFO:colcon.colcon_core.shell:Creating package script '/home/nameless/Desktop/RoARM_Jazzy_ws/src/roarm_ws_em0_jazzy/install/roarm_driver/share/roarm_driver/package.sh'
[0.986s] INFO:colcon.colcon_core.shell:Creating package script '/home/nameless/Desktop/RoARM_Jazzy_ws/src/roarm_ws_em0_jazzy/install/roarm_driver/share/roarm_driver/package.bash'
[0.986s] INFO:colcon.colcon_core.shell:Creating package script '/home/nameless/Desktop/RoARM_Jazzy_ws/src/roarm_ws_em0_jazzy/install/roarm_driver/share/roarm_driver/package.zsh'
[0.986s] Level 1:colcon.colcon_core.environment:create_file_with_runtime_dependencies(/home/nameless/Desktop/RoARM_Jazzy_ws/src/roarm_ws_em0_jazzy/install/roarm_driver/share/colcon-core/packages/roarm_driver)
[1.158s] Level 1:colcon.colcon_core.shell:create_environment_hook('ros2web', 'pythonpath_develop')
[1.158s] DEBUG:colcon.colcon_core.event_handler.log_command:Invoked command in '/home/nameless/Desktop/RoARM_Jazzy_ws/src/roarm_ws_em0_jazzy/build/ros2web' returned '0': AMENT_PREFIX_PATH=/home/nameless/Desktop/RoARM_Jazzy_ws/src/roarm_ws_em0_jazzy/install/ros2web_interfaces:${AMENT_PREFIX_PATH} CMAKE_PREFIX_PATH=/home/nameless/Desktop/RoARM_Jazzy_ws/src/roarm_ws_em0_jazzy/install/ros2web_interfaces:${CMAKE_PREFIX_PATH} DEBUGINFOD_URLS=https://debuginfod.ubuntu.com LD_LIBRARY_PATH=/home/nameless/Desktop/RoARM_Jazzy_ws/src/roarm_ws_em0_jazzy/install/ros2web_interfaces/lib:${LD_LIBRARY_PATH} PYTHONPATH=/home/nameless/Desktop/RoARM_Jazzy_ws/src/roarm_ws_em0_jazzy/build/ros2web/prefix_override:/usr/lib/python3/dist-packages/colcon_core/task/python/colcon_distutils_commands:/home/nameless/Desktop/RoARM_Jazzy_ws/src/roarm_ws_em0_jazzy/install/ros2web/lib/python3.12/site-packages:/home/nameless/Desktop/RoARM_Jazzy_ws/src/roarm_ws_em0_jazzy/install/ros2web_interfaces/lib/python3.12/site-packages:${PYTHONPATH} /usr/bin/python3 -W ignore:setup.py install is deprecated -W ignore:easy_install command is deprecated setup.py develop --editable --build-directory /home/nameless/Desktop/RoARM_Jazzy_ws/src/roarm_ws_em0_jazzy/build/ros2web/build --no-deps symlink_data
[1.158s] INFO:colcon.colcon_core.shell:Creating environment hook '/home/nameless/Desktop/RoARM_Jazzy_ws/src/roarm_ws_em0_jazzy/build/ros2web/share/ros2web/hook/pythonpath_develop.ps1'
[1.159s] INFO:colcon.colcon_core.shell:Creating environment descriptor '/home/nameless/Desktop/RoARM_Jazzy_ws/src/roarm_ws_em0_jazzy/build/ros2web/share/ros2web/hook/pythonpath_develop.dsv'
[1.160s] INFO:colcon.colcon_core.shell:Creating environment hook '/home/nameless/Desktop/RoARM_Jazzy_ws/src/roarm_ws_em0_jazzy/build/ros2web/share/ros2web/hook/pythonpath_develop.sh'
[1.160s] Level 1:colcon.colcon_core.environment:checking '/home/nameless/Desktop/RoARM_Jazzy_ws/src/roarm_ws_em0_jazzy/install/ros2web' for CMake module files
[1.161s] Level 1:colcon.colcon_core.environment:checking '/home/nameless/Desktop/RoARM_Jazzy_ws/src/roarm_ws_em0_jazzy/install/ros2web' for CMake config files
[1.162s] Level 1:colcon.colcon_core.environment:checking '/home/nameless/Desktop/RoARM_Jazzy_ws/src/roarm_ws_em0_jazzy/install/ros2web/lib'
[1.162s] Level 1:colcon.colcon_core.environment:checking '/home/nameless/Desktop/RoARM_Jazzy_ws/src/roarm_ws_em0_jazzy/install/ros2web/bin'
[1.162s] Level 1:colcon.colcon_core.environment:checking '/home/nameless/Desktop/RoARM_Jazzy_ws/src/roarm_ws_em0_jazzy/install/ros2web/lib/pkgconfig/ros2web.pc'
[1.162s] Level 1:colcon.colcon_core.environment:checking '/home/nameless/Desktop/RoARM_Jazzy_ws/src/roarm_ws_em0_jazzy/install/ros2web/lib/python3.12/site-packages'
[1.162s] Level 1:colcon.colcon_core.shell:create_environment_hook('ros2web', 'pythonpath')
[1.163s] INFO:colcon.colcon_core.shell:Creating environment hook '/home/nameless/Desktop/RoARM_Jazzy_ws/src/roarm_ws_em0_jazzy/install/ros2web/share/ros2web/hook/pythonpath.ps1'
[1.163s] INFO:colcon.colcon_core.shell:Creating environment descriptor '/home/nameless/Desktop/RoARM_Jazzy_ws/src/roarm_ws_em0_jazzy/install/ros2web/share/ros2web/hook/pythonpath.dsv'
[1.164s] INFO:colcon.colcon_core.shell:Creating environment hook '/home/nameless/Desktop/RoARM_Jazzy_ws/src/roarm_ws_em0_jazzy/install/ros2web/share/ros2web/hook/pythonpath.sh'
[1.165s] Level 1:colcon.colcon_core.environment:checking '/home/nameless/Desktop/RoARM_Jazzy_ws/src/roarm_ws_em0_jazzy/install/ros2web/bin'
[1.165s] Level 1:colcon.colcon_core.environment:create_environment_scripts_only(ros2web)
[1.165s] INFO:colcon.colcon_core.shell:Creating package script '/home/nameless/Desktop/RoARM_Jazzy_ws/src/roarm_ws_em0_jazzy/install/ros2web/share/ros2web/package.ps1'
[1.166s] INFO:colcon.colcon_core.shell:Creating package descriptor '/home/nameless/Desktop/RoARM_Jazzy_ws/src/roarm_ws_em0_jazzy/install/ros2web/share/ros2web/package.dsv'
[1.167s] INFO:colcon.colcon_core.shell:Creating package script '/home/nameless/Desktop/RoARM_Jazzy_ws/src/roarm_ws_em0_jazzy/install/ros2web/share/ros2web/package.sh'
[1.167s] INFO:colcon.colcon_core.shell:Creating package script '/home/nameless/Desktop/RoARM_Jazzy_ws/src/roarm_ws_em0_jazzy/install/ros2web/share/ros2web/package.bash'
[1.168s] INFO:colcon.colcon_core.shell:Creating package script '/home/nameless/Desktop/RoARM_Jazzy_ws/src/roarm_ws_em0_jazzy/install/ros2web/share/ros2web/package.zsh'
[1.168s] Level 1:colcon.colcon_core.environment:create_file_with_runtime_dependencies(/home/nameless/Desktop/RoARM_Jazzy_ws/src/roarm_ws_em0_jazzy/install/ros2web/share/colcon-core/packages/ros2web)
[1.169s] INFO:colcon.colcon_ros.task.ament_python.build:Building ROS package in '/home/nameless/Desktop/RoARM_Jazzy_ws/src/roarm_ws_em0_jazzy/src/roarm_else/ros2web_app/ros2web_app' with build type 'ament_python'
[1.169s] Level 1:colcon.colcon_core.shell:create_environment_hook('ros2web_app', 'ament_prefix_path')
[1.169s] INFO:colcon.colcon_core.shell:Creating environment hook '/home/nameless/Desktop/RoARM_Jazzy_ws/src/roarm_ws_em0_jazzy/install/ros2web_app/share/ros2web_app/hook/ament_prefix_path.ps1'
[1.170s] INFO:colcon.colcon_core.shell:Creating environment descriptor '/home/nameless/Desktop/RoARM_Jazzy_ws/src/roarm_ws_em0_jazzy/install/ros2web_app/share/ros2web_app/hook/ament_prefix_path.dsv'
[1.171s] INFO:colcon.colcon_core.shell:Creating environment hook '/home/nameless/Desktop/RoARM_Jazzy_ws/src/roarm_ws_em0_jazzy/install/ros2web_app/share/ros2web_app/hook/ament_prefix_path.sh'
[1.171s] INFO:colcon.colcon_core.shell:Skip shell extension 'powershell' for command environment: Not usable outside of PowerShell
[1.171s] DEBUG:colcon.colcon_core.shell:Skip shell extension 'dsv' for command environment
[1.174s] INFO:colcon.colcon_ros.task.ament_python.build:Building ROS package in '/home/nameless/Desktop/RoARM_Jazzy_ws/src/roarm_ws_em0_jazzy/src/roarm_else/ros2web-ros2/examples/ros2web_example_py' with build type 'ament_python'
[1.174s] Level 1:colcon.colcon_core.shell:create_environment_hook('ros2web_example_py', 'ament_prefix_path')
[1.174s] INFO:colcon.colcon_core.shell:Creating environment hook '/home/nameless/Desktop/RoARM_Jazzy_ws/src/roarm_ws_em0_jazzy/install/ros2web_example_py/share/ros2web_example_py/hook/ament_prefix_path.ps1'
[1.174s] INFO:colcon.colcon_core.shell:Creating environment descriptor '/home/nameless/Desktop/RoARM_Jazzy_ws/src/roarm_ws_em0_jazzy/install/ros2web_example_py/share/ros2web_example_py/hook/ament_prefix_path.dsv'
[1.174s] INFO:colcon.colcon_core.shell:Creating environment hook '/home/nameless/Desktop/RoARM_Jazzy_ws/src/roarm_ws_em0_jazzy/install/ros2web_example_py/share/ros2web_example_py/hook/ament_prefix_path.sh'
[1.174s] INFO:colcon.colcon_core.shell:Skip shell extension 'powershell' for command environment: Not usable outside of PowerShell
[1.174s] DEBUG:colcon.colcon_core.shell:Skip shell extension 'dsv' for command environment
[1.291s] INFO:colcon.colcon_core.task.python.build:Building Python package in '/home/nameless/Desktop/RoARM_Jazzy_ws/src/roarm_ws_em0_jazzy/src/roarm_else/ros2web_app/ros2web_app'
[1.291s] INFO:colcon.colcon_core.shell:Skip shell extension 'powershell' for command environment: Not usable outside of PowerShell
[1.291s] DEBUG:colcon.colcon_core.shell:Skip shell extension 'dsv' for command environment
[1.404s] INFO:colcon.colcon_core.task.python.build:Building Python package in '/home/nameless/Desktop/RoARM_Jazzy_ws/src/roarm_ws_em0_jazzy/src/roarm_else/ros2web-ros2/examples/ros2web_example_py'
[1.404s] INFO:colcon.colcon_core.shell:Skip shell extension 'powershell' for command environment: Not usable outside of PowerShell
[1.404s] DEBUG:colcon.colcon_core.shell:Skip shell extension 'dsv' for command environment
[1.678s] DEBUG:colcon.colcon_core.event_handler.log_command:Invoking command in '/home/nameless/Desktop/RoARM_Jazzy_ws/src/roarm_ws_em0_jazzy/build/ros2web_app': AMENT_PREFIX_PATH=/home/nameless/Desktop/RoARM_Jazzy_ws/src/roarm_ws_em0_jazzy/install/ros2web:/home/nameless/Desktop/RoARM_Jazzy_ws/src/roarm_ws_em0_jazzy/install/ros2web_interfaces:${AMENT_PREFIX_PATH} CMAKE_PREFIX_PATH=/home/nameless/Desktop/RoARM_Jazzy_ws/src/roarm_ws_em0_jazzy/install/ros2web_interfaces:${CMAKE_PREFIX_PATH} DEBUGINFOD_URLS=https://debuginfod.ubuntu.com LD_LIBRARY_PATH=/home/nameless/Desktop/RoARM_Jazzy_ws/src/roarm_ws_em0_jazzy/install/ros2web_interfaces/lib:${LD_LIBRARY_PATH} PYTHONPATH=/home/nameless/Desktop/RoARM_Jazzy_ws/src/roarm_ws_em0_jazzy/build/ros2web_app/prefix_override:/usr/lib/python3/dist-packages/colcon_core/task/python/colcon_distutils_commands:/home/nameless/Desktop/RoARM_Jazzy_ws/src/roarm_ws_em0_jazzy/install/ros2web_app/lib/python3.12/site-packages:/home/nameless/Desktop/RoARM_Jazzy_ws/src/roarm_ws_em0_jazzy/build/ros2web:/home/nameless/Desktop/RoARM_Jazzy_ws/src/roarm_ws_em0_jazzy/install/ros2web/lib/python3.12/site-packages:/home/nameless/Desktop/RoARM_Jazzy_ws/src/roarm_ws_em0_jazzy/install/ros2web_interfaces/lib/python3.12/site-packages:${PYTHONPATH} /usr/bin/python3 -W ignore:setup.py install is deprecated -W ignore:easy_install command is deprecated setup.py develop --editable --build-directory /home/nameless/Desktop/RoARM_Jazzy_ws/src/roarm_ws_em0_jazzy/build/ros2web_app/build --no-deps symlink_data
[1.684s] DEBUG:colcon.colcon_core.event_handler.log_command:Invoking command in '/home/nameless/Desktop/RoARM_Jazzy_ws/src/roarm_ws_em0_jazzy/build/ros2web_example_py': AMENT_PREFIX_PATH=/home/nameless/Desktop/RoARM_Jazzy_ws/src/roarm_ws_em0_jazzy/install/ros2web:/home/nameless/Desktop/RoARM_Jazzy_ws/src/roarm_ws_em0_jazzy/install/ros2web_interfaces:${AMENT_PREFIX_PATH} CMAKE_PREFIX_PATH=/home/nameless/Desktop/RoARM_Jazzy_ws/src/roarm_ws_em0_jazzy/install/ros2web_interfaces:${CMAKE_PREFIX_PATH} DEBUGINFOD_URLS=https://debuginfod.ubuntu.com LD_LIBRARY_PATH=/home/nameless/Desktop/RoARM_Jazzy_ws/src/roarm_ws_em0_jazzy/install/ros2web_interfaces/lib:${LD_LIBRARY_PATH} PYTHONPATH=/home/nameless/Desktop/RoARM_Jazzy_ws/src/roarm_ws_em0_jazzy/build/ros2web_example_py/prefix_override:/usr/lib/python3/dist-packages/colcon_core/task/python/colcon_distutils_commands:/home/nameless/Desktop/RoARM_Jazzy_ws/src/roarm_ws_em0_jazzy/install/ros2web_example_py/lib/python3.12/site-packages:/home/nameless/Desktop/RoARM_Jazzy_ws/src/roarm_ws_em0_jazzy/build/ros2web:/home/nameless/Desktop/RoARM_Jazzy_ws/src/roarm_ws_em0_jazzy/install/ros2web/lib/python3.12/site-packages:/home/nameless/Desktop/RoARM_Jazzy_ws/src/roarm_ws_em0_jazzy/install/ros2web_interfaces/lib/python3.12/site-packages:${PYTHONPATH} /usr/bin/python3 -W ignore:setup.py install is deprecated -W ignore:easy_install command is deprecated setup.py develop --editable --build-directory /home/nameless/Desktop/RoARM_Jazzy_ws/src/roarm_ws_em0_jazzy/build/ros2web_example_py/build --no-deps symlink_data
[1.984s] Level 1:colcon.colcon_core.shell:create_environment_hook('ros2web_app', 'pythonpath_develop')
[1.984s] INFO:colcon.colcon_core.shell:Creating environment hook '/home/nameless/Desktop/RoARM_Jazzy_ws/src/roarm_ws_em0_jazzy/build/ros2web_app/share/ros2web_app/hook/pythonpath_develop.ps1'
[1.984s] DEBUG:colcon.colcon_core.event_handler.log_command:Invoked command in '/home/nameless/Desktop/RoARM_Jazzy_ws/src/roarm_ws_em0_jazzy/build/ros2web_app' returned '0': AMENT_PREFIX_PATH=/home/nameless/Desktop/RoARM_Jazzy_ws/src/roarm_ws_em0_jazzy/install/ros2web:/home/nameless/Desktop/RoARM_Jazzy_ws/src/roarm_ws_em0_jazzy/install/ros2web_interfaces:${AMENT_PREFIX_PATH} CMAKE_PREFIX_PATH=/home/nameless/Desktop/RoARM_Jazzy_ws/src/roarm_ws_em0_jazzy/install/ros2web_interfaces:${CMAKE_PREFIX_PATH} DEBUGINFOD_URLS=https://debuginfod.ubuntu.com LD_LIBRARY_PATH=/home/nameless/Desktop/RoARM_Jazzy_ws/src/roarm_ws_em0_jazzy/install/ros2web_interfaces/lib:${LD_LIBRARY_PATH} PYTHONPATH=/home/nameless/Desktop/RoARM_Jazzy_ws/src/roarm_ws_em0_jazzy/build/ros2web_app/prefix_override:/usr/lib/python3/dist-packages/colcon_core/task/python/colcon_distutils_commands:/home/nameless/Desktop/RoARM_Jazzy_ws/src/roarm_ws_em0_jazzy/install/ros2web_app/lib/python3.12/site-packages:/home/nameless/Desktop/RoARM_Jazzy_ws/src/roarm_ws_em0_jazzy/build/ros2web:/home/nameless/Desktop/RoARM_Jazzy_ws/src/roarm_ws_em0_jazzy/install/ros2web/lib/python3.12/site-packages:/home/nameless/Desktop/RoARM_Jazzy_ws/src/roarm_ws_em0_jazzy/install/ros2web_interfaces/lib/python3.12/site-packages:${PYTHONPATH} /usr/bin/python3 -W ignore:setup.py install is deprecated -W ignore:easy_install command is deprecated setup.py develop --editable --build-directory /home/nameless/Desktop/RoARM_Jazzy_ws/src/roarm_ws_em0_jazzy/build/ros2web_app/build --no-deps symlink_data
[1.985s] INFO:colcon.colcon_core.shell:Creating environment descriptor '/home/nameless/Desktop/RoARM_Jazzy_ws/src/roarm_ws_em0_jazzy/build/ros2web_app/share/ros2web_app/hook/pythonpath_develop.dsv'
[1.986s] INFO:colcon.colcon_core.shell:Creating environment hook '/home/nameless/Desktop/RoARM_Jazzy_ws/src/roarm_ws_em0_jazzy/build/ros2web_app/share/ros2web_app/hook/pythonpath_develop.sh'
[1.986s] Level 1:colcon.colcon_core.environment:checking '/home/nameless/Desktop/RoARM_Jazzy_ws/src/roarm_ws_em0_jazzy/install/ros2web_app' for CMake module files
[1.987s] Level 1:colcon.colcon_core.environment:checking '/home/nameless/Desktop/RoARM_Jazzy_ws/src/roarm_ws_em0_jazzy/install/ros2web_app' for CMake config files
[1.988s] Level 1:colcon.colcon_core.environment:checking '/home/nameless/Desktop/RoARM_Jazzy_ws/src/roarm_ws_em0_jazzy/install/ros2web_app/lib'
[1.988s] Level 1:colcon.colcon_core.environment:checking '/home/nameless/Desktop/RoARM_Jazzy_ws/src/roarm_ws_em0_jazzy/install/ros2web_app/bin'
[1.988s] Level 1:colcon.colcon_core.environment:checking '/home/nameless/Desktop/RoARM_Jazzy_ws/src/roarm_ws_em0_jazzy/install/ros2web_app/lib/pkgconfig/ros2web_app.pc'
[1.988s] Level 1:colcon.colcon_core.environment:checking '/home/nameless/Desktop/RoARM_Jazzy_ws/src/roarm_ws_em0_jazzy/install/ros2web_app/lib/python3.12/site-packages'
[1.988s] Level 1:colcon.colcon_core.shell:create_environment_hook('ros2web_app', 'pythonpath')
[1.988s] INFO:colcon.colcon_core.shell:Creating environment hook '/home/nameless/Desktop/RoARM_Jazzy_ws/src/roarm_ws_em0_jazzy/install/ros2web_app/share/ros2web_app/hook/pythonpath.ps1'
[1.989s] INFO:colcon.colcon_core.shell:Creating environment descriptor '/home/nameless/Desktop/RoARM_Jazzy_ws/src/roarm_ws_em0_jazzy/install/ros2web_app/share/ros2web_app/hook/pythonpath.dsv'
[1.989s] INFO:colcon.colcon_core.shell:Creating environment hook '/home/nameless/Desktop/RoARM_Jazzy_ws/src/roarm_ws_em0_jazzy/install/ros2web_app/share/ros2web_app/hook/pythonpath.sh'
[1.990s] Level 1:colcon.colcon_core.environment:checking '/home/nameless/Desktop/RoARM_Jazzy_ws/src/roarm_ws_em0_jazzy/install/ros2web_app/bin'
[1.990s] Level 1:colcon.colcon_core.environment:create_environment_scripts_only(ros2web_app)
[1.991s] INFO:colcon.colcon_core.shell:Creating package script '/home/nameless/Desktop/RoARM_Jazzy_ws/src/roarm_ws_em0_jazzy/install/ros2web_app/share/ros2web_app/package.ps1'
[1.991s] INFO:colcon.colcon_core.shell:Creating package descriptor '/home/nameless/Desktop/RoARM_Jazzy_ws/src/roarm_ws_em0_jazzy/install/ros2web_app/share/ros2web_app/package.dsv'
[1.992s] INFO:colcon.colcon_core.shell:Creating package script '/home/nameless/Desktop/RoARM_Jazzy_ws/src/roarm_ws_em0_jazzy/install/ros2web_app/share/ros2web_app/package.sh'
[1.993s] INFO:colcon.colcon_core.shell:Creating package script '/home/nameless/Desktop/RoARM_Jazzy_ws/src/roarm_ws_em0_jazzy/install/ros2web_app/share/ros2web_app/package.bash'
[1.993s] INFO:colcon.colcon_core.shell:Creating package script '/home/nameless/Desktop/RoARM_Jazzy_ws/src/roarm_ws_em0_jazzy/install/ros2web_app/share/ros2web_app/package.zsh'
[1.993s] Level 1:colcon.colcon_core.environment:create_file_with_runtime_dependencies(/home/nameless/Desktop/RoARM_Jazzy_ws/src/roarm_ws_em0_jazzy/install/ros2web_app/share/colcon-core/packages/ros2web_app)
[1.994s] Level 1:colcon.colcon_core.shell:create_environment_hook('ros2web_example_py', 'pythonpath_develop')
[1.994s] INFO:colcon.colcon_core.shell:Creating environment hook '/home/nameless/Desktop/RoARM_Jazzy_ws/src/roarm_ws_em0_jazzy/build/ros2web_example_py/share/ros2web_example_py/hook/pythonpath_develop.ps1'
[1.995s] INFO:colcon.colcon_core.shell:Creating environment descriptor '/home/nameless/Desktop/RoARM_Jazzy_ws/src/roarm_ws_em0_jazzy/build/ros2web_example_py/share/ros2web_example_py/hook/pythonpath_develop.dsv'
[1.995s] INFO:colcon.colcon_core.shell:Creating environment hook '/home/nameless/Desktop/RoARM_Jazzy_ws/src/roarm_ws_em0_jazzy/build/ros2web_example_py/share/ros2web_example_py/hook/pythonpath_develop.sh'
[1.996s] Level 1:colcon.colcon_core.environment:checking '/home/nameless/Desktop/RoARM_Jazzy_ws/src/roarm_ws_em0_jazzy/install/ros2web_example_py' for CMake module files
[1.997s] DEBUG:colcon.colcon_core.event_handler.log_command:Invoked command in '/home/nameless/Desktop/RoARM_Jazzy_ws/src/roarm_ws_em0_jazzy/build/ros2web_example_py' returned '0': AMENT_PREFIX_PATH=/home/nameless/Desktop/RoARM_Jazzy_ws/src/roarm_ws_em0_jazzy/install/ros2web:/home/nameless/Desktop/RoARM_Jazzy_ws/src/roarm_ws_em0_jazzy/install/ros2web_interfaces:${AMENT_PREFIX_PATH} CMAKE_PREFIX_PATH=/home/nameless/Desktop/RoARM_Jazzy_ws/src/roarm_ws_em0_jazzy/install/ros2web_interfaces:${CMAKE_PREFIX_PATH} DEBUGINFOD_URLS=https://debuginfod.ubuntu.com LD_LIBRARY_PATH=/home/nameless/Desktop/RoARM_Jazzy_ws/src/roarm_ws_em0_jazzy/install/ros2web_interfaces/lib:${LD_LIBRARY_PATH} PYTHONPATH=/home/nameless/Desktop/RoARM_Jazzy_ws/src/roarm_ws_em0_jazzy/build/ros2web_example_py/prefix_override:/usr/lib/python3/dist-packages/colcon_core/task/python/colcon_distutils_commands:/home/nameless/Desktop/RoARM_Jazzy_ws/src/roarm_ws_em0_jazzy/install/ros2web_example_py/lib/python3.12/site-packages:/home/nameless/Desktop/RoARM_Jazzy_ws/src/roarm_ws_em0_jazzy/build/ros2web:/home/nameless/Desktop/RoARM_Jazzy_ws/src/roarm_ws_em0_jazzy/install/ros2web/lib/python3.12/site-packages:/home/nameless/Desktop/RoARM_Jazzy_ws/src/roarm_ws_em0_jazzy/install/ros2web_interfaces/lib/python3.12/site-packages:${PYTHONPATH} /usr/bin/python3 -W ignore:setup.py install is deprecated -W ignore:easy_install command is deprecated setup.py develop --editable --build-directory /home/nameless/Desktop/RoARM_Jazzy_ws/src/roarm_ws_em0_jazzy/build/ros2web_example_py/build --no-deps symlink_data
[1.997s] Level 1:colcon.colcon_core.environment:checking '/home/nameless/Desktop/RoARM_Jazzy_ws/src/roarm_ws_em0_jazzy/install/ros2web_example_py' for CMake config files
[1.998s] Level 1:colcon.colcon_core.environment:checking '/home/nameless/Desktop/RoARM_Jazzy_ws/src/roarm_ws_em0_jazzy/install/ros2web_example_py/lib'
[1.998s] Level 1:colcon.colcon_core.environment:checking '/home/nameless/Desktop/RoARM_Jazzy_ws/src/roarm_ws_em0_jazzy/install/ros2web_example_py/bin'
[1.998s] Level 1:colcon.colcon_core.environment:checking '/home/nameless/Desktop/RoARM_Jazzy_ws/src/roarm_ws_em0_jazzy/install/ros2web_example_py/lib/pkgconfig/ros2web_example_py.pc'
[1.998s] Level 1:colcon.colcon_core.environment:checking '/home/nameless/Desktop/RoARM_Jazzy_ws/src/roarm_ws_em0_jazzy/install/ros2web_example_py/lib/python3.12/site-packages'
[1.998s] Level 1:colcon.colcon_core.shell:create_environment_hook('ros2web_example_py', 'pythonpath')
[1.998s] INFO:colcon.colcon_core.shell:Creating environment hook '/home/nameless/Desktop/RoARM_Jazzy_ws/src/roarm_ws_em0_jazzy/install/ros2web_example_py/share/ros2web_example_py/hook/pythonpath.ps1'
[1.999s] INFO:colcon.colcon_core.shell:Creating environment descriptor '/home/nameless/Desktop/RoARM_Jazzy_ws/src/roarm_ws_em0_jazzy/install/ros2web_example_py/share/ros2web_example_py/hook/pythonpath.dsv'
[1.999s] INFO:colcon.colcon_core.shell:Creating environment hook '/home/nameless/Desktop/RoARM_Jazzy_ws/src/roarm_ws_em0_jazzy/install/ros2web_example_py/share/ros2web_example_py/hook/pythonpath.sh'
[1.999s] Level 1:colcon.colcon_core.environment:checking '/home/nameless/Desktop/RoARM_Jazzy_ws/src/roarm_ws_em0_jazzy/install/ros2web_example_py/bin'
[1.999s] Level 1:colcon.colcon_core.environment:create_environment_scripts_only(ros2web_example_py)
[1.999s] INFO:colcon.colcon_core.shell:Creating package script '/home/nameless/Desktop/RoARM_Jazzy_ws/src/roarm_ws_em0_jazzy/install/ros2web_example_py/share/ros2web_example_py/package.ps1'
[1.999s] INFO:colcon.colcon_core.shell:Creating package descriptor '/home/nameless/Desktop/RoARM_Jazzy_ws/src/roarm_ws_em0_jazzy/install/ros2web_example_py/share/ros2web_example_py/package.dsv'
[2.000s] INFO:colcon.colcon_core.shell:Creating package script '/home/nameless/Desktop/RoARM_Jazzy_ws/src/roarm_ws_em0_jazzy/install/ros2web_example_py/share/ros2web_example_py/package.sh'
[2.000s] INFO:colcon.colcon_core.shell:Creating package script '/home/nameless/Desktop/RoARM_Jazzy_ws/src/roarm_ws_em0_jazzy/install/ros2web_example_py/share/ros2web_example_py/package.bash'
[2.000s] INFO:colcon.colcon_core.shell:Creating package script '/home/nameless/Desktop/RoARM_Jazzy_ws/src/roarm_ws_em0_jazzy/install/ros2web_example_py/share/ros2web_example_py/package.zsh'
[2.000s] Level 1:colcon.colcon_core.environment:create_file_with_runtime_dependencies(/home/nameless/Desktop/RoARM_Jazzy_ws/src/roarm_ws_em0_jazzy/install/ros2web_example_py/share/colcon-core/packages/ros2web_example_py)
[2.000s] INFO:colcon.colcon_ros.task.ament_python.build:Building ROS package in '/home/nameless/Desktop/RoARM_Jazzy_ws/src/roarm_ws_em0_jazzy/src/roarm_main/roarm_web_app' with build type 'ament_python'
[2.000s] Level 1:colcon.colcon_core.shell:create_environment_hook('roarm_web_app', 'ament_prefix_path')
[2.001s] INFO:colcon.colcon_core.shell:Creating environment hook '/home/nameless/Desktop/RoARM_Jazzy_ws/src/roarm_ws_em0_jazzy/install/roarm_web_app/share/roarm_web_app/hook/ament_prefix_path.ps1'
[2.001s] INFO:colcon.colcon_core.shell:Creating environment descriptor '/home/nameless/Desktop/RoARM_Jazzy_ws/src/roarm_ws_em0_jazzy/install/roarm_web_app/share/roarm_web_app/hook/ament_prefix_path.dsv'
[2.001s] INFO:colcon.colcon_core.shell:Creating environment hook '/home/nameless/Desktop/RoARM_Jazzy_ws/src/roarm_ws_em0_jazzy/install/roarm_web_app/share/roarm_web_app/hook/ament_prefix_path.sh'
[2.002s] INFO:colcon.colcon_core.shell:Skip shell extension 'powershell' for command environment: Not usable outside of PowerShell
[2.002s] DEBUG:colcon.colcon_core.shell:Skip shell extension 'dsv' for command environment
[2.004s] INFO:colcon.colcon_ros.task.ament_python.build:Building ROS package in '/home/nameless/Desktop/RoARM_Jazzy_ws/src/roarm_ws_em0_jazzy/src/roarm_else/ros2web_app/examples/ros2web_widgets' with build type 'ament_python'
[2.004s] Level 1:colcon.colcon_core.shell:create_environment_hook('ros2web_widgets', 'ament_prefix_path')
[2.004s] INFO:colcon.colcon_core.shell:Creating environment hook '/home/nameless/Desktop/RoARM_Jazzy_ws/src/roarm_ws_em0_jazzy/install/ros2web_widgets/share/ros2web_widgets/hook/ament_prefix_path.ps1'
[2.005s] INFO:colcon.colcon_core.shell:Creating environment descriptor '/home/nameless/Desktop/RoARM_Jazzy_ws/src/roarm_ws_em0_jazzy/install/ros2web_widgets/share/ros2web_widgets/hook/ament_prefix_path.dsv'
[2.005s] INFO:colcon.colcon_core.shell:Creating environment hook '/home/nameless/Desktop/RoARM_Jazzy_ws/src/roarm_ws_em0_jazzy/install/ros2web_widgets/share/ros2web_widgets/hook/ament_prefix_path.sh'
[2.005s] INFO:colcon.colcon_core.shell:Skip shell extension 'powershell' for command environment: Not usable outside of PowerShell
[2.005s] DEBUG:colcon.colcon_core.shell:Skip shell extension 'dsv' for command environment
[2.122s] INFO:colcon.colcon_core.task.python.build:Building Python package in '/home/nameless/Desktop/RoARM_Jazzy_ws/src/roarm_ws_em0_jazzy/src/roarm_main/roarm_web_app'
[2.122s] INFO:colcon.colcon_core.shell:Skip shell extension 'powershell' for command environment: Not usable outside of PowerShell
[2.122s] DEBUG:colcon.colcon_core.shell:Skip shell extension 'dsv' for command environment
[2.238s] INFO:colcon.colcon_core.task.python.build:Building Python package in '/home/nameless/Desktop/RoARM_Jazzy_ws/src/roarm_ws_em0_jazzy/src/roarm_else/ros2web_app/examples/ros2web_widgets'
[2.238s] INFO:colcon.colcon_core.shell:Skip shell extension 'powershell' for command environment: Not usable outside of PowerShell
[2.238s] DEBUG:colcon.colcon_core.shell:Skip shell extension 'dsv' for command environment
[2.523s] DEBUG:colcon.colcon_core.event_handler.log_command:Invoking command in '/home/nameless/Desktop/RoARM_Jazzy_ws/src/roarm_ws_em0_jazzy/build/ros2web_widgets': AMENT_PREFIX_PATH=/home/nameless/Desktop/RoARM_Jazzy_ws/src/roarm_ws_em0_jazzy/install/ros2web_app:/home/nameless/Desktop/RoARM_Jazzy_ws/src/roarm_ws_em0_jazzy/install/ros2web:/home/nameless/Desktop/RoARM_Jazzy_ws/src/roarm_ws_em0_jazzy/install/ros2web_interfaces:${AMENT_PREFIX_PATH} CMAKE_PREFIX_PATH=/home/nameless/Desktop/RoARM_Jazzy_ws/src/roarm_ws_em0_jazzy/install/ros2web_interfaces:${CMAKE_PREFIX_PATH} DEBUGINFOD_URLS=https://debuginfod.ubuntu.com LD_LIBRARY_PATH=/home/nameless/Desktop/RoARM_Jazzy_ws/src/roarm_ws_em0_jazzy/install/ros2web_interfaces/lib:${LD_LIBRARY_PATH} PYTHONPATH=/home/nameless/Desktop/RoARM_Jazzy_ws/src/roarm_ws_em0_jazzy/build/ros2web_widgets/prefix_override:/usr/lib/python3/dist-packages/colcon_core/task/python/colcon_distutils_commands:/home/nameless/Desktop/RoARM_Jazzy_ws/src/roarm_ws_em0_jazzy/install/ros2web_widgets/lib/python3.12/site-packages:/home/nameless/Desktop/RoARM_Jazzy_ws/src/roarm_ws_em0_jazzy/build/ros2web_app:/home/nameless/Desktop/RoARM_Jazzy_ws/src/roarm_ws_em0_jazzy/install/ros2web_app/lib/python3.12/site-packages:/home/nameless/Desktop/RoARM_Jazzy_ws/src/roarm_ws_em0_jazzy/build/ros2web:/home/nameless/Desktop/RoARM_Jazzy_ws/src/roarm_ws_em0_jazzy/install/ros2web/lib/python3.12/site-packages:/home/nameless/Desktop/RoARM_Jazzy_ws/src/roarm_ws_em0_jazzy/install/ros2web_interfaces/lib/python3.12/site-packages:${PYTHONPATH} /usr/bin/python3 -W ignore:setup.py install is deprecated -W ignore:easy_install command is deprecated setup.py develop --editable --build-directory /home/nameless/Desktop/RoARM_Jazzy_ws/src/roarm_ws_em0_jazzy/build/ros2web_widgets/build --no-deps symlink_data
[2.525s] DEBUG:colcon.colcon_core.event_handler.log_command:Invoking command in '/home/nameless/Desktop/RoARM_Jazzy_ws/src/roarm_ws_em0_jazzy/build/roarm_web_app': AMENT_PREFIX_PATH=/home/nameless/Desktop/RoARM_Jazzy_ws/src/roarm_ws_em0_jazzy/install/ros2web_app:/home/nameless/Desktop/RoARM_Jazzy_ws/src/roarm_ws_em0_jazzy/install/ros2web:/home/nameless/Desktop/RoARM_Jazzy_ws/src/roarm_ws_em0_jazzy/install/ros2web_interfaces:${AMENT_PREFIX_PATH} CMAKE_PREFIX_PATH=/home/nameless/Desktop/RoARM_Jazzy_ws/src/roarm_ws_em0_jazzy/install/ros2web_interfaces:${CMAKE_PREFIX_PATH} DEBUGINFOD_URLS=https://debuginfod.ubuntu.com LD_LIBRARY_PATH=/home/nameless/Desktop/RoARM_Jazzy_ws/src/roarm_ws_em0_jazzy/install/ros2web_interfaces/lib:${LD_LIBRARY_PATH} PYTHONPATH=/home/nameless/Desktop/RoARM_Jazzy_ws/src/roarm_ws_em0_jazzy/build/roarm_web_app/prefix_override:/usr/lib/python3/dist-packages/colcon_core/task/python/colcon_distutils_commands:/home/nameless/Desktop/RoARM_Jazzy_ws/src/roarm_ws_em0_jazzy/install/roarm_web_app/lib/python3.12/site-packages:/home/nameless/Desktop/RoARM_Jazzy_ws/src/roarm_ws_em0_jazzy/build/ros2web_app:/home/nameless/Desktop/RoARM_Jazzy_ws/src/roarm_ws_em0_jazzy/install/ros2web_app/lib/python3.12/site-packages:/home/nameless/Desktop/RoARM_Jazzy_ws/src/roarm_ws_em0_jazzy/build/ros2web:/home/nameless/Desktop/RoARM_Jazzy_ws/src/roarm_ws_em0_jazzy/install/ros2web/lib/python3.12/site-packages:/home/nameless/Desktop/RoARM_Jazzy_ws/src/roarm_ws_em0_jazzy/install/ros2web_interfaces/lib/python3.12/site-packages:${PYTHONPATH} /usr/bin/python3 -W ignore:setup.py install is deprecated -W ignore:easy_install command is deprecated setup.py develop --editable --build-directory /home/nameless/Desktop/RoARM_Jazzy_ws/src/roarm_ws_em0_jazzy/build/roarm_web_app/build --no-deps symlink_data
[2.821s] Level 1:colcon.colcon_core.shell:create_environment_hook('ros2web_widgets', 'pythonpath_develop')
[2.821s] INFO:colcon.colcon_core.shell:Creating environment hook '/home/nameless/Desktop/RoARM_Jazzy_ws/src/roarm_ws_em0_jazzy/build/ros2web_widgets/share/ros2web_widgets/hook/pythonpath_develop.ps1'
[2.822s] DEBUG:colcon.colcon_core.event_handler.log_command:Invoked command in '/home/nameless/Desktop/RoARM_Jazzy_ws/src/roarm_ws_em0_jazzy/build/ros2web_widgets' returned '0': AMENT_PREFIX_PATH=/home/nameless/Desktop/RoARM_Jazzy_ws/src/roarm_ws_em0_jazzy/install/ros2web_app:/home/nameless/Desktop/RoARM_Jazzy_ws/src/roarm_ws_em0_jazzy/install/ros2web:/home/nameless/Desktop/RoARM_Jazzy_ws/src/roarm_ws_em0_jazzy/install/ros2web_interfaces:${AMENT_PREFIX_PATH} CMAKE_PREFIX_PATH=/home/nameless/Desktop/RoARM_Jazzy_ws/src/roarm_ws_em0_jazzy/install/ros2web_interfaces:${CMAKE_PREFIX_PATH} DEBUGINFOD_URLS=https://debuginfod.ubuntu.com LD_LIBRARY_PATH=/home/nameless/Desktop/RoARM_Jazzy_ws/src/roarm_ws_em0_jazzy/install/ros2web_interfaces/lib:${LD_LIBRARY_PATH} PYTHONPATH=/home/nameless/Desktop/RoARM_Jazzy_ws/src/roarm_ws_em0_jazzy/build/ros2web_widgets/prefix_override:/usr/lib/python3/dist-packages/colcon_core/task/python/colcon_distutils_commands:/home/nameless/Desktop/RoARM_Jazzy_ws/src/roarm_ws_em0_jazzy/install/ros2web_widgets/lib/python3.12/site-packages:/home/nameless/Desktop/RoARM_Jazzy_ws/src/roarm_ws_em0_jazzy/build/ros2web_app:/home/nameless/Desktop/RoARM_Jazzy_ws/src/roarm_ws_em0_jazzy/install/ros2web_app/lib/python3.12/site-packages:/home/nameless/Desktop/RoARM_Jazzy_ws/src/roarm_ws_em0_jazzy/build/ros2web:/home/nameless/Desktop/RoARM_Jazzy_ws/src/roarm_ws_em0_jazzy/install/ros2web/lib/python3.12/site-packages:/home/nameless/Desktop/RoARM_Jazzy_ws/src/roarm_ws_em0_jazzy/install/ros2web_interfaces/lib/python3.12/site-packages:${PYTHONPATH} /usr/bin/python3 -W ignore:setup.py install is deprecated -W ignore:easy_install command is deprecated setup.py develop --editable --build-directory /home/nameless/Desktop/RoARM_Jazzy_ws/src/roarm_ws_em0_jazzy/build/ros2web_widgets/build --no-deps symlink_data
[2.823s] INFO:colcon.colcon_core.shell:Creating environment descriptor '/home/nameless/Desktop/RoARM_Jazzy_ws/src/roarm_ws_em0_jazzy/build/ros2web_widgets/share/ros2web_widgets/hook/pythonpath_develop.dsv'
[2.823s] INFO:colcon.colcon_core.shell:Creating environment hook '/home/nameless/Desktop/RoARM_Jazzy_ws/src/roarm_ws_em0_jazzy/build/ros2web_widgets/share/ros2web_widgets/hook/pythonpath_develop.sh'
[2.824s] Level 1:colcon.colcon_core.environment:checking '/home/nameless/Desktop/RoARM_Jazzy_ws/src/roarm_ws_em0_jazzy/install/ros2web_widgets' for CMake module files
[2.824s] Level 1:colcon.colcon_core.environment:checking '/home/nameless/Desktop/RoARM_Jazzy_ws/src/roarm_ws_em0_jazzy/install/ros2web_widgets' for CMake config files
[2.824s] Level 1:colcon.colcon_core.environment:checking '/home/nameless/Desktop/RoARM_Jazzy_ws/src/roarm_ws_em0_jazzy/install/ros2web_widgets/lib'
[2.824s] Level 1:colcon.colcon_core.environment:checking '/home/nameless/Desktop/RoARM_Jazzy_ws/src/roarm_ws_em0_jazzy/install/ros2web_widgets/bin'
[2.825s] Level 1:colcon.colcon_core.environment:checking '/home/nameless/Desktop/RoARM_Jazzy_ws/src/roarm_ws_em0_jazzy/install/ros2web_widgets/lib/pkgconfig/ros2web_widgets.pc'
[2.825s] Level 1:colcon.colcon_core.environment:checking '/home/nameless/Desktop/RoARM_Jazzy_ws/src/roarm_ws_em0_jazzy/install/ros2web_widgets/lib/python3.12/site-packages'
[2.825s] Level 1:colcon.colcon_core.shell:create_environment_hook('ros2web_widgets', 'pythonpath')
[2.825s] INFO:colcon.colcon_core.shell:Creating environment hook '/home/nameless/Desktop/RoARM_Jazzy_ws/src/roarm_ws_em0_jazzy/install/ros2web_widgets/share/ros2web_widgets/hook/pythonpath.ps1'
[2.825s] INFO:colcon.colcon_core.shell:Creating environment descriptor '/home/nameless/Desktop/RoARM_Jazzy_ws/src/roarm_ws_em0_jazzy/install/ros2web_widgets/share/ros2web_widgets/hook/pythonpath.dsv'
[2.826s] INFO:colcon.colcon_core.shell:Creating environment hook '/home/nameless/Desktop/RoARM_Jazzy_ws/src/roarm_ws_em0_jazzy/install/ros2web_widgets/share/ros2web_widgets/hook/pythonpath.sh'
[2.826s] Level 1:colcon.colcon_core.environment:checking '/home/nameless/Desktop/RoARM_Jazzy_ws/src/roarm_ws_em0_jazzy/install/ros2web_widgets/bin'
[2.826s] Level 1:colcon.colcon_core.environment:create_environment_scripts_only(ros2web_widgets)
[2.827s] INFO:colcon.colcon_core.shell:Creating package script '/home/nameless/Desktop/RoARM_Jazzy_ws/src/roarm_ws_em0_jazzy/install/ros2web_widgets/share/ros2web_widgets/package.ps1'
[2.827s] INFO:colcon.colcon_core.shell:Creating package descriptor '/home/nameless/Desktop/RoARM_Jazzy_ws/src/roarm_ws_em0_jazzy/install/ros2web_widgets/share/ros2web_widgets/package.dsv'
[2.828s] INFO:colcon.colcon_core.shell:Creating package script '/home/nameless/Desktop/RoARM_Jazzy_ws/src/roarm_ws_em0_jazzy/install/ros2web_widgets/share/ros2web_widgets/package.sh'
[2.828s] INFO:colcon.colcon_core.shell:Creating package script '/home/nameless/Desktop/RoARM_Jazzy_ws/src/roarm_ws_em0_jazzy/install/ros2web_widgets/share/ros2web_widgets/package.bash'
[2.828s] INFO:colcon.colcon_core.shell:Creating package script '/home/nameless/Desktop/RoARM_Jazzy_ws/src/roarm_ws_em0_jazzy/install/ros2web_widgets/share/ros2web_widgets/package.zsh'
[2.829s] Level 1:colcon.colcon_core.environment:create_file_with_runtime_dependencies(/home/nameless/Desktop/RoARM_Jazzy_ws/src/roarm_ws_em0_jazzy/install/ros2web_widgets/share/colcon-core/packages/ros2web_widgets)
[2.830s] Level 1:colcon.colcon_core.shell:create_environment_hook('roarm_web_app', 'pythonpath_develop')
[2.830s] INFO:colcon.colcon_core.shell:Creating environment hook '/home/nameless/Desktop/RoARM_Jazzy_ws/src/roarm_ws_em0_jazzy/build/roarm_web_app/share/roarm_web_app/hook/pythonpath_develop.ps1'
[2.830s] DEBUG:colcon.colcon_core.event_handler.log_command:Invoked command in '/home/nameless/Desktop/RoARM_Jazzy_ws/src/roarm_ws_em0_jazzy/build/roarm_web_app' returned '0': AMENT_PREFIX_PATH=/home/nameless/Desktop/RoARM_Jazzy_ws/src/roarm_ws_em0_jazzy/install/ros2web_app:/home/nameless/Desktop/RoARM_Jazzy_ws/src/roarm_ws_em0_jazzy/install/ros2web:/home/nameless/Desktop/RoARM_Jazzy_ws/src/roarm_ws_em0_jazzy/install/ros2web_interfaces:${AMENT_PREFIX_PATH} CMAKE_PREFIX_PATH=/home/nameless/Desktop/RoARM_Jazzy_ws/src/roarm_ws_em0_jazzy/install/ros2web_interfaces:${CMAKE_PREFIX_PATH} DEBUGINFOD_URLS=https://debuginfod.ubuntu.com LD_LIBRARY_PATH=/home/nameless/Desktop/RoARM_Jazzy_ws/src/roarm_ws_em0_jazzy/install/ros2web_interfaces/lib:${LD_LIBRARY_PATH} PYTHONPATH=/home/nameless/Desktop/RoARM_Jazzy_ws/src/roarm_ws_em0_jazzy/build/roarm_web_app/prefix_override:/usr/lib/python3/dist-packages/colcon_core/task/python/colcon_distutils_commands:/home/nameless/Desktop/RoARM_Jazzy_ws/src/roarm_ws_em0_jazzy/install/roarm_web_app/lib/python3.12/site-packages:/home/nameless/Desktop/RoARM_Jazzy_ws/src/roarm_ws_em0_jazzy/build/ros2web_app:/home/nameless/Desktop/RoARM_Jazzy_ws/src/roarm_ws_em0_jazzy/install/ros2web_app/lib/python3.12/site-packages:/home/nameless/Desktop/RoARM_Jazzy_ws/src/roarm_ws_em0_jazzy/build/ros2web:/home/nameless/Desktop/RoARM_Jazzy_ws/src/roarm_ws_em0_jazzy/install/ros2web/lib/python3.12/site-packages:/home/nameless/Desktop/RoARM_Jazzy_ws/src/roarm_ws_em0_jazzy/install/ros2web_interfaces/lib/python3.12/site-packages:${PYTHONPATH} /usr/bin/python3 -W ignore:setup.py install is deprecated -W ignore:easy_install command is deprecated setup.py develop --editable --build-directory /home/nameless/Desktop/RoARM_Jazzy_ws/src/roarm_ws_em0_jazzy/build/roarm_web_app/build --no-deps symlink_data
[2.830s] INFO:colcon.colcon_core.shell:Creating environment descriptor '/home/nameless/Desktop/RoARM_Jazzy_ws/src/roarm_ws_em0_jazzy/build/roarm_web_app/share/roarm_web_app/hook/pythonpath_develop.dsv'
[2.831s] INFO:colcon.colcon_core.shell:Creating environment hook '/home/nameless/Desktop/RoARM_Jazzy_ws/src/roarm_ws_em0_jazzy/build/roarm_web_app/share/roarm_web_app/hook/pythonpath_develop.sh'
[2.831s] Level 1:colcon.colcon_core.environment:checking '/home/nameless/Desktop/RoARM_Jazzy_ws/src/roarm_ws_em0_jazzy/install/roarm_web_app' for CMake module files
[2.831s] Level 1:colcon.colcon_core.environment:checking '/home/nameless/Desktop/RoARM_Jazzy_ws/src/roarm_ws_em0_jazzy/install/roarm_web_app' for CMake config files
[2.832s] Level 1:colcon.colcon_core.environment:checking '/home/nameless/Desktop/RoARM_Jazzy_ws/src/roarm_ws_em0_jazzy/install/roarm_web_app/lib'
[2.832s] Level 1:colcon.colcon_core.environment:checking '/home/nameless/Desktop/RoARM_Jazzy_ws/src/roarm_ws_em0_jazzy/install/roarm_web_app/bin'
[2.832s] Level 1:colcon.colcon_core.environment:checking '/home/nameless/Desktop/RoARM_Jazzy_ws/src/roarm_ws_em0_jazzy/install/roarm_web_app/lib/pkgconfig/roarm_web_app.pc'
[2.832s] Level 1:colcon.colcon_core.environment:checking '/home/nameless/Desktop/RoARM_Jazzy_ws/src/roarm_ws_em0_jazzy/install/roarm_web_app/lib/python3.12/site-packages'
[2.832s] Level 1:colcon.colcon_core.shell:create_environment_hook('roarm_web_app', 'pythonpath')
[2.832s] INFO:colcon.colcon_core.shell:Creating environment hook '/home/nameless/Desktop/RoARM_Jazzy_ws/src/roarm_ws_em0_jazzy/install/roarm_web_app/share/roarm_web_app/hook/pythonpath.ps1'
[2.833s] INFO:colcon.colcon_core.shell:Creating environment descriptor '/home/nameless/Desktop/RoARM_Jazzy_ws/src/roarm_ws_em0_jazzy/install/roarm_web_app/share/roarm_web_app/hook/pythonpath.dsv'
[2.833s] INFO:colcon.colcon_core.shell:Creating environment hook '/home/nameless/Desktop/RoARM_Jazzy_ws/src/roarm_ws_em0_jazzy/install/roarm_web_app/share/roarm_web_app/hook/pythonpath.sh'
[2.834s] Level 1:colcon.colcon_core.environment:checking '/home/nameless/Desktop/RoARM_Jazzy_ws/src/roarm_ws_em0_jazzy/install/roarm_web_app/bin'
[2.834s] Level 1:colcon.colcon_core.environment:create_environment_scripts_only(roarm_web_app)
[2.834s] INFO:colcon.colcon_core.shell:Creating package script '/home/nameless/Desktop/RoARM_Jazzy_ws/src/roarm_ws_em0_jazzy/install/roarm_web_app/share/roarm_web_app/package.ps1'
[2.834s] INFO:colcon.colcon_core.shell:Creating package descriptor '/home/nameless/Desktop/RoARM_Jazzy_ws/src/roarm_ws_em0_jazzy/install/roarm_web_app/share/roarm_web_app/package.dsv'
[2.834s] INFO:colcon.colcon_core.shell:Creating package script '/home/nameless/Desktop/RoARM_Jazzy_ws/src/roarm_ws_em0_jazzy/install/roarm_web_app/share/roarm_web_app/package.sh'
[2.834s] INFO:colcon.colcon_core.shell:Creating package script '/home/nameless/Desktop/RoARM_Jazzy_ws/src/roarm_ws_em0_jazzy/install/roarm_web_app/share/roarm_web_app/package.bash'
[2.834s] INFO:colcon.colcon_core.shell:Creating package script '/home/nameless/Desktop/RoARM_Jazzy_ws/src/roarm_ws_em0_jazzy/install/roarm_web_app/share/roarm_web_app/package.zsh'
[2.834s] Level 1:colcon.colcon_core.environment:create_file_with_runtime_dependencies(/home/nameless/Desktop/RoARM_Jazzy_ws/src/roarm_ws_em0_jazzy/install/roarm_web_app/share/colcon-core/packages/roarm_web_app)
[3.105s] DEBUG:colcon.colcon_core.event_handler.log_command:Invoked command in '/home/nameless/Desktop/RoARM_Jazzy_ws/src/roarm_ws_em0_jazzy/build/roarm_moveit_cmd' returned '0': AMENT_PREFIX_PATH=/home/nameless/Desktop/RoARM_Jazzy_ws/src/roarm_ws_em0_jazzy/install/roarm_moveit:/home/nameless/Desktop/RoARM_Jazzy_ws/src/roarm_ws_em0_jazzy/install/roarm_description:${AMENT_PREFIX_PATH} CMAKE_PREFIX_PATH=/home/nameless/Desktop/RoARM_Jazzy_ws/src/roarm_ws_em0_jazzy/install/roarm_moveit:/home/nameless/Desktop/RoARM_Jazzy_ws/src/roarm_ws_em0_jazzy/install/roarm_description:/opt/ros/jazzy/opt/gz_sim_vendor:/opt/ros/jazzy/opt/gz_sensors_vendor:/opt/ros/jazzy/opt/gz_physics_vendor:/opt/ros/jazzy/opt/sdformat_vendor:/opt/ros/jazzy/opt/gz_gui_vendor:/opt/ros/jazzy/opt/gz_transport_vendor:/opt/ros/jazzy/opt/gz_rendering_vendor:/opt/ros/jazzy/opt/gz_plugin_vendor:/opt/ros/jazzy/opt/gz_fuel_tools_vendor:/opt/ros/jazzy/opt/gz_msgs_vendor:/opt/ros/jazzy/opt/gz_common_vendor:/opt/ros/jazzy/opt/gz_math_vendor:/opt/ros/jazzy/opt/gz_utils_vendor:/opt/ros/jazzy/opt/gz_tools_vendor:/opt/ros/jazzy/opt/gz_ogre_next_vendor:/opt/ros/jazzy/opt/gz_dartsim_vendor:/opt/ros/jazzy/opt/gz_cmake_vendor:/opt/ros/jazzy DEBUGINFOD_URLS=https://debuginfod.ubuntu.com LD_LIBRARY_PATH=/home/nameless/Desktop/RoARM_Jazzy_ws/src/roarm_ws_em0_jazzy/install/roarm_moveit/lib:${LD_LIBRARY_PATH} PYTHONPATH=/home/nameless/Desktop/RoARM_Jazzy_ws/src/roarm_ws_em0_jazzy/install/roarm_moveit/lib/python3.12/site-packages:${PYTHONPATH} /usr/bin/cmake /home/nameless/Desktop/RoARM_Jazzy_ws/src/roarm_ws_em0_jazzy/src/roarm_main/roarm_moveit_cmd -DAMENT_CMAKE_SYMLINK_INSTALL=1 -DCMAKE_INSTALL_PREFIX=/home/nameless/Desktop/RoARM_Jazzy_ws/src/roarm_ws_em0_jazzy/install/roarm_moveit_cmd
[3.106s] DEBUG:colcon.colcon_core.event_handler.log_command:Invoking command in '/home/nameless/Desktop/RoARM_Jazzy_ws/src/roarm_ws_em0_jazzy/build/roarm_moveit_cmd': AMENT_PREFIX_PATH=/home/nameless/Desktop/RoARM_Jazzy_ws/src/roarm_ws_em0_jazzy/install/roarm_moveit:/home/nameless/Desktop/RoARM_Jazzy_ws/src/roarm_ws_em0_jazzy/install/roarm_description:${AMENT_PREFIX_PATH} CMAKE_PREFIX_PATH=/home/nameless/Desktop/RoARM_Jazzy_ws/src/roarm_ws_em0_jazzy/install/roarm_moveit:/home/nameless/Desktop/RoARM_Jazzy_ws/src/roarm_ws_em0_jazzy/install/roarm_description:/opt/ros/jazzy/opt/gz_sim_vendor:/opt/ros/jazzy/opt/gz_sensors_vendor:/opt/ros/jazzy/opt/gz_physics_vendor:/opt/ros/jazzy/opt/sdformat_vendor:/opt/ros/jazzy/opt/gz_gui_vendor:/opt/ros/jazzy/opt/gz_transport_vendor:/opt/ros/jazzy/opt/gz_rendering_vendor:/opt/ros/jazzy/opt/gz_plugin_vendor:/opt/ros/jazzy/opt/gz_fuel_tools_vendor:/opt/ros/jazzy/opt/gz_msgs_vendor:/opt/ros/jazzy/opt/gz_common_vendor:/opt/ros/jazzy/opt/gz_math_vendor:/opt/ros/jazzy/opt/gz_utils_vendor:/opt/ros/jazzy/opt/gz_tools_vendor:/opt/ros/jazzy/opt/gz_ogre_next_vendor:/opt/ros/jazzy/opt/gz_dartsim_vendor:/opt/ros/jazzy/opt/gz_cmake_vendor:/opt/ros/jazzy DEBUGINFOD_URLS=https://debuginfod.ubuntu.com LD_LIBRARY_PATH=/home/nameless/Desktop/RoARM_Jazzy_ws/src/roarm_ws_em0_jazzy/install/roarm_moveit/lib:${LD_LIBRARY_PATH} PYTHONPATH=/home/nameless/Desktop/RoARM_Jazzy_ws/src/roarm_ws_em0_jazzy/install/roarm_moveit/lib/python3.12/site-packages:${PYTHONPATH} /usr/bin/cmake --build /home/nameless/Desktop/RoARM_Jazzy_ws/src/roarm_ws_em0_jazzy/build/roarm_moveit_cmd -- -j24 -l24
[9.676s] DEBUG:colcon.colcon_core.event_handler.log_command:Invoked command in '/home/nameless/Desktop/RoARM_Jazzy_ws/src/roarm_ws_em0_jazzy/build/roarm_moveit_cmd' returned '2': AMENT_PREFIX_PATH=/home/nameless/Desktop/RoARM_Jazzy_ws/src/roarm_ws_em0_jazzy/install/roarm_moveit:/home/nameless/Desktop/RoARM_Jazzy_ws/src/roarm_ws_em0_jazzy/install/roarm_description:${AMENT_PREFIX_PATH} CMAKE_PREFIX_PATH=/home/nameless/Desktop/RoARM_Jazzy_ws/src/roarm_ws_em0_jazzy/install/roarm_moveit:/home/nameless/Desktop/RoARM_Jazzy_ws/src/roarm_ws_em0_jazzy/install/roarm_description:/opt/ros/jazzy/opt/gz_sim_vendor:/opt/ros/jazzy/opt/gz_sensors_vendor:/opt/ros/jazzy/opt/gz_physics_vendor:/opt/ros/jazzy/opt/sdformat_vendor:/opt/ros/jazzy/opt/gz_gui_vendor:/opt/ros/jazzy/opt/gz_transport_vendor:/opt/ros/jazzy/opt/gz_rendering_vendor:/opt/ros/jazzy/opt/gz_plugin_vendor:/opt/ros/jazzy/opt/gz_fuel_tools_vendor:/opt/ros/jazzy/opt/gz_msgs_vendor:/opt/ros/jazzy/opt/gz_common_vendor:/opt/ros/jazzy/opt/gz_math_vendor:/opt/ros/jazzy/opt/gz_utils_vendor:/opt/ros/jazzy/opt/gz_tools_vendor:/opt/ros/jazzy/opt/gz_ogre_next_vendor:/opt/ros/jazzy/opt/gz_dartsim_vendor:/opt/ros/jazzy/opt/gz_cmake_vendor:/opt/ros/jazzy DEBUGINFOD_URLS=https://debuginfod.ubuntu.com LD_LIBRARY_PATH=/home/nameless/Desktop/RoARM_Jazzy_ws/src/roarm_ws_em0_jazzy/install/roarm_moveit/lib:${LD_LIBRARY_PATH} PYTHONPATH=/home/nameless/Desktop/RoARM_Jazzy_ws/src/roarm_ws_em0_jazzy/install/roarm_moveit/lib/python3.12/site-packages:${PYTHONPATH} /usr/bin/cmake --build /home/nameless/Desktop/RoARM_Jazzy_ws/src/roarm_ws_em0_jazzy/build/roarm_moveit_cmd -- -j24 -l24
[9.677s] Level 1:colcon.colcon_core.environment:create_environment_scripts_only(roarm_moveit_cmd)
[9.677s] Level 1:colcon.colcon_core.environment:checking '/home/nameless/Desktop/RoARM_Jazzy_ws/src/roarm_ws_em0_jazzy/install/roarm_moveit_cmd' for CMake module files
[9.677s] Level 1:colcon.colcon_core.environment:checking '/home/nameless/Desktop/RoARM_Jazzy_ws/src/roarm_ws_em0_jazzy/install/roarm_moveit_cmd' for CMake config files
[9.678s] Level 1:colcon.colcon_core.environment:checking '/home/nameless/Desktop/RoARM_Jazzy_ws/src/roarm_ws_em0_jazzy/install/roarm_moveit_cmd/bin'
[9.678s] Level 1:colcon.colcon_core.environment:checking '/home/nameless/Desktop/RoARM_Jazzy_ws/src/roarm_ws_em0_jazzy/install/roarm_moveit_cmd/lib/pkgconfig/roarm_moveit_cmd.pc'
[9.678s] Level 1:colcon.colcon_core.environment:checking '/home/nameless/Desktop/RoARM_Jazzy_ws/src/roarm_ws_em0_jazzy/install/roarm_moveit_cmd/lib/python3.12/site-packages'
[9.678s] Level 1:colcon.colcon_core.environment:checking '/home/nameless/Desktop/RoARM_Jazzy_ws/src/roarm_ws_em0_jazzy/install/roarm_moveit_cmd/bin'
[9.679s] INFO:colcon.colcon_core.shell:Creating package script '/home/nameless/Desktop/RoARM_Jazzy_ws/src/roarm_ws_em0_jazzy/install/roarm_moveit_cmd/share/roarm_moveit_cmd/package.ps1'
[9.679s] INFO:colcon.colcon_core.shell:Creating package descriptor '/home/nameless/Desktop/RoARM_Jazzy_ws/src/roarm_ws_em0_jazzy/install/roarm_moveit_cmd/share/roarm_moveit_cmd/package.dsv'
[9.680s] INFO:colcon.colcon_core.shell:Creating package script '/home/nameless/Desktop/RoARM_Jazzy_ws/src/roarm_ws_em0_jazzy/install/roarm_moveit_cmd/share/roarm_moveit_cmd/package.sh'
[9.680s] INFO:colcon.colcon_core.shell:Creating package script '/home/nameless/Desktop/RoARM_Jazzy_ws/src/roarm_ws_em0_jazzy/install/roarm_moveit_cmd/share/roarm_moveit_cmd/package.bash'
[9.680s] INFO:colcon.colcon_core.shell:Creating package script '/home/nameless/Desktop/RoARM_Jazzy_ws/src/roarm_ws_em0_jazzy/install/roarm_moveit_cmd/share/roarm_moveit_cmd/package.zsh'
[9.681s] Level 1:colcon.colcon_core.environment:create_file_with_runtime_dependencies(/home/nameless/Desktop/RoARM_Jazzy_ws/src/roarm_ws_em0_jazzy/install/roarm_moveit_cmd/share/colcon-core/packages/roarm_moveit_cmd)
[9.681s] DEBUG:colcon.colcon_parallel_executor.executor.parallel:closing loop
[9.681s] DEBUG:colcon.colcon_parallel_executor.executor.parallel:loop closed
[9.681s] DEBUG:colcon.colcon_parallel_executor.executor.parallel:run_until_complete finished with '2'
[9.681s] DEBUG:colcon.colcon_core.event_reactor:joining thread
[9.689s] INFO:colcon.colcon_core.plugin_system:Skipping extension 'colcon_notification.desktop_notification.terminal_notifier': Not used on non-Darwin systems
[9.689s] INFO:colcon.colcon_core.plugin_system:Skipping extension 'colcon_notification.desktop_notification.win32': Not used on non-Windows systems
[9.689s] INFO:colcon.colcon_notification.desktop_notification:Sending desktop notification using 'notify2'
[9.700s] DEBUG:colcon.colcon_core.event_reactor:joined thread
[9.700s] INFO:colcon.colcon_core.shell:Creating prefix script '/home/nameless/Desktop/RoARM_Jazzy_ws/src/roarm_ws_em0_jazzy/install/local_setup.ps1'
[9.701s] INFO:colcon.colcon_core.shell:Creating prefix util module '/home/nameless/Desktop/RoARM_Jazzy_ws/src/roarm_ws_em0_jazzy/install/_local_setup_util_ps1.py'
[9.702s] INFO:colcon.colcon_core.shell:Creating prefix chain script '/home/nameless/Desktop/RoARM_Jazzy_ws/src/roarm_ws_em0_jazzy/install/setup.ps1'
[9.703s] INFO:colcon.colcon_core.shell:Creating prefix script '/home/nameless/Desktop/RoARM_Jazzy_ws/src/roarm_ws_em0_jazzy/install/local_setup.sh'
[9.704s] INFO:colcon.colcon_core.shell:Creating prefix util module '/home/nameless/Desktop/RoARM_Jazzy_ws/src/roarm_ws_em0_jazzy/install/_local_setup_util_sh.py'
[9.704s] INFO:colcon.colcon_core.shell:Creating prefix chain script '/home/nameless/Desktop/RoARM_Jazzy_ws/src/roarm_ws_em0_jazzy/install/setup.sh'
[9.705s] INFO:colcon.colcon_core.shell:Creating prefix script '/home/nameless/Desktop/RoARM_Jazzy_ws/src/roarm_ws_em0_jazzy/install/local_setup.bash'
[9.706s] INFO:colcon.colcon_core.shell:Creating prefix chain script '/home/nameless/Desktop/RoARM_Jazzy_ws/src/roarm_ws_em0_jazzy/install/setup.bash'
[9.707s] INFO:colcon.colcon_core.shell:Creating prefix script '/home/nameless/Desktop/RoARM_Jazzy_ws/src/roarm_ws_em0_jazzy/install/local_setup.zsh'
[9.707s] INFO:colcon.colcon_core.shell:Creating prefix chain script '/home/nameless/Desktop/RoARM_Jazzy_ws/src/roarm_ws_em0_jazzy/install/setup.zsh'
