[0.047s] DEBUG:colcon:Command line arguments: ['/usr/bin/colcon', 'build', '--symlink-install']
[0.047s] DEBUG:colcon:Parsed command line arguments: Namespace(log_base=None, log_level=None, verb_name='build', build_base='build', install_base='install', merge_install=False, symlink_install=True, test_result_base=None, continue_on_error=False, executor='parallel', parallel_workers=24, event_handlers=None, ignore_user_meta=False, metas=['./colcon.meta'], base_paths=['.'], packages_ignore=None, packages_ignore_regex=None, paths=None, packages_up_to=None, packages_up_to_regex=None, packages_above=None, packages_above_and_dependencies=None, packages_above_depth=None, packages_select_by_dep=None, packages_skip_by_dep=None, packages_skip_up_to=None, packages_select_build_failed=False, packages_skip_build_finished=False, packages_select_test_failures=False, packages_skip_test_passed=False, packages_select=None, packages_skip=None, packages_select_regex=None, packages_skip_regex=None, packages_start=None, packages_end=None, allow_overriding=[], cmake_args=None, cmake_target=None, cmake_target_skip_unavailable=False, cmake_clean_cache=False, cmake_clean_first=False, cmake_force_configure=False, ament_cmake_args=None, catkin_cmake_args=None, catkin_skip_building_tests=False, mixin_files=None, mixin=None, verb_parser=<colcon_mixin.mixin.mixin_argument.MixinArgumentDecorator object at 0x741aa9841a60>, verb_extension=<colcon_core.verb.build.BuildVerb object at 0x741aa90a10a0>, main=<bound method BuildVerb.main of <colcon_core.verb.build.BuildVerb object at 0x741aa90a10a0>>, mixin_verb=('build',))
[0.063s] Level 1:colcon.colcon_core.package_discovery:discover_packages(colcon_meta) check parameters
[0.063s] Level 1:colcon.colcon_core.package_discovery:discover_packages(recursive) check parameters
[0.063s] Level 1:colcon.colcon_core.package_discovery:discover_packages(ignore) check parameters
[0.063s] Level 1:colcon.colcon_core.package_discovery:discover_packages(path) check parameters
[0.064s] Level 1:colcon.colcon_core.package_discovery:discover_packages(colcon_meta) discover
[0.064s] Level 1:colcon.colcon_core.package_discovery:discover_packages(recursive) discover
[0.064s] INFO:colcon.colcon_core.package_discovery:Crawling recursively for packages in '/home/nameless/Desktop/RoARM_Jazzy_ws/src/roarm_ws_em0_jazzy'
[0.064s] Level 1:colcon.colcon_core.package_identification:_identify(.) by extensions ['ignore', 'ignore_ament_install']
[0.064s] Level 1:colcon.colcon_core.package_identification:_identify(.) by extension 'ignore'
[0.064s] Level 1:colcon.colcon_core.package_identification:_identify(.) by extension 'ignore_ament_install'
[0.064s] Level 1:colcon.colcon_core.package_identification:_identify(.) by extensions ['colcon_pkg']
[0.064s] Level 1:colcon.colcon_core.package_identification:_identify(.) by extension 'colcon_pkg'
[0.064s] Level 1:colcon.colcon_core.package_identification:_identify(.) by extensions ['colcon_meta']
[0.064s] Level 1:colcon.colcon_core.package_identification:_identify(.) by extension 'colcon_meta'
[0.064s] Level 1:colcon.colcon_core.package_identification:_identify(.) by extensions ['ros']
[0.064s] Level 1:colcon.colcon_core.package_identification:_identify(.) by extension 'ros'
[0.075s] Level 1:colcon.colcon_core.package_identification:_identify(.) by extensions ['cmake', 'python']
[0.075s] Level 1:colcon.colcon_core.package_identification:_identify(.) by extension 'cmake'
[0.075s] Level 1:colcon.colcon_core.package_identification:_identify(.) by extension 'python'
[0.075s] Level 1:colcon.colcon_core.package_identification:_identify(.) by extensions ['python_setup_py']
[0.075s] Level 1:colcon.colcon_core.package_identification:_identify(.) by extension 'python_setup_py'
[0.075s] Level 1:colcon.colcon_core.package_identification:_identify(build) by extensions ['ignore', 'ignore_ament_install']
[0.076s] Level 1:colcon.colcon_core.package_identification:_identify(build) by extension 'ignore'
[0.076s] Level 1:colcon.colcon_core.package_identification:_identify(build) ignored
[0.076s] Level 1:colcon.colcon_core.package_identification:_identify(images) by extensions ['ignore', 'ignore_ament_install']
[0.076s] Level 1:colcon.colcon_core.package_identification:_identify(images) by extension 'ignore'
[0.076s] Level 1:colcon.colcon_core.package_identification:_identify(images) by extension 'ignore_ament_install'
[0.076s] Level 1:colcon.colcon_core.package_identification:_identify(images) by extensions ['colcon_pkg']
[0.076s] Level 1:colcon.colcon_core.package_identification:_identify(images) by extension 'colcon_pkg'
[0.076s] Level 1:colcon.colcon_core.package_identification:_identify(images) by extensions ['colcon_meta']
[0.076s] Level 1:colcon.colcon_core.package_identification:_identify(images) by extension 'colcon_meta'
[0.076s] Level 1:colcon.colcon_core.package_identification:_identify(images) by extensions ['ros']
[0.076s] Level 1:colcon.colcon_core.package_identification:_identify(images) by extension 'ros'
[0.076s] Level 1:colcon.colcon_core.package_identification:_identify(images) by extensions ['cmake', 'python']
[0.076s] Level 1:colcon.colcon_core.package_identification:_identify(images) by extension 'cmake'
[0.076s] Level 1:colcon.colcon_core.package_identification:_identify(images) by extension 'python'
[0.076s] Level 1:colcon.colcon_core.package_identification:_identify(images) by extensions ['python_setup_py']
[0.076s] Level 1:colcon.colcon_core.package_identification:_identify(images) by extension 'python_setup_py'
[0.076s] Level 1:colcon.colcon_core.package_identification:_identify(install) by extensions ['ignore', 'ignore_ament_install']
[0.076s] Level 1:colcon.colcon_core.package_identification:_identify(install) by extension 'ignore'
[0.076s] Level 1:colcon.colcon_core.package_identification:_identify(install) ignored
[0.076s] Level 1:colcon.colcon_core.package_identification:_identify(log) by extensions ['ignore', 'ignore_ament_install']
[0.076s] Level 1:colcon.colcon_core.package_identification:_identify(log) by extension 'ignore'
[0.076s] Level 1:colcon.colcon_core.package_identification:_identify(log) ignored
[0.076s] Level 1:colcon.colcon_core.package_identification:_identify(src) by extensions ['ignore', 'ignore_ament_install']
[0.076s] Level 1:colcon.colcon_core.package_identification:_identify(src) by extension 'ignore'
[0.076s] Level 1:colcon.colcon_core.package_identification:_identify(src) by extension 'ignore_ament_install'
[0.076s] Level 1:colcon.colcon_core.package_identification:_identify(src) by extensions ['colcon_pkg']
[0.076s] Level 1:colcon.colcon_core.package_identification:_identify(src) by extension 'colcon_pkg'
[0.076s] Level 1:colcon.colcon_core.package_identification:_identify(src) by extensions ['colcon_meta']
[0.076s] Level 1:colcon.colcon_core.package_identification:_identify(src) by extension 'colcon_meta'
[0.076s] Level 1:colcon.colcon_core.package_identification:_identify(src) by extensions ['ros']
[0.076s] Level 1:colcon.colcon_core.package_identification:_identify(src) by extension 'ros'
[0.076s] Level 1:colcon.colcon_core.package_identification:_identify(src) by extensions ['cmake', 'python']
[0.076s] Level 1:colcon.colcon_core.package_identification:_identify(src) by extension 'cmake'
[0.076s] Level 1:colcon.colcon_core.package_identification:_identify(src) by extension 'python'
[0.076s] Level 1:colcon.colcon_core.package_identification:_identify(src) by extensions ['python_setup_py']
[0.076s] Level 1:colcon.colcon_core.package_identification:_identify(src) by extension 'python_setup_py'
[0.076s] Level 1:colcon.colcon_core.package_identification:_identify(src/roarm_else) by extensions ['ignore', 'ignore_ament_install']
[0.076s] Level 1:colcon.colcon_core.package_identification:_identify(src/roarm_else) by extension 'ignore'
[0.076s] Level 1:colcon.colcon_core.package_identification:_identify(src/roarm_else) by extension 'ignore_ament_install'
[0.076s] Level 1:colcon.colcon_core.package_identification:_identify(src/roarm_else) by extensions ['colcon_pkg']
[0.076s] Level 1:colcon.colcon_core.package_identification:_identify(src/roarm_else) by extension 'colcon_pkg'
[0.076s] Level 1:colcon.colcon_core.package_identification:_identify(src/roarm_else) by extensions ['colcon_meta']
[0.076s] Level 1:colcon.colcon_core.package_identification:_identify(src/roarm_else) by extension 'colcon_meta'
[0.076s] Level 1:colcon.colcon_core.package_identification:_identify(src/roarm_else) by extensions ['ros']
[0.076s] Level 1:colcon.colcon_core.package_identification:_identify(src/roarm_else) by extension 'ros'
[0.076s] Level 1:colcon.colcon_core.package_identification:_identify(src/roarm_else) by extensions ['cmake', 'python']
[0.076s] Level 1:colcon.colcon_core.package_identification:_identify(src/roarm_else) by extension 'cmake'
[0.076s] Level 1:colcon.colcon_core.package_identification:_identify(src/roarm_else) by extension 'python'
[0.076s] Level 1:colcon.colcon_core.package_identification:_identify(src/roarm_else) by extensions ['python_setup_py']
[0.076s] Level 1:colcon.colcon_core.package_identification:_identify(src/roarm_else) by extension 'python_setup_py'
[0.077s] Level 1:colcon.colcon_core.package_identification:_identify(src/roarm_else/launch_api) by extensions ['ignore', 'ignore_ament_install']
[0.077s] Level 1:colcon.colcon_core.package_identification:_identify(src/roarm_else/launch_api) by extension 'ignore'
[0.077s] Level 1:colcon.colcon_core.package_identification:_identify(src/roarm_else/launch_api) by extension 'ignore_ament_install'
[0.077s] Level 1:colcon.colcon_core.package_identification:_identify(src/roarm_else/launch_api) by extensions ['colcon_pkg']
[0.077s] Level 1:colcon.colcon_core.package_identification:_identify(src/roarm_else/launch_api) by extension 'colcon_pkg'
[0.077s] Level 1:colcon.colcon_core.package_identification:_identify(src/roarm_else/launch_api) by extensions ['colcon_meta']
[0.077s] Level 1:colcon.colcon_core.package_identification:_identify(src/roarm_else/launch_api) by extension 'colcon_meta'
[0.077s] Level 1:colcon.colcon_core.package_identification:_identify(src/roarm_else/launch_api) by extensions ['ros']
[0.077s] Level 1:colcon.colcon_core.package_identification:_identify(src/roarm_else/launch_api) by extension 'ros'
[0.078s] DEBUG:colcon.colcon_core.package_identification:Package 'src/roarm_else/launch_api' with type 'ros.ament_python' and name 'launch_api'
[0.078s] Level 1:colcon.colcon_core.package_identification:_identify(src/roarm_else/ros2web-ros2) by extensions ['ignore', 'ignore_ament_install']
[0.078s] Level 1:colcon.colcon_core.package_identification:_identify(src/roarm_else/ros2web-ros2) by extension 'ignore'
[0.078s] Level 1:colcon.colcon_core.package_identification:_identify(src/roarm_else/ros2web-ros2) by extension 'ignore_ament_install'
[0.078s] Level 1:colcon.colcon_core.package_identification:_identify(src/roarm_else/ros2web-ros2) by extensions ['colcon_pkg']
[0.078s] Level 1:colcon.colcon_core.package_identification:_identify(src/roarm_else/ros2web-ros2) by extension 'colcon_pkg'
[0.078s] Level 1:colcon.colcon_core.package_identification:_identify(src/roarm_else/ros2web-ros2) by extensions ['colcon_meta']
[0.078s] Level 1:colcon.colcon_core.package_identification:_identify(src/roarm_else/ros2web-ros2) by extension 'colcon_meta'
[0.078s] Level 1:colcon.colcon_core.package_identification:_identify(src/roarm_else/ros2web-ros2) by extensions ['ros']
[0.078s] Level 1:colcon.colcon_core.package_identification:_identify(src/roarm_else/ros2web-ros2) by extension 'ros'
[0.078s] Level 1:colcon.colcon_core.package_identification:_identify(src/roarm_else/ros2web-ros2) by extensions ['cmake', 'python']
[0.078s] Level 1:colcon.colcon_core.package_identification:_identify(src/roarm_else/ros2web-ros2) by extension 'cmake'
[0.078s] Level 1:colcon.colcon_core.package_identification:_identify(src/roarm_else/ros2web-ros2) by extension 'python'
[0.078s] Level 1:colcon.colcon_core.package_identification:_identify(src/roarm_else/ros2web-ros2) by extensions ['python_setup_py']
[0.078s] Level 1:colcon.colcon_core.package_identification:_identify(src/roarm_else/ros2web-ros2) by extension 'python_setup_py'
[0.078s] Level 1:colcon.colcon_core.package_identification:_identify(src/roarm_else/ros2web-ros2/examples) by extensions ['ignore', 'ignore_ament_install']
[0.078s] Level 1:colcon.colcon_core.package_identification:_identify(src/roarm_else/ros2web-ros2/examples) by extension 'ignore'
[0.078s] Level 1:colcon.colcon_core.package_identification:_identify(src/roarm_else/ros2web-ros2/examples) by extension 'ignore_ament_install'
[0.078s] Level 1:colcon.colcon_core.package_identification:_identify(src/roarm_else/ros2web-ros2/examples) by extensions ['colcon_pkg']
[0.078s] Level 1:colcon.colcon_core.package_identification:_identify(src/roarm_else/ros2web-ros2/examples) by extension 'colcon_pkg'
[0.078s] Level 1:colcon.colcon_core.package_identification:_identify(src/roarm_else/ros2web-ros2/examples) by extensions ['colcon_meta']
[0.078s] Level 1:colcon.colcon_core.package_identification:_identify(src/roarm_else/ros2web-ros2/examples) by extension 'colcon_meta'
[0.078s] Level 1:colcon.colcon_core.package_identification:_identify(src/roarm_else/ros2web-ros2/examples) by extensions ['ros']
[0.078s] Level 1:colcon.colcon_core.package_identification:_identify(src/roarm_else/ros2web-ros2/examples) by extension 'ros'
[0.078s] Level 1:colcon.colcon_core.package_identification:_identify(src/roarm_else/ros2web-ros2/examples) by extensions ['cmake', 'python']
[0.078s] Level 1:colcon.colcon_core.package_identification:_identify(src/roarm_else/ros2web-ros2/examples) by extension 'cmake'
[0.078s] Level 1:colcon.colcon_core.package_identification:_identify(src/roarm_else/ros2web-ros2/examples) by extension 'python'
[0.078s] Level 1:colcon.colcon_core.package_identification:_identify(src/roarm_else/ros2web-ros2/examples) by extensions ['python_setup_py']
[0.078s] Level 1:colcon.colcon_core.package_identification:_identify(src/roarm_else/ros2web-ros2/examples) by extension 'python_setup_py'
[0.078s] Level 1:colcon.colcon_core.package_identification:_identify(src/roarm_else/ros2web-ros2/examples/ros2web_example_cpp) by extensions ['ignore', 'ignore_ament_install']
[0.078s] Level 1:colcon.colcon_core.package_identification:_identify(src/roarm_else/ros2web-ros2/examples/ros2web_example_cpp) by extension 'ignore'
[0.078s] Level 1:colcon.colcon_core.package_identification:_identify(src/roarm_else/ros2web-ros2/examples/ros2web_example_cpp) ignored
[0.078s] Level 1:colcon.colcon_core.package_identification:_identify(src/roarm_else/ros2web-ros2/examples/ros2web_example_py) by extensions ['ignore', 'ignore_ament_install']
[0.078s] Level 1:colcon.colcon_core.package_identification:_identify(src/roarm_else/ros2web-ros2/examples/ros2web_example_py) by extension 'ignore'
[0.078s] Level 1:colcon.colcon_core.package_identification:_identify(src/roarm_else/ros2web-ros2/examples/ros2web_example_py) by extension 'ignore_ament_install'
[0.078s] Level 1:colcon.colcon_core.package_identification:_identify(src/roarm_else/ros2web-ros2/examples/ros2web_example_py) by extensions ['colcon_pkg']
[0.078s] Level 1:colcon.colcon_core.package_identification:_identify(src/roarm_else/ros2web-ros2/examples/ros2web_example_py) by extension 'colcon_pkg'
[0.079s] Level 1:colcon.colcon_core.package_identification:_identify(src/roarm_else/ros2web-ros2/examples/ros2web_example_py) by extensions ['colcon_meta']
[0.079s] Level 1:colcon.colcon_core.package_identification:_identify(src/roarm_else/ros2web-ros2/examples/ros2web_example_py) by extension 'colcon_meta'
[0.079s] Level 1:colcon.colcon_core.package_identification:_identify(src/roarm_else/ros2web-ros2/examples/ros2web_example_py) by extensions ['ros']
[0.079s] Level 1:colcon.colcon_core.package_identification:_identify(src/roarm_else/ros2web-ros2/examples/ros2web_example_py) by extension 'ros'
[0.079s] DEBUG:colcon.colcon_core.package_identification:Package 'src/roarm_else/ros2web-ros2/examples/ros2web_example_py' with type 'ros.ament_python' and name 'ros2web_example_py'
[0.079s] Level 1:colcon.colcon_core.package_identification:_identify(src/roarm_else/ros2web-ros2/ros2web) by extensions ['ignore', 'ignore_ament_install']
[0.079s] Level 1:colcon.colcon_core.package_identification:_identify(src/roarm_else/ros2web-ros2/ros2web) by extension 'ignore'
[0.079s] Level 1:colcon.colcon_core.package_identification:_identify(src/roarm_else/ros2web-ros2/ros2web) by extension 'ignore_ament_install'
[0.079s] Level 1:colcon.colcon_core.package_identification:_identify(src/roarm_else/ros2web-ros2/ros2web) by extensions ['colcon_pkg']
[0.079s] Level 1:colcon.colcon_core.package_identification:_identify(src/roarm_else/ros2web-ros2/ros2web) by extension 'colcon_pkg'
[0.079s] Level 1:colcon.colcon_core.package_identification:_identify(src/roarm_else/ros2web-ros2/ros2web) by extensions ['colcon_meta']
[0.079s] Level 1:colcon.colcon_core.package_identification:_identify(src/roarm_else/ros2web-ros2/ros2web) by extension 'colcon_meta'
[0.079s] Level 1:colcon.colcon_core.package_identification:_identify(src/roarm_else/ros2web-ros2/ros2web) by extensions ['ros']
[0.079s] Level 1:colcon.colcon_core.package_identification:_identify(src/roarm_else/ros2web-ros2/ros2web) by extension 'ros'
[0.079s] DEBUG:colcon.colcon_core.package_identification:Package 'src/roarm_else/ros2web-ros2/ros2web' with type 'ros.ament_python' and name 'ros2web'
[0.079s] Level 1:colcon.colcon_core.package_identification:_identify(src/roarm_else/ros2web-ros2/ros2web_interfaces) by extensions ['ignore', 'ignore_ament_install']
[0.079s] Level 1:colcon.colcon_core.package_identification:_identify(src/roarm_else/ros2web-ros2/ros2web_interfaces) by extension 'ignore'
[0.079s] Level 1:colcon.colcon_core.package_identification:_identify(src/roarm_else/ros2web-ros2/ros2web_interfaces) by extension 'ignore_ament_install'
[0.079s] Level 1:colcon.colcon_core.package_identification:_identify(src/roarm_else/ros2web-ros2/ros2web_interfaces) by extensions ['colcon_pkg']
[0.079s] Level 1:colcon.colcon_core.package_identification:_identify(src/roarm_else/ros2web-ros2/ros2web_interfaces) by extension 'colcon_pkg'
[0.079s] Level 1:colcon.colcon_core.package_identification:_identify(src/roarm_else/ros2web-ros2/ros2web_interfaces) by extensions ['colcon_meta']
[0.079s] Level 1:colcon.colcon_core.package_identification:_identify(src/roarm_else/ros2web-ros2/ros2web_interfaces) by extension 'colcon_meta'
[0.079s] Level 1:colcon.colcon_core.package_identification:_identify(src/roarm_else/ros2web-ros2/ros2web_interfaces) by extensions ['ros']
[0.079s] Level 1:colcon.colcon_core.package_identification:_identify(src/roarm_else/ros2web-ros2/ros2web_interfaces) by extension 'ros'
[0.080s] DEBUG:colcon.colcon_core.package_identification:Package 'src/roarm_else/ros2web-ros2/ros2web_interfaces' with type 'ros.ament_cmake' and name 'ros2web_interfaces'
[0.080s] Level 1:colcon.colcon_core.package_identification:_identify(src/roarm_else/ros2web_app) by extensions ['ignore', 'ignore_ament_install']
[0.080s] Level 1:colcon.colcon_core.package_identification:_identify(src/roarm_else/ros2web_app) by extension 'ignore'
[0.080s] Level 1:colcon.colcon_core.package_identification:_identify(src/roarm_else/ros2web_app) by extension 'ignore_ament_install'
[0.080s] Level 1:colcon.colcon_core.package_identification:_identify(src/roarm_else/ros2web_app) by extensions ['colcon_pkg']
[0.080s] Level 1:colcon.colcon_core.package_identification:_identify(src/roarm_else/ros2web_app) by extension 'colcon_pkg'
[0.080s] Level 1:colcon.colcon_core.package_identification:_identify(src/roarm_else/ros2web_app) by extensions ['colcon_meta']
[0.080s] Level 1:colcon.colcon_core.package_identification:_identify(src/roarm_else/ros2web_app) by extension 'colcon_meta'
[0.080s] Level 1:colcon.colcon_core.package_identification:_identify(src/roarm_else/ros2web_app) by extensions ['ros']
[0.080s] Level 1:colcon.colcon_core.package_identification:_identify(src/roarm_else/ros2web_app) by extension 'ros'
[0.080s] Level 1:colcon.colcon_core.package_identification:_identify(src/roarm_else/ros2web_app) by extensions ['cmake', 'python']
[0.080s] Level 1:colcon.colcon_core.package_identification:_identify(src/roarm_else/ros2web_app) by extension 'cmake'
[0.080s] Level 1:colcon.colcon_core.package_identification:_identify(src/roarm_else/ros2web_app) by extension 'python'
[0.080s] Level 1:colcon.colcon_core.package_identification:_identify(src/roarm_else/ros2web_app) by extensions ['python_setup_py']
[0.080s] Level 1:colcon.colcon_core.package_identification:_identify(src/roarm_else/ros2web_app) by extension 'python_setup_py'
[0.080s] Level 1:colcon.colcon_core.package_identification:_identify(src/roarm_else/ros2web_app/examples) by extensions ['ignore', 'ignore_ament_install']
[0.080s] Level 1:colcon.colcon_core.package_identification:_identify(src/roarm_else/ros2web_app/examples) by extension 'ignore'
[0.080s] Level 1:colcon.colcon_core.package_identification:_identify(src/roarm_else/ros2web_app/examples) by extension 'ignore_ament_install'
[0.080s] Level 1:colcon.colcon_core.package_identification:_identify(src/roarm_else/ros2web_app/examples) by extensions ['colcon_pkg']
[0.080s] Level 1:colcon.colcon_core.package_identification:_identify(src/roarm_else/ros2web_app/examples) by extension 'colcon_pkg'
[0.080s] Level 1:colcon.colcon_core.package_identification:_identify(src/roarm_else/ros2web_app/examples) by extensions ['colcon_meta']
[0.080s] Level 1:colcon.colcon_core.package_identification:_identify(src/roarm_else/ros2web_app/examples) by extension 'colcon_meta'
[0.080s] Level 1:colcon.colcon_core.package_identification:_identify(src/roarm_else/ros2web_app/examples) by extensions ['ros']
[0.080s] Level 1:colcon.colcon_core.package_identification:_identify(src/roarm_else/ros2web_app/examples) by extension 'ros'
[0.080s] Level 1:colcon.colcon_core.package_identification:_identify(src/roarm_else/ros2web_app/examples) by extensions ['cmake', 'python']
[0.080s] Level 1:colcon.colcon_core.package_identification:_identify(src/roarm_else/ros2web_app/examples) by extension 'cmake'
[0.080s] Level 1:colcon.colcon_core.package_identification:_identify(src/roarm_else/ros2web_app/examples) by extension 'python'
[0.080s] Level 1:colcon.colcon_core.package_identification:_identify(src/roarm_else/ros2web_app/examples) by extensions ['python_setup_py']
[0.080s] Level 1:colcon.colcon_core.package_identification:_identify(src/roarm_else/ros2web_app/examples) by extension 'python_setup_py'
[0.080s] Level 1:colcon.colcon_core.package_identification:_identify(src/roarm_else/ros2web_app/examples/ros2web_widgets) by extensions ['ignore', 'ignore_ament_install']
[0.080s] Level 1:colcon.colcon_core.package_identification:_identify(src/roarm_else/ros2web_app/examples/ros2web_widgets) by extension 'ignore'
[0.080s] Level 1:colcon.colcon_core.package_identification:_identify(src/roarm_else/ros2web_app/examples/ros2web_widgets) by extension 'ignore_ament_install'
[0.080s] Level 1:colcon.colcon_core.package_identification:_identify(src/roarm_else/ros2web_app/examples/ros2web_widgets) by extensions ['colcon_pkg']
[0.080s] Level 1:colcon.colcon_core.package_identification:_identify(src/roarm_else/ros2web_app/examples/ros2web_widgets) by extension 'colcon_pkg'
[0.080s] Level 1:colcon.colcon_core.package_identification:_identify(src/roarm_else/ros2web_app/examples/ros2web_widgets) by extensions ['colcon_meta']
[0.080s] Level 1:colcon.colcon_core.package_identification:_identify(src/roarm_else/ros2web_app/examples/ros2web_widgets) by extension 'colcon_meta'
[0.080s] Level 1:colcon.colcon_core.package_identification:_identify(src/roarm_else/ros2web_app/examples/ros2web_widgets) by extensions ['ros']
[0.080s] Level 1:colcon.colcon_core.package_identification:_identify(src/roarm_else/ros2web_app/examples/ros2web_widgets) by extension 'ros'
[0.080s] DEBUG:colcon.colcon_core.package_identification:Package 'src/roarm_else/ros2web_app/examples/ros2web_widgets' with type 'ros.ament_python' and name 'ros2web_widgets'
[0.081s] Level 1:colcon.colcon_core.package_identification:_identify(src/roarm_else/ros2web_app/ros2web_app) by extensions ['ignore', 'ignore_ament_install']
[0.081s] Level 1:colcon.colcon_core.package_identification:_identify(src/roarm_else/ros2web_app/ros2web_app) by extension 'ignore'
[0.081s] Level 1:colcon.colcon_core.package_identification:_identify(src/roarm_else/ros2web_app/ros2web_app) by extension 'ignore_ament_install'
[0.081s] Level 1:colcon.colcon_core.package_identification:_identify(src/roarm_else/ros2web_app/ros2web_app) by extensions ['colcon_pkg']
[0.081s] Level 1:colcon.colcon_core.package_identification:_identify(src/roarm_else/ros2web_app/ros2web_app) by extension 'colcon_pkg'
[0.081s] Level 1:colcon.colcon_core.package_identification:_identify(src/roarm_else/ros2web_app/ros2web_app) by extensions ['colcon_meta']
[0.081s] Level 1:colcon.colcon_core.package_identification:_identify(src/roarm_else/ros2web_app/ros2web_app) by extension 'colcon_meta'
[0.081s] Level 1:colcon.colcon_core.package_identification:_identify(src/roarm_else/ros2web_app/ros2web_app) by extensions ['ros']
[0.081s] Level 1:colcon.colcon_core.package_identification:_identify(src/roarm_else/ros2web_app/ros2web_app) by extension 'ros'
[0.081s] DEBUG:colcon.colcon_core.package_identification:Package 'src/roarm_else/ros2web_app/ros2web_app' with type 'ros.ament_python' and name 'ros2web_app'
[0.081s] Level 1:colcon.colcon_core.package_identification:_identify(src/roarm_else/ros2web_app/web_app) by extensions ['ignore', 'ignore_ament_install']
[0.081s] Level 1:colcon.colcon_core.package_identification:_identify(src/roarm_else/ros2web_app/web_app) by extension 'ignore'
[0.081s] Level 1:colcon.colcon_core.package_identification:_identify(src/roarm_else/ros2web_app/web_app) by extension 'ignore_ament_install'
[0.081s] Level 1:colcon.colcon_core.package_identification:_identify(src/roarm_else/ros2web_app/web_app) by extensions ['colcon_pkg']
[0.081s] Level 1:colcon.colcon_core.package_identification:_identify(src/roarm_else/ros2web_app/web_app) by extension 'colcon_pkg'
[0.081s] Level 1:colcon.colcon_core.package_identification:_identify(src/roarm_else/ros2web_app/web_app) by extensions ['colcon_meta']
[0.081s] Level 1:colcon.colcon_core.package_identification:_identify(src/roarm_else/ros2web_app/web_app) by extension 'colcon_meta'
[0.081s] Level 1:colcon.colcon_core.package_identification:_identify(src/roarm_else/ros2web_app/web_app) by extensions ['ros']
[0.081s] Level 1:colcon.colcon_core.package_identification:_identify(src/roarm_else/ros2web_app/web_app) by extension 'ros'
[0.081s] Level 1:colcon.colcon_core.package_identification:_identify(src/roarm_else/ros2web_app/web_app) by extensions ['cmake', 'python']
[0.081s] Level 1:colcon.colcon_core.package_identification:_identify(src/roarm_else/ros2web_app/web_app) by extension 'cmake'
[0.081s] Level 1:colcon.colcon_core.package_identification:_identify(src/roarm_else/ros2web_app/web_app) by extension 'python'
[0.081s] Level 1:colcon.colcon_core.package_identification:_identify(src/roarm_else/ros2web_app/web_app) by extensions ['python_setup_py']
[0.081s] Level 1:colcon.colcon_core.package_identification:_identify(src/roarm_else/ros2web_app/web_app) by extension 'python_setup_py'
[0.081s] Level 1:colcon.colcon_core.package_identification:_identify(src/roarm_else/ros2web_app/web_app/src) by extensions ['ignore', 'ignore_ament_install']
[0.081s] Level 1:colcon.colcon_core.package_identification:_identify(src/roarm_else/ros2web_app/web_app/src) by extension 'ignore'
[0.081s] Level 1:colcon.colcon_core.package_identification:_identify(src/roarm_else/ros2web_app/web_app/src) by extension 'ignore_ament_install'
[0.081s] Level 1:colcon.colcon_core.package_identification:_identify(src/roarm_else/ros2web_app/web_app/src) by extensions ['colcon_pkg']
[0.081s] Level 1:colcon.colcon_core.package_identification:_identify(src/roarm_else/ros2web_app/web_app/src) by extension 'colcon_pkg'
[0.081s] Level 1:colcon.colcon_core.package_identification:_identify(src/roarm_else/ros2web_app/web_app/src) by extensions ['colcon_meta']
[0.081s] Level 1:colcon.colcon_core.package_identification:_identify(src/roarm_else/ros2web_app/web_app/src) by extension 'colcon_meta'
[0.081s] Level 1:colcon.colcon_core.package_identification:_identify(src/roarm_else/ros2web_app/web_app/src) by extensions ['ros']
[0.081s] Level 1:colcon.colcon_core.package_identification:_identify(src/roarm_else/ros2web_app/web_app/src) by extension 'ros'
[0.081s] Level 1:colcon.colcon_core.package_identification:_identify(src/roarm_else/ros2web_app/web_app/src) by extensions ['cmake', 'python']
[0.081s] Level 1:colcon.colcon_core.package_identification:_identify(src/roarm_else/ros2web_app/web_app/src) by extension 'cmake'
[0.081s] Level 1:colcon.colcon_core.package_identification:_identify(src/roarm_else/ros2web_app/web_app/src) by extension 'python'
[0.081s] Level 1:colcon.colcon_core.package_identification:_identify(src/roarm_else/ros2web_app/web_app/src) by extensions ['python_setup_py']
[0.081s] Level 1:colcon.colcon_core.package_identification:_identify(src/roarm_else/ros2web_app/web_app/src) by extension 'python_setup_py'
[0.081s] Level 1:colcon.colcon_core.package_identification:_identify(src/roarm_else/ros2web_app/web_app/src/assets) by extensions ['ignore', 'ignore_ament_install']
[0.081s] Level 1:colcon.colcon_core.package_identification:_identify(src/roarm_else/ros2web_app/web_app/src/assets) by extension 'ignore'
[0.081s] Level 1:colcon.colcon_core.package_identification:_identify(src/roarm_else/ros2web_app/web_app/src/assets) by extension 'ignore_ament_install'
[0.082s] Level 1:colcon.colcon_core.package_identification:_identify(src/roarm_else/ros2web_app/web_app/src/assets) by extensions ['colcon_pkg']
[0.082s] Level 1:colcon.colcon_core.package_identification:_identify(src/roarm_else/ros2web_app/web_app/src/assets) by extension 'colcon_pkg'
[0.082s] Level 1:colcon.colcon_core.package_identification:_identify(src/roarm_else/ros2web_app/web_app/src/assets) by extensions ['colcon_meta']
[0.082s] Level 1:colcon.colcon_core.package_identification:_identify(src/roarm_else/ros2web_app/web_app/src/assets) by extension 'colcon_meta'
[0.082s] Level 1:colcon.colcon_core.package_identification:_identify(src/roarm_else/ros2web_app/web_app/src/assets) by extensions ['ros']
[0.082s] Level 1:colcon.colcon_core.package_identification:_identify(src/roarm_else/ros2web_app/web_app/src/assets) by extension 'ros'
[0.082s] Level 1:colcon.colcon_core.package_identification:_identify(src/roarm_else/ros2web_app/web_app/src/assets) by extensions ['cmake', 'python']
[0.082s] Level 1:colcon.colcon_core.package_identification:_identify(src/roarm_else/ros2web_app/web_app/src/assets) by extension 'cmake'
[0.082s] Level 1:colcon.colcon_core.package_identification:_identify(src/roarm_else/ros2web_app/web_app/src/assets) by extension 'python'
[0.082s] Level 1:colcon.colcon_core.package_identification:_identify(src/roarm_else/ros2web_app/web_app/src/assets) by extensions ['python_setup_py']
[0.082s] Level 1:colcon.colcon_core.package_identification:_identify(src/roarm_else/ros2web_app/web_app/src/assets) by extension 'python_setup_py'
[0.082s] Level 1:colcon.colcon_core.package_identification:_identify(src/roarm_else/ros2web_app/web_app/src/components) by extensions ['ignore', 'ignore_ament_install']
[0.082s] Level 1:colcon.colcon_core.package_identification:_identify(src/roarm_else/ros2web_app/web_app/src/components) by extension 'ignore'
[0.082s] Level 1:colcon.colcon_core.package_identification:_identify(src/roarm_else/ros2web_app/web_app/src/components) by extension 'ignore_ament_install'
[0.082s] Level 1:colcon.colcon_core.package_identification:_identify(src/roarm_else/ros2web_app/web_app/src/components) by extensions ['colcon_pkg']
[0.082s] Level 1:colcon.colcon_core.package_identification:_identify(src/roarm_else/ros2web_app/web_app/src/components) by extension 'colcon_pkg'
[0.082s] Level 1:colcon.colcon_core.package_identification:_identify(src/roarm_else/ros2web_app/web_app/src/components) by extensions ['colcon_meta']
[0.082s] Level 1:colcon.colcon_core.package_identification:_identify(src/roarm_else/ros2web_app/web_app/src/components) by extension 'colcon_meta'
[0.082s] Level 1:colcon.colcon_core.package_identification:_identify(src/roarm_else/ros2web_app/web_app/src/components) by extensions ['ros']
[0.082s] Level 1:colcon.colcon_core.package_identification:_identify(src/roarm_else/ros2web_app/web_app/src/components) by extension 'ros'
[0.082s] Level 1:colcon.colcon_core.package_identification:_identify(src/roarm_else/ros2web_app/web_app/src/components) by extensions ['cmake', 'python']
[0.082s] Level 1:colcon.colcon_core.package_identification:_identify(src/roarm_else/ros2web_app/web_app/src/components) by extension 'cmake'
[0.082s] Level 1:colcon.colcon_core.package_identification:_identify(src/roarm_else/ros2web_app/web_app/src/components) by extension 'python'
[0.082s] Level 1:colcon.colcon_core.package_identification:_identify(src/roarm_else/ros2web_app/web_app/src/components) by extensions ['python_setup_py']
[0.082s] Level 1:colcon.colcon_core.package_identification:_identify(src/roarm_else/ros2web_app/web_app/src/components) by extension 'python_setup_py'
[0.082s] Level 1:colcon.colcon_core.package_identification:_identify(src/roarm_else/ros2web_app/web_app/src/components/Grid) by extensions ['ignore', 'ignore_ament_install']
[0.082s] Level 1:colcon.colcon_core.package_identification:_identify(src/roarm_else/ros2web_app/web_app/src/components/Grid) by extension 'ignore'
[0.082s] Level 1:colcon.colcon_core.package_identification:_identify(src/roarm_else/ros2web_app/web_app/src/components/Grid) by extension 'ignore_ament_install'
[0.082s] Level 1:colcon.colcon_core.package_identification:_identify(src/roarm_else/ros2web_app/web_app/src/components/Grid) by extensions ['colcon_pkg']
[0.082s] Level 1:colcon.colcon_core.package_identification:_identify(src/roarm_else/ros2web_app/web_app/src/components/Grid) by extension 'colcon_pkg'
[0.082s] Level 1:colcon.colcon_core.package_identification:_identify(src/roarm_else/ros2web_app/web_app/src/components/Grid) by extensions ['colcon_meta']
[0.082s] Level 1:colcon.colcon_core.package_identification:_identify(src/roarm_else/ros2web_app/web_app/src/components/Grid) by extension 'colcon_meta'
[0.082s] Level 1:colcon.colcon_core.package_identification:_identify(src/roarm_else/ros2web_app/web_app/src/components/Grid) by extensions ['ros']
[0.082s] Level 1:colcon.colcon_core.package_identification:_identify(src/roarm_else/ros2web_app/web_app/src/components/Grid) by extension 'ros'
[0.082s] Level 1:colcon.colcon_core.package_identification:_identify(src/roarm_else/ros2web_app/web_app/src/components/Grid) by extensions ['cmake', 'python']
[0.082s] Level 1:colcon.colcon_core.package_identification:_identify(src/roarm_else/ros2web_app/web_app/src/components/Grid) by extension 'cmake'
[0.082s] Level 1:colcon.colcon_core.package_identification:_identify(src/roarm_else/ros2web_app/web_app/src/components/Grid) by extension 'python'
[0.082s] Level 1:colcon.colcon_core.package_identification:_identify(src/roarm_else/ros2web_app/web_app/src/components/Grid) by extensions ['python_setup_py']
[0.082s] Level 1:colcon.colcon_core.package_identification:_identify(src/roarm_else/ros2web_app/web_app/src/components/Grid) by extension 'python_setup_py'
[0.082s] Level 1:colcon.colcon_core.package_identification:_identify(src/roarm_else/ros2web_app/web_app/src/components/Image) by extensions ['ignore', 'ignore_ament_install']
[0.082s] Level 1:colcon.colcon_core.package_identification:_identify(src/roarm_else/ros2web_app/web_app/src/components/Image) by extension 'ignore'
[0.082s] Level 1:colcon.colcon_core.package_identification:_identify(src/roarm_else/ros2web_app/web_app/src/components/Image) by extension 'ignore_ament_install'
[0.082s] Level 1:colcon.colcon_core.package_identification:_identify(src/roarm_else/ros2web_app/web_app/src/components/Image) by extensions ['colcon_pkg']
[0.082s] Level 1:colcon.colcon_core.package_identification:_identify(src/roarm_else/ros2web_app/web_app/src/components/Image) by extension 'colcon_pkg'
[0.082s] Level 1:colcon.colcon_core.package_identification:_identify(src/roarm_else/ros2web_app/web_app/src/components/Image) by extensions ['colcon_meta']
[0.082s] Level 1:colcon.colcon_core.package_identification:_identify(src/roarm_else/ros2web_app/web_app/src/components/Image) by extension 'colcon_meta'
[0.082s] Level 1:colcon.colcon_core.package_identification:_identify(src/roarm_else/ros2web_app/web_app/src/components/Image) by extensions ['ros']
[0.082s] Level 1:colcon.colcon_core.package_identification:_identify(src/roarm_else/ros2web_app/web_app/src/components/Image) by extension 'ros'
[0.082s] Level 1:colcon.colcon_core.package_identification:_identify(src/roarm_else/ros2web_app/web_app/src/components/Image) by extensions ['cmake', 'python']
[0.082s] Level 1:colcon.colcon_core.package_identification:_identify(src/roarm_else/ros2web_app/web_app/src/components/Image) by extension 'cmake'
[0.082s] Level 1:colcon.colcon_core.package_identification:_identify(src/roarm_else/ros2web_app/web_app/src/components/Image) by extension 'python'
[0.082s] Level 1:colcon.colcon_core.package_identification:_identify(src/roarm_else/ros2web_app/web_app/src/components/Image) by extensions ['python_setup_py']
[0.082s] Level 1:colcon.colcon_core.package_identification:_identify(src/roarm_else/ros2web_app/web_app/src/components/Image) by extension 'python_setup_py'
[0.082s] Level 1:colcon.colcon_core.package_identification:_identify(src/roarm_else/ros2web_app/web_app/src/components/InputGroup) by extensions ['ignore', 'ignore_ament_install']
[0.082s] Level 1:colcon.colcon_core.package_identification:_identify(src/roarm_else/ros2web_app/web_app/src/components/InputGroup) by extension 'ignore'
[0.083s] Level 1:colcon.colcon_core.package_identification:_identify(src/roarm_else/ros2web_app/web_app/src/components/InputGroup) by extension 'ignore_ament_install'
[0.083s] Level 1:colcon.colcon_core.package_identification:_identify(src/roarm_else/ros2web_app/web_app/src/components/InputGroup) by extensions ['colcon_pkg']
[0.083s] Level 1:colcon.colcon_core.package_identification:_identify(src/roarm_else/ros2web_app/web_app/src/components/InputGroup) by extension 'colcon_pkg'
[0.083s] Level 1:colcon.colcon_core.package_identification:_identify(src/roarm_else/ros2web_app/web_app/src/components/InputGroup) by extensions ['colcon_meta']
[0.083s] Level 1:colcon.colcon_core.package_identification:_identify(src/roarm_else/ros2web_app/web_app/src/components/InputGroup) by extension 'colcon_meta'
[0.083s] Level 1:colcon.colcon_core.package_identification:_identify(src/roarm_else/ros2web_app/web_app/src/components/InputGroup) by extensions ['ros']
[0.083s] Level 1:colcon.colcon_core.package_identification:_identify(src/roarm_else/ros2web_app/web_app/src/components/InputGroup) by extension 'ros'
[0.083s] Level 1:colcon.colcon_core.package_identification:_identify(src/roarm_else/ros2web_app/web_app/src/components/InputGroup) by extensions ['cmake', 'python']
[0.083s] Level 1:colcon.colcon_core.package_identification:_identify(src/roarm_else/ros2web_app/web_app/src/components/InputGroup) by extension 'cmake'
[0.083s] Level 1:colcon.colcon_core.package_identification:_identify(src/roarm_else/ros2web_app/web_app/src/components/InputGroup) by extension 'python'
[0.083s] Level 1:colcon.colcon_core.package_identification:_identify(src/roarm_else/ros2web_app/web_app/src/components/InputGroup) by extensions ['python_setup_py']
[0.083s] Level 1:colcon.colcon_core.package_identification:_identify(src/roarm_else/ros2web_app/web_app/src/components/InputGroup) by extension 'python_setup_py'
[0.083s] Level 1:colcon.colcon_core.package_identification:_identify(src/roarm_else/ros2web_app/web_app/src/components/Joystick) by extensions ['ignore', 'ignore_ament_install']
[0.083s] Level 1:colcon.colcon_core.package_identification:_identify(src/roarm_else/ros2web_app/web_app/src/components/Joystick) by extension 'ignore'
[0.083s] Level 1:colcon.colcon_core.package_identification:_identify(src/roarm_else/ros2web_app/web_app/src/components/Joystick) by extension 'ignore_ament_install'
[0.083s] Level 1:colcon.colcon_core.package_identification:_identify(src/roarm_else/ros2web_app/web_app/src/components/Joystick) by extensions ['colcon_pkg']
[0.083s] Level 1:colcon.colcon_core.package_identification:_identify(src/roarm_else/ros2web_app/web_app/src/components/Joystick) by extension 'colcon_pkg'
[0.083s] Level 1:colcon.colcon_core.package_identification:_identify(src/roarm_else/ros2web_app/web_app/src/components/Joystick) by extensions ['colcon_meta']
[0.083s] Level 1:colcon.colcon_core.package_identification:_identify(src/roarm_else/ros2web_app/web_app/src/components/Joystick) by extension 'colcon_meta'
[0.083s] Level 1:colcon.colcon_core.package_identification:_identify(src/roarm_else/ros2web_app/web_app/src/components/Joystick) by extensions ['ros']
[0.083s] Level 1:colcon.colcon_core.package_identification:_identify(src/roarm_else/ros2web_app/web_app/src/components/Joystick) by extension 'ros'
[0.083s] Level 1:colcon.colcon_core.package_identification:_identify(src/roarm_else/ros2web_app/web_app/src/components/Joystick) by extensions ['cmake', 'python']
[0.083s] Level 1:colcon.colcon_core.package_identification:_identify(src/roarm_else/ros2web_app/web_app/src/components/Joystick) by extension 'cmake'
[0.083s] Level 1:colcon.colcon_core.package_identification:_identify(src/roarm_else/ros2web_app/web_app/src/components/Joystick) by extension 'python'
[0.083s] Level 1:colcon.colcon_core.package_identification:_identify(src/roarm_else/ros2web_app/web_app/src/components/Joystick) by extensions ['python_setup_py']
[0.083s] Level 1:colcon.colcon_core.package_identification:_identify(src/roarm_else/ros2web_app/web_app/src/components/Joystick) by extension 'python_setup_py'
[0.083s] Level 1:colcon.colcon_core.package_identification:_identify(src/roarm_else/ros2web_app/web_app/src/components/SimpleInput) by extensions ['ignore', 'ignore_ament_install']
[0.083s] Level 1:colcon.colcon_core.package_identification:_identify(src/roarm_else/ros2web_app/web_app/src/components/SimpleInput) by extension 'ignore'
[0.083s] Level 1:colcon.colcon_core.package_identification:_identify(src/roarm_else/ros2web_app/web_app/src/components/SimpleInput) by extension 'ignore_ament_install'
[0.083s] Level 1:colcon.colcon_core.package_identification:_identify(src/roarm_else/ros2web_app/web_app/src/components/SimpleInput) by extensions ['colcon_pkg']
[0.083s] Level 1:colcon.colcon_core.package_identification:_identify(src/roarm_else/ros2web_app/web_app/src/components/SimpleInput) by extension 'colcon_pkg'
[0.083s] Level 1:colcon.colcon_core.package_identification:_identify(src/roarm_else/ros2web_app/web_app/src/components/SimpleInput) by extensions ['colcon_meta']
[0.083s] Level 1:colcon.colcon_core.package_identification:_identify(src/roarm_else/ros2web_app/web_app/src/components/SimpleInput) by extension 'colcon_meta'
[0.083s] Level 1:colcon.colcon_core.package_identification:_identify(src/roarm_else/ros2web_app/web_app/src/components/SimpleInput) by extensions ['ros']
[0.083s] Level 1:colcon.colcon_core.package_identification:_identify(src/roarm_else/ros2web_app/web_app/src/components/SimpleInput) by extension 'ros'
[0.083s] Level 1:colcon.colcon_core.package_identification:_identify(src/roarm_else/ros2web_app/web_app/src/components/SimpleInput) by extensions ['cmake', 'python']
[0.083s] Level 1:colcon.colcon_core.package_identification:_identify(src/roarm_else/ros2web_app/web_app/src/components/SimpleInput) by extension 'cmake'
[0.083s] Level 1:colcon.colcon_core.package_identification:_identify(src/roarm_else/ros2web_app/web_app/src/components/SimpleInput) by extension 'python'
[0.083s] Level 1:colcon.colcon_core.package_identification:_identify(src/roarm_else/ros2web_app/web_app/src/components/SimpleInput) by extensions ['python_setup_py']
[0.083s] Level 1:colcon.colcon_core.package_identification:_identify(src/roarm_else/ros2web_app/web_app/src/components/SimpleInput) by extension 'python_setup_py'
[0.083s] Level 1:colcon.colcon_core.package_identification:_identify(src/roarm_else/ros2web_app/web_app/src/components/SimpleList) by extensions ['ignore', 'ignore_ament_install']
[0.083s] Level 1:colcon.colcon_core.package_identification:_identify(src/roarm_else/ros2web_app/web_app/src/components/SimpleList) by extension 'ignore'
[0.083s] Level 1:colcon.colcon_core.package_identification:_identify(src/roarm_else/ros2web_app/web_app/src/components/SimpleList) by extension 'ignore_ament_install'
[0.083s] Level 1:colcon.colcon_core.package_identification:_identify(src/roarm_else/ros2web_app/web_app/src/components/SimpleList) by extensions ['colcon_pkg']
[0.083s] Level 1:colcon.colcon_core.package_identification:_identify(src/roarm_else/ros2web_app/web_app/src/components/SimpleList) by extension 'colcon_pkg'
[0.083s] Level 1:colcon.colcon_core.package_identification:_identify(src/roarm_else/ros2web_app/web_app/src/components/SimpleList) by extensions ['colcon_meta']
[0.083s] Level 1:colcon.colcon_core.package_identification:_identify(src/roarm_else/ros2web_app/web_app/src/components/SimpleList) by extension 'colcon_meta'
[0.083s] Level 1:colcon.colcon_core.package_identification:_identify(src/roarm_else/ros2web_app/web_app/src/components/SimpleList) by extensions ['ros']
[0.083s] Level 1:colcon.colcon_core.package_identification:_identify(src/roarm_else/ros2web_app/web_app/src/components/SimpleList) by extension 'ros'
[0.083s] Level 1:colcon.colcon_core.package_identification:_identify(src/roarm_else/ros2web_app/web_app/src/components/SimpleList) by extensions ['cmake', 'python']
[0.083s] Level 1:colcon.colcon_core.package_identification:_identify(src/roarm_else/ros2web_app/web_app/src/components/SimpleList) by extension 'cmake'
[0.083s] Level 1:colcon.colcon_core.package_identification:_identify(src/roarm_else/ros2web_app/web_app/src/components/SimpleList) by extension 'python'
[0.083s] Level 1:colcon.colcon_core.package_identification:_identify(src/roarm_else/ros2web_app/web_app/src/components/SimpleList) by extensions ['python_setup_py']
[0.083s] Level 1:colcon.colcon_core.package_identification:_identify(src/roarm_else/ros2web_app/web_app/src/components/SimpleList) by extension 'python_setup_py'
[0.083s] Level 1:colcon.colcon_core.package_identification:_identify(src/roarm_else/ros2web_app/web_app/src/components/Slider) by extensions ['ignore', 'ignore_ament_install']
[0.083s] Level 1:colcon.colcon_core.package_identification:_identify(src/roarm_else/ros2web_app/web_app/src/components/Slider) by extension 'ignore'
[0.084s] Level 1:colcon.colcon_core.package_identification:_identify(src/roarm_else/ros2web_app/web_app/src/components/Slider) by extension 'ignore_ament_install'
[0.084s] Level 1:colcon.colcon_core.package_identification:_identify(src/roarm_else/ros2web_app/web_app/src/components/Slider) by extensions ['colcon_pkg']
[0.084s] Level 1:colcon.colcon_core.package_identification:_identify(src/roarm_else/ros2web_app/web_app/src/components/Slider) by extension 'colcon_pkg'
[0.084s] Level 1:colcon.colcon_core.package_identification:_identify(src/roarm_else/ros2web_app/web_app/src/components/Slider) by extensions ['colcon_meta']
[0.084s] Level 1:colcon.colcon_core.package_identification:_identify(src/roarm_else/ros2web_app/web_app/src/components/Slider) by extension 'colcon_meta'
[0.084s] Level 1:colcon.colcon_core.package_identification:_identify(src/roarm_else/ros2web_app/web_app/src/components/Slider) by extensions ['ros']
[0.084s] Level 1:colcon.colcon_core.package_identification:_identify(src/roarm_else/ros2web_app/web_app/src/components/Slider) by extension 'ros'
[0.084s] Level 1:colcon.colcon_core.package_identification:_identify(src/roarm_else/ros2web_app/web_app/src/components/Slider) by extensions ['cmake', 'python']
[0.084s] Level 1:colcon.colcon_core.package_identification:_identify(src/roarm_else/ros2web_app/web_app/src/components/Slider) by extension 'cmake'
[0.084s] Level 1:colcon.colcon_core.package_identification:_identify(src/roarm_else/ros2web_app/web_app/src/components/Slider) by extension 'python'
[0.084s] Level 1:colcon.colcon_core.package_identification:_identify(src/roarm_else/ros2web_app/web_app/src/components/Slider) by extensions ['python_setup_py']
[0.084s] Level 1:colcon.colcon_core.package_identification:_identify(src/roarm_else/ros2web_app/web_app/src/components/Slider) by extension 'python_setup_py'
[0.084s] Level 1:colcon.colcon_core.package_identification:_identify(src/roarm_else/ros2web_app/web_app/src/components/Switch) by extensions ['ignore', 'ignore_ament_install']
[0.084s] Level 1:colcon.colcon_core.package_identification:_identify(src/roarm_else/ros2web_app/web_app/src/components/Switch) by extension 'ignore'
[0.084s] Level 1:colcon.colcon_core.package_identification:_identify(src/roarm_else/ros2web_app/web_app/src/components/Switch) by extension 'ignore_ament_install'
[0.084s] Level 1:colcon.colcon_core.package_identification:_identify(src/roarm_else/ros2web_app/web_app/src/components/Switch) by extensions ['colcon_pkg']
[0.084s] Level 1:colcon.colcon_core.package_identification:_identify(src/roarm_else/ros2web_app/web_app/src/components/Switch) by extension 'colcon_pkg'
[0.084s] Level 1:colcon.colcon_core.package_identification:_identify(src/roarm_else/ros2web_app/web_app/src/components/Switch) by extensions ['colcon_meta']
[0.084s] Level 1:colcon.colcon_core.package_identification:_identify(src/roarm_else/ros2web_app/web_app/src/components/Switch) by extension 'colcon_meta'
[0.084s] Level 1:colcon.colcon_core.package_identification:_identify(src/roarm_else/ros2web_app/web_app/src/components/Switch) by extensions ['ros']
[0.084s] Level 1:colcon.colcon_core.package_identification:_identify(src/roarm_else/ros2web_app/web_app/src/components/Switch) by extension 'ros'
[0.084s] Level 1:colcon.colcon_core.package_identification:_identify(src/roarm_else/ros2web_app/web_app/src/components/Switch) by extensions ['cmake', 'python']
[0.084s] Level 1:colcon.colcon_core.package_identification:_identify(src/roarm_else/ros2web_app/web_app/src/components/Switch) by extension 'cmake'
[0.084s] Level 1:colcon.colcon_core.package_identification:_identify(src/roarm_else/ros2web_app/web_app/src/components/Switch) by extension 'python'
[0.084s] Level 1:colcon.colcon_core.package_identification:_identify(src/roarm_else/ros2web_app/web_app/src/components/Switch) by extensions ['python_setup_py']
[0.084s] Level 1:colcon.colcon_core.package_identification:_identify(src/roarm_else/ros2web_app/web_app/src/components/Switch) by extension 'python_setup_py'
[0.084s] Level 1:colcon.colcon_core.package_identification:_identify(src/roarm_else/ros2web_app/web_app/src/containers) by extensions ['ignore', 'ignore_ament_install']
[0.084s] Level 1:colcon.colcon_core.package_identification:_identify(src/roarm_else/ros2web_app/web_app/src/containers) by extension 'ignore'
[0.084s] Level 1:colcon.colcon_core.package_identification:_identify(src/roarm_else/ros2web_app/web_app/src/containers) by extension 'ignore_ament_install'
[0.084s] Level 1:colcon.colcon_core.package_identification:_identify(src/roarm_else/ros2web_app/web_app/src/containers) by extensions ['colcon_pkg']
[0.084s] Level 1:colcon.colcon_core.package_identification:_identify(src/roarm_else/ros2web_app/web_app/src/containers) by extension 'colcon_pkg'
[0.084s] Level 1:colcon.colcon_core.package_identification:_identify(src/roarm_else/ros2web_app/web_app/src/containers) by extensions ['colcon_meta']
[0.084s] Level 1:colcon.colcon_core.package_identification:_identify(src/roarm_else/ros2web_app/web_app/src/containers) by extension 'colcon_meta'
[0.084s] Level 1:colcon.colcon_core.package_identification:_identify(src/roarm_else/ros2web_app/web_app/src/containers) by extensions ['ros']
[0.084s] Level 1:colcon.colcon_core.package_identification:_identify(src/roarm_else/ros2web_app/web_app/src/containers) by extension 'ros'
[0.084s] Level 1:colcon.colcon_core.package_identification:_identify(src/roarm_else/ros2web_app/web_app/src/containers) by extensions ['cmake', 'python']
[0.084s] Level 1:colcon.colcon_core.package_identification:_identify(src/roarm_else/ros2web_app/web_app/src/containers) by extension 'cmake'
[0.084s] Level 1:colcon.colcon_core.package_identification:_identify(src/roarm_else/ros2web_app/web_app/src/containers) by extension 'python'
[0.084s] Level 1:colcon.colcon_core.package_identification:_identify(src/roarm_else/ros2web_app/web_app/src/containers) by extensions ['python_setup_py']
[0.084s] Level 1:colcon.colcon_core.package_identification:_identify(src/roarm_else/ros2web_app/web_app/src/containers) by extension 'python_setup_py'
[0.084s] Level 1:colcon.colcon_core.package_identification:_identify(src/roarm_else/ros2web_app/web_app/src/containers/App) by extensions ['ignore', 'ignore_ament_install']
[0.084s] Level 1:colcon.colcon_core.package_identification:_identify(src/roarm_else/ros2web_app/web_app/src/containers/App) by extension 'ignore'
[0.084s] Level 1:colcon.colcon_core.package_identification:_identify(src/roarm_else/ros2web_app/web_app/src/containers/App) by extension 'ignore_ament_install'
[0.084s] Level 1:colcon.colcon_core.package_identification:_identify(src/roarm_else/ros2web_app/web_app/src/containers/App) by extensions ['colcon_pkg']
[0.084s] Level 1:colcon.colcon_core.package_identification:_identify(src/roarm_else/ros2web_app/web_app/src/containers/App) by extension 'colcon_pkg'
[0.084s] Level 1:colcon.colcon_core.package_identification:_identify(src/roarm_else/ros2web_app/web_app/src/containers/App) by extensions ['colcon_meta']
[0.084s] Level 1:colcon.colcon_core.package_identification:_identify(src/roarm_else/ros2web_app/web_app/src/containers/App) by extension 'colcon_meta'
[0.084s] Level 1:colcon.colcon_core.package_identification:_identify(src/roarm_else/ros2web_app/web_app/src/containers/App) by extensions ['ros']
[0.084s] Level 1:colcon.colcon_core.package_identification:_identify(src/roarm_else/ros2web_app/web_app/src/containers/App) by extension 'ros'
[0.084s] Level 1:colcon.colcon_core.package_identification:_identify(src/roarm_else/ros2web_app/web_app/src/containers/App) by extensions ['cmake', 'python']
[0.084s] Level 1:colcon.colcon_core.package_identification:_identify(src/roarm_else/ros2web_app/web_app/src/containers/App) by extension 'cmake'
[0.084s] Level 1:colcon.colcon_core.package_identification:_identify(src/roarm_else/ros2web_app/web_app/src/containers/App) by extension 'python'
[0.084s] Level 1:colcon.colcon_core.package_identification:_identify(src/roarm_else/ros2web_app/web_app/src/containers/App) by extensions ['python_setup_py']
[0.084s] Level 1:colcon.colcon_core.package_identification:_identify(src/roarm_else/ros2web_app/web_app/src/containers/App) by extension 'python_setup_py'
[0.084s] Level 1:colcon.colcon_core.package_identification:_identify(src/roarm_else/ros2web_app/web_app/src/hooks) by extensions ['ignore', 'ignore_ament_install']
[0.085s] Level 1:colcon.colcon_core.package_identification:_identify(src/roarm_else/ros2web_app/web_app/src/hooks) by extension 'ignore'
[0.085s] Level 1:colcon.colcon_core.package_identification:_identify(src/roarm_else/ros2web_app/web_app/src/hooks) by extension 'ignore_ament_install'
[0.085s] Level 1:colcon.colcon_core.package_identification:_identify(src/roarm_else/ros2web_app/web_app/src/hooks) by extensions ['colcon_pkg']
[0.085s] Level 1:colcon.colcon_core.package_identification:_identify(src/roarm_else/ros2web_app/web_app/src/hooks) by extension 'colcon_pkg'
[0.085s] Level 1:colcon.colcon_core.package_identification:_identify(src/roarm_else/ros2web_app/web_app/src/hooks) by extensions ['colcon_meta']
[0.085s] Level 1:colcon.colcon_core.package_identification:_identify(src/roarm_else/ros2web_app/web_app/src/hooks) by extension 'colcon_meta'
[0.085s] Level 1:colcon.colcon_core.package_identification:_identify(src/roarm_else/ros2web_app/web_app/src/hooks) by extensions ['ros']
[0.085s] Level 1:colcon.colcon_core.package_identification:_identify(src/roarm_else/ros2web_app/web_app/src/hooks) by extension 'ros'
[0.085s] Level 1:colcon.colcon_core.package_identification:_identify(src/roarm_else/ros2web_app/web_app/src/hooks) by extensions ['cmake', 'python']
[0.085s] Level 1:colcon.colcon_core.package_identification:_identify(src/roarm_else/ros2web_app/web_app/src/hooks) by extension 'cmake'
[0.085s] Level 1:colcon.colcon_core.package_identification:_identify(src/roarm_else/ros2web_app/web_app/src/hooks) by extension 'python'
[0.085s] Level 1:colcon.colcon_core.package_identification:_identify(src/roarm_else/ros2web_app/web_app/src/hooks) by extensions ['python_setup_py']
[0.085s] Level 1:colcon.colcon_core.package_identification:_identify(src/roarm_else/ros2web_app/web_app/src/hooks) by extension 'python_setup_py'
[0.085s] Level 1:colcon.colcon_core.package_identification:_identify(src/roarm_else/ros2web_app/web_app/src/routes) by extensions ['ignore', 'ignore_ament_install']
[0.085s] Level 1:colcon.colcon_core.package_identification:_identify(src/roarm_else/ros2web_app/web_app/src/routes) by extension 'ignore'
[0.085s] Level 1:colcon.colcon_core.package_identification:_identify(src/roarm_else/ros2web_app/web_app/src/routes) by extension 'ignore_ament_install'
[0.085s] Level 1:colcon.colcon_core.package_identification:_identify(src/roarm_else/ros2web_app/web_app/src/routes) by extensions ['colcon_pkg']
[0.085s] Level 1:colcon.colcon_core.package_identification:_identify(src/roarm_else/ros2web_app/web_app/src/routes) by extension 'colcon_pkg'
[0.085s] Level 1:colcon.colcon_core.package_identification:_identify(src/roarm_else/ros2web_app/web_app/src/routes) by extensions ['colcon_meta']
[0.085s] Level 1:colcon.colcon_core.package_identification:_identify(src/roarm_else/ros2web_app/web_app/src/routes) by extension 'colcon_meta'
[0.085s] Level 1:colcon.colcon_core.package_identification:_identify(src/roarm_else/ros2web_app/web_app/src/routes) by extensions ['ros']
[0.085s] Level 1:colcon.colcon_core.package_identification:_identify(src/roarm_else/ros2web_app/web_app/src/routes) by extension 'ros'
[0.085s] Level 1:colcon.colcon_core.package_identification:_identify(src/roarm_else/ros2web_app/web_app/src/routes) by extensions ['cmake', 'python']
[0.085s] Level 1:colcon.colcon_core.package_identification:_identify(src/roarm_else/ros2web_app/web_app/src/routes) by extension 'cmake'
[0.085s] Level 1:colcon.colcon_core.package_identification:_identify(src/roarm_else/ros2web_app/web_app/src/routes) by extension 'python'
[0.085s] Level 1:colcon.colcon_core.package_identification:_identify(src/roarm_else/ros2web_app/web_app/src/routes) by extensions ['python_setup_py']
[0.085s] Level 1:colcon.colcon_core.package_identification:_identify(src/roarm_else/ros2web_app/web_app/src/routes) by extension 'python_setup_py'
[0.085s] Level 1:colcon.colcon_core.package_identification:_identify(src/roarm_else/ros2web_app/web_app/src/styles) by extensions ['ignore', 'ignore_ament_install']
[0.085s] Level 1:colcon.colcon_core.package_identification:_identify(src/roarm_else/ros2web_app/web_app/src/styles) by extension 'ignore'
[0.085s] Level 1:colcon.colcon_core.package_identification:_identify(src/roarm_else/ros2web_app/web_app/src/styles) by extension 'ignore_ament_install'
[0.085s] Level 1:colcon.colcon_core.package_identification:_identify(src/roarm_else/ros2web_app/web_app/src/styles) by extensions ['colcon_pkg']
[0.085s] Level 1:colcon.colcon_core.package_identification:_identify(src/roarm_else/ros2web_app/web_app/src/styles) by extension 'colcon_pkg'
[0.085s] Level 1:colcon.colcon_core.package_identification:_identify(src/roarm_else/ros2web_app/web_app/src/styles) by extensions ['colcon_meta']
[0.085s] Level 1:colcon.colcon_core.package_identification:_identify(src/roarm_else/ros2web_app/web_app/src/styles) by extension 'colcon_meta'
[0.085s] Level 1:colcon.colcon_core.package_identification:_identify(src/roarm_else/ros2web_app/web_app/src/styles) by extensions ['ros']
[0.085s] Level 1:colcon.colcon_core.package_identification:_identify(src/roarm_else/ros2web_app/web_app/src/styles) by extension 'ros'
[0.085s] Level 1:colcon.colcon_core.package_identification:_identify(src/roarm_else/ros2web_app/web_app/src/styles) by extensions ['cmake', 'python']
[0.085s] Level 1:colcon.colcon_core.package_identification:_identify(src/roarm_else/ros2web_app/web_app/src/styles) by extension 'cmake'
[0.085s] Level 1:colcon.colcon_core.package_identification:_identify(src/roarm_else/ros2web_app/web_app/src/styles) by extension 'python'
[0.085s] Level 1:colcon.colcon_core.package_identification:_identify(src/roarm_else/ros2web_app/web_app/src/styles) by extensions ['python_setup_py']
[0.085s] Level 1:colcon.colcon_core.package_identification:_identify(src/roarm_else/ros2web_app/web_app/src/styles) by extension 'python_setup_py'
[0.085s] Level 1:colcon.colcon_core.package_identification:_identify(src/roarm_else/ros2web_app/web_app/src/utils) by extensions ['ignore', 'ignore_ament_install']
[0.085s] Level 1:colcon.colcon_core.package_identification:_identify(src/roarm_else/ros2web_app/web_app/src/utils) by extension 'ignore'
[0.085s] Level 1:colcon.colcon_core.package_identification:_identify(src/roarm_else/ros2web_app/web_app/src/utils) by extension 'ignore_ament_install'
[0.085s] Level 1:colcon.colcon_core.package_identification:_identify(src/roarm_else/ros2web_app/web_app/src/utils) by extensions ['colcon_pkg']
[0.085s] Level 1:colcon.colcon_core.package_identification:_identify(src/roarm_else/ros2web_app/web_app/src/utils) by extension 'colcon_pkg'
[0.085s] Level 1:colcon.colcon_core.package_identification:_identify(src/roarm_else/ros2web_app/web_app/src/utils) by extensions ['colcon_meta']
[0.085s] Level 1:colcon.colcon_core.package_identification:_identify(src/roarm_else/ros2web_app/web_app/src/utils) by extension 'colcon_meta'
[0.085s] Level 1:colcon.colcon_core.package_identification:_identify(src/roarm_else/ros2web_app/web_app/src/utils) by extensions ['ros']
[0.085s] Level 1:colcon.colcon_core.package_identification:_identify(src/roarm_else/ros2web_app/web_app/src/utils) by extension 'ros'
[0.085s] Level 1:colcon.colcon_core.package_identification:_identify(src/roarm_else/ros2web_app/web_app/src/utils) by extensions ['cmake', 'python']
[0.085s] Level 1:colcon.colcon_core.package_identification:_identify(src/roarm_else/ros2web_app/web_app/src/utils) by extension 'cmake'
[0.085s] Level 1:colcon.colcon_core.package_identification:_identify(src/roarm_else/ros2web_app/web_app/src/utils) by extension 'python'
[0.085s] Level 1:colcon.colcon_core.package_identification:_identify(src/roarm_else/ros2web_app/web_app/src/utils) by extensions ['python_setup_py']
[0.085s] Level 1:colcon.colcon_core.package_identification:_identify(src/roarm_else/ros2web_app/web_app/src/utils) by extension 'python_setup_py'
[0.085s] Level 1:colcon.colcon_core.package_identification:_identify(src/roarm_main) by extensions ['ignore', 'ignore_ament_install']
[0.086s] Level 1:colcon.colcon_core.package_identification:_identify(src/roarm_main) by extension 'ignore'
[0.086s] Level 1:colcon.colcon_core.package_identification:_identify(src/roarm_main) by extension 'ignore_ament_install'
[0.086s] Level 1:colcon.colcon_core.package_identification:_identify(src/roarm_main) by extensions ['colcon_pkg']
[0.086s] Level 1:colcon.colcon_core.package_identification:_identify(src/roarm_main) by extension 'colcon_pkg'
[0.086s] Level 1:colcon.colcon_core.package_identification:_identify(src/roarm_main) by extensions ['colcon_meta']
[0.086s] Level 1:colcon.colcon_core.package_identification:_identify(src/roarm_main) by extension 'colcon_meta'
[0.086s] Level 1:colcon.colcon_core.package_identification:_identify(src/roarm_main) by extensions ['ros']
[0.086s] Level 1:colcon.colcon_core.package_identification:_identify(src/roarm_main) by extension 'ros'
[0.086s] Level 1:colcon.colcon_core.package_identification:_identify(src/roarm_main) by extensions ['cmake', 'python']
[0.086s] Level 1:colcon.colcon_core.package_identification:_identify(src/roarm_main) by extension 'cmake'
[0.086s] Level 1:colcon.colcon_core.package_identification:_identify(src/roarm_main) by extension 'python'
[0.086s] Level 1:colcon.colcon_core.package_identification:_identify(src/roarm_main) by extensions ['python_setup_py']
[0.086s] Level 1:colcon.colcon_core.package_identification:_identify(src/roarm_main) by extension 'python_setup_py'
[0.086s] Level 1:colcon.colcon_core.package_identification:_identify(src/roarm_main/moveit_servo) by extensions ['ignore', 'ignore_ament_install']
[0.086s] Level 1:colcon.colcon_core.package_identification:_identify(src/roarm_main/moveit_servo) by extension 'ignore'
[0.086s] Level 1:colcon.colcon_core.package_identification:_identify(src/roarm_main/moveit_servo) by extension 'ignore_ament_install'
[0.086s] Level 1:colcon.colcon_core.package_identification:_identify(src/roarm_main/moveit_servo) by extensions ['colcon_pkg']
[0.086s] Level 1:colcon.colcon_core.package_identification:_identify(src/roarm_main/moveit_servo) by extension 'colcon_pkg'
[0.086s] Level 1:colcon.colcon_core.package_identification:_identify(src/roarm_main/moveit_servo) by extensions ['colcon_meta']
[0.086s] Level 1:colcon.colcon_core.package_identification:_identify(src/roarm_main/moveit_servo) by extension 'colcon_meta'
[0.086s] Level 1:colcon.colcon_core.package_identification:_identify(src/roarm_main/moveit_servo) by extensions ['ros']
[0.086s] Level 1:colcon.colcon_core.package_identification:_identify(src/roarm_main/moveit_servo) by extension 'ros'
[0.086s] DEBUG:colcon.colcon_core.package_identification:Package 'src/roarm_main/moveit_servo' with type 'ros.ament_cmake' and name 'moveit_servo'
[0.086s] Level 1:colcon.colcon_core.package_identification:_identify(src/roarm_main/roarm_description) by extensions ['ignore', 'ignore_ament_install']
[0.086s] Level 1:colcon.colcon_core.package_identification:_identify(src/roarm_main/roarm_description) by extension 'ignore'
[0.086s] Level 1:colcon.colcon_core.package_identification:_identify(src/roarm_main/roarm_description) by extension 'ignore_ament_install'
[0.087s] Level 1:colcon.colcon_core.package_identification:_identify(src/roarm_main/roarm_description) by extensions ['colcon_pkg']
[0.087s] Level 1:colcon.colcon_core.package_identification:_identify(src/roarm_main/roarm_description) by extension 'colcon_pkg'
[0.087s] Level 1:colcon.colcon_core.package_identification:_identify(src/roarm_main/roarm_description) by extensions ['colcon_meta']
[0.087s] Level 1:colcon.colcon_core.package_identification:_identify(src/roarm_main/roarm_description) by extension 'colcon_meta'
[0.087s] Level 1:colcon.colcon_core.package_identification:_identify(src/roarm_main/roarm_description) by extensions ['ros']
[0.087s] Level 1:colcon.colcon_core.package_identification:_identify(src/roarm_main/roarm_description) by extension 'ros'
[0.087s] DEBUG:colcon.colcon_core.package_identification:Package 'src/roarm_main/roarm_description' with type 'ros.ament_cmake' and name 'roarm_description'
[0.087s] Level 1:colcon.colcon_core.package_identification:_identify(src/roarm_main/roarm_driver) by extensions ['ignore', 'ignore_ament_install']
[0.087s] Level 1:colcon.colcon_core.package_identification:_identify(src/roarm_main/roarm_driver) by extension 'ignore'
[0.087s] Level 1:colcon.colcon_core.package_identification:_identify(src/roarm_main/roarm_driver) by extension 'ignore_ament_install'
[0.087s] Level 1:colcon.colcon_core.package_identification:_identify(src/roarm_main/roarm_driver) by extensions ['colcon_pkg']
[0.087s] Level 1:colcon.colcon_core.package_identification:_identify(src/roarm_main/roarm_driver) by extension 'colcon_pkg'
[0.087s] Level 1:colcon.colcon_core.package_identification:_identify(src/roarm_main/roarm_driver) by extensions ['colcon_meta']
[0.087s] Level 1:colcon.colcon_core.package_identification:_identify(src/roarm_main/roarm_driver) by extension 'colcon_meta'
[0.087s] Level 1:colcon.colcon_core.package_identification:_identify(src/roarm_main/roarm_driver) by extensions ['ros']
[0.087s] Level 1:colcon.colcon_core.package_identification:_identify(src/roarm_main/roarm_driver) by extension 'ros'
[0.087s] DEBUG:colcon.colcon_core.package_identification:Package 'src/roarm_main/roarm_driver' with type 'ros.ament_python' and name 'roarm_driver'
[0.087s] Level 1:colcon.colcon_core.package_identification:_identify(src/roarm_main/roarm_moveit) by extensions ['ignore', 'ignore_ament_install']
[0.087s] Level 1:colcon.colcon_core.package_identification:_identify(src/roarm_main/roarm_moveit) by extension 'ignore'
[0.087s] Level 1:colcon.colcon_core.package_identification:_identify(src/roarm_main/roarm_moveit) by extension 'ignore_ament_install'
[0.087s] Level 1:colcon.colcon_core.package_identification:_identify(src/roarm_main/roarm_moveit) by extensions ['colcon_pkg']
[0.087s] Level 1:colcon.colcon_core.package_identification:_identify(src/roarm_main/roarm_moveit) by extension 'colcon_pkg'
[0.087s] Level 1:colcon.colcon_core.package_identification:_identify(src/roarm_main/roarm_moveit) by extensions ['colcon_meta']
[0.087s] Level 1:colcon.colcon_core.package_identification:_identify(src/roarm_main/roarm_moveit) by extension 'colcon_meta'
[0.087s] Level 1:colcon.colcon_core.package_identification:_identify(src/roarm_main/roarm_moveit) by extensions ['ros']
[0.087s] Level 1:colcon.colcon_core.package_identification:_identify(src/roarm_main/roarm_moveit) by extension 'ros'
[0.088s] DEBUG:colcon.colcon_core.package_identification:Package 'src/roarm_main/roarm_moveit' with type 'ros.ament_cmake' and name 'roarm_moveit'
[0.088s] Level 1:colcon.colcon_core.package_identification:_identify(src/roarm_main/roarm_moveit_cmd) by extensions ['ignore', 'ignore_ament_install']
[0.088s] Level 1:colcon.colcon_core.package_identification:_identify(src/roarm_main/roarm_moveit_cmd) by extension 'ignore'
[0.088s] Level 1:colcon.colcon_core.package_identification:_identify(src/roarm_main/roarm_moveit_cmd) by extension 'ignore_ament_install'
[0.088s] Level 1:colcon.colcon_core.package_identification:_identify(src/roarm_main/roarm_moveit_cmd) by extensions ['colcon_pkg']
[0.088s] Level 1:colcon.colcon_core.package_identification:_identify(src/roarm_main/roarm_moveit_cmd) by extension 'colcon_pkg'
[0.088s] Level 1:colcon.colcon_core.package_identification:_identify(src/roarm_main/roarm_moveit_cmd) by extensions ['colcon_meta']
[0.088s] Level 1:colcon.colcon_core.package_identification:_identify(src/roarm_main/roarm_moveit_cmd) by extension 'colcon_meta'
[0.088s] Level 1:colcon.colcon_core.package_identification:_identify(src/roarm_main/roarm_moveit_cmd) by extensions ['ros']
[0.088s] Level 1:colcon.colcon_core.package_identification:_identify(src/roarm_main/roarm_moveit_cmd) by extension 'ros'
[0.088s] DEBUG:colcon.colcon_core.package_identification:Package 'src/roarm_main/roarm_moveit_cmd' with type 'ros.ament_cmake' and name 'roarm_moveit_cmd'
[0.088s] Level 1:colcon.colcon_core.package_identification:_identify(src/roarm_main/roarm_moveit_ikfast_plugins) by extensions ['ignore', 'ignore_ament_install']
[0.089s] Level 1:colcon.colcon_core.package_identification:_identify(src/roarm_main/roarm_moveit_ikfast_plugins) by extension 'ignore'
[0.089s] Level 1:colcon.colcon_core.package_identification:_identify(src/roarm_main/roarm_moveit_ikfast_plugins) by extension 'ignore_ament_install'
[0.089s] Level 1:colcon.colcon_core.package_identification:_identify(src/roarm_main/roarm_moveit_ikfast_plugins) by extensions ['colcon_pkg']
[0.089s] Level 1:colcon.colcon_core.package_identification:_identify(src/roarm_main/roarm_moveit_ikfast_plugins) by extension 'colcon_pkg'
[0.089s] Level 1:colcon.colcon_core.package_identification:_identify(src/roarm_main/roarm_moveit_ikfast_plugins) by extensions ['colcon_meta']
[0.089s] Level 1:colcon.colcon_core.package_identification:_identify(src/roarm_main/roarm_moveit_ikfast_plugins) by extension 'colcon_meta'
[0.089s] Level 1:colcon.colcon_core.package_identification:_identify(src/roarm_main/roarm_moveit_ikfast_plugins) by extensions ['ros']
[0.089s] Level 1:colcon.colcon_core.package_identification:_identify(src/roarm_main/roarm_moveit_ikfast_plugins) by extension 'ros'
[0.089s] DEBUG:colcon.colcon_core.package_identification:Package 'src/roarm_main/roarm_moveit_ikfast_plugins' with type 'ros.ament_cmake' and name 'roarm_moveit_ikfast_plugins'
[0.089s] Level 1:colcon.colcon_core.package_identification:_identify(src/roarm_main/roarm_web_app) by extensions ['ignore', 'ignore_ament_install']
[0.089s] Level 1:colcon.colcon_core.package_identification:_identify(src/roarm_main/roarm_web_app) by extension 'ignore'
[0.089s] Level 1:colcon.colcon_core.package_identification:_identify(src/roarm_main/roarm_web_app) by extension 'ignore_ament_install'
[0.089s] Level 1:colcon.colcon_core.package_identification:_identify(src/roarm_main/roarm_web_app) by extensions ['colcon_pkg']
[0.089s] Level 1:colcon.colcon_core.package_identification:_identify(src/roarm_main/roarm_web_app) by extension 'colcon_pkg'
[0.089s] Level 1:colcon.colcon_core.package_identification:_identify(src/roarm_main/roarm_web_app) by extensions ['colcon_meta']
[0.089s] Level 1:colcon.colcon_core.package_identification:_identify(src/roarm_main/roarm_web_app) by extension 'colcon_meta'
[0.089s] Level 1:colcon.colcon_core.package_identification:_identify(src/roarm_main/roarm_web_app) by extensions ['ros']
[0.089s] Level 1:colcon.colcon_core.package_identification:_identify(src/roarm_main/roarm_web_app) by extension 'ros'
[0.089s] DEBUG:colcon.colcon_core.package_identification:Package 'src/roarm_main/roarm_web_app' with type 'ros.ament_python' and name 'roarm_web_app'
[0.089s] Level 1:colcon.colcon_core.package_discovery:discover_packages(recursive) using defaults
[0.089s] Level 1:colcon.colcon_core.package_discovery:discover_packages(ignore) discover
[0.089s] Level 1:colcon.colcon_core.package_discovery:discover_packages(ignore) using defaults
[0.089s] Level 1:colcon.colcon_core.package_discovery:discover_packages(path) discover
[0.089s] Level 1:colcon.colcon_core.package_discovery:discover_packages(path) using defaults
[0.099s] Level 1:colcon.colcon_core.package_discovery:discover_packages(prefix_path) check parameters
[0.099s] Level 1:colcon.colcon_core.package_discovery:discover_packages(prefix_path) discover
[0.100s] DEBUG:colcon.colcon_installed_package_information.package_discovery:Found 519 installed packages in /opt/ros/jazzy
[0.100s] Level 1:colcon.colcon_core.package_discovery:discover_packages(prefix_path) using defaults
[0.129s] Level 5:colcon.colcon_core.verb:set package 'launch_api' build argument 'cmake_args' from command line to 'None'
[0.129s] Level 5:colcon.colcon_core.verb:set package 'launch_api' build argument 'cmake_target' from command line to 'None'
[0.129s] Level 5:colcon.colcon_core.verb:set package 'launch_api' build argument 'cmake_target_skip_unavailable' from command line to 'False'
[0.129s] Level 5:colcon.colcon_core.verb:set package 'launch_api' build argument 'cmake_clean_cache' from command line to 'False'
[0.129s] Level 5:colcon.colcon_core.verb:set package 'launch_api' build argument 'cmake_clean_first' from command line to 'False'
[0.129s] Level 5:colcon.colcon_core.verb:set package 'launch_api' build argument 'cmake_force_configure' from command line to 'False'
[0.129s] Level 5:colcon.colcon_core.verb:set package 'launch_api' build argument 'ament_cmake_args' from command line to 'None'
[0.129s] Level 5:colcon.colcon_core.verb:set package 'launch_api' build argument 'catkin_cmake_args' from command line to 'None'
[0.129s] Level 5:colcon.colcon_core.verb:set package 'launch_api' build argument 'catkin_skip_building_tests' from command line to 'False'
[0.129s] DEBUG:colcon.colcon_core.verb:Building package 'launch_api' with the following arguments: {'ament_cmake_args': None, 'build_base': '/home/nameless/Desktop/RoARM_Jazzy_ws/src/roarm_ws_em0_jazzy/build/launch_api', 'catkin_cmake_args': None, 'catkin_skip_building_tests': False, 'cmake_args': None, 'cmake_clean_cache': False, 'cmake_clean_first': False, 'cmake_force_configure': False, 'cmake_target': None, 'cmake_target_skip_unavailable': False, 'install_base': '/home/nameless/Desktop/RoARM_Jazzy_ws/src/roarm_ws_em0_jazzy/install/launch_api', 'merge_install': False, 'path': '/home/nameless/Desktop/RoARM_Jazzy_ws/src/roarm_ws_em0_jazzy/src/roarm_else/launch_api', 'symlink_install': True, 'test_result_base': None}
[0.129s] Level 5:colcon.colcon_core.verb:set package 'moveit_servo' build argument 'cmake_args' from command line to 'None'
[0.129s] Level 5:colcon.colcon_core.verb:set package 'moveit_servo' build argument 'cmake_target' from command line to 'None'
[0.129s] Level 5:colcon.colcon_core.verb:set package 'moveit_servo' build argument 'cmake_target_skip_unavailable' from command line to 'False'
[0.129s] Level 5:colcon.colcon_core.verb:set package 'moveit_servo' build argument 'cmake_clean_cache' from command line to 'False'
[0.129s] Level 5:colcon.colcon_core.verb:set package 'moveit_servo' build argument 'cmake_clean_first' from command line to 'False'
[0.129s] Level 5:colcon.colcon_core.verb:set package 'moveit_servo' build argument 'cmake_force_configure' from command line to 'False'
[0.129s] Level 5:colcon.colcon_core.verb:set package 'moveit_servo' build argument 'ament_cmake_args' from command line to 'None'
[0.129s] Level 5:colcon.colcon_core.verb:set package 'moveit_servo' build argument 'catkin_cmake_args' from command line to 'None'
[0.129s] Level 5:colcon.colcon_core.verb:set package 'moveit_servo' build argument 'catkin_skip_building_tests' from command line to 'False'
[0.129s] DEBUG:colcon.colcon_core.verb:Building package 'moveit_servo' with the following arguments: {'ament_cmake_args': None, 'build_base': '/home/nameless/Desktop/RoARM_Jazzy_ws/src/roarm_ws_em0_jazzy/build/moveit_servo', 'catkin_cmake_args': None, 'catkin_skip_building_tests': False, 'cmake_args': None, 'cmake_clean_cache': False, 'cmake_clean_first': False, 'cmake_force_configure': False, 'cmake_target': None, 'cmake_target_skip_unavailable': False, 'install_base': '/home/nameless/Desktop/RoARM_Jazzy_ws/src/roarm_ws_em0_jazzy/install/moveit_servo', 'merge_install': False, 'path': '/home/nameless/Desktop/RoARM_Jazzy_ws/src/roarm_ws_em0_jazzy/src/roarm_main/moveit_servo', 'symlink_install': True, 'test_result_base': None}
[0.129s] Level 5:colcon.colcon_core.verb:set package 'roarm_description' build argument 'cmake_args' from command line to 'None'
[0.129s] Level 5:colcon.colcon_core.verb:set package 'roarm_description' build argument 'cmake_target' from command line to 'None'
[0.129s] Level 5:colcon.colcon_core.verb:set package 'roarm_description' build argument 'cmake_target_skip_unavailable' from command line to 'False'
[0.129s] Level 5:colcon.colcon_core.verb:set package 'roarm_description' build argument 'cmake_clean_cache' from command line to 'False'
[0.129s] Level 5:colcon.colcon_core.verb:set package 'roarm_description' build argument 'cmake_clean_first' from command line to 'False'
[0.129s] Level 5:colcon.colcon_core.verb:set package 'roarm_description' build argument 'cmake_force_configure' from command line to 'False'
[0.129s] Level 5:colcon.colcon_core.verb:set package 'roarm_description' build argument 'ament_cmake_args' from command line to 'None'
[0.129s] Level 5:colcon.colcon_core.verb:set package 'roarm_description' build argument 'catkin_cmake_args' from command line to 'None'
[0.129s] Level 5:colcon.colcon_core.verb:set package 'roarm_description' build argument 'catkin_skip_building_tests' from command line to 'False'
[0.129s] DEBUG:colcon.colcon_core.verb:Building package 'roarm_description' with the following arguments: {'ament_cmake_args': None, 'build_base': '/home/nameless/Desktop/RoARM_Jazzy_ws/src/roarm_ws_em0_jazzy/build/roarm_description', 'catkin_cmake_args': None, 'catkin_skip_building_tests': False, 'cmake_args': None, 'cmake_clean_cache': False, 'cmake_clean_first': False, 'cmake_force_configure': False, 'cmake_target': None, 'cmake_target_skip_unavailable': False, 'install_base': '/home/nameless/Desktop/RoARM_Jazzy_ws/src/roarm_ws_em0_jazzy/install/roarm_description', 'merge_install': False, 'path': '/home/nameless/Desktop/RoARM_Jazzy_ws/src/roarm_ws_em0_jazzy/src/roarm_main/roarm_description', 'symlink_install': True, 'test_result_base': None}
[0.129s] Level 5:colcon.colcon_core.verb:set package 'roarm_driver' build argument 'cmake_args' from command line to 'None'
[0.129s] Level 5:colcon.colcon_core.verb:set package 'roarm_driver' build argument 'cmake_target' from command line to 'None'
[0.129s] Level 5:colcon.colcon_core.verb:set package 'roarm_driver' build argument 'cmake_target_skip_unavailable' from command line to 'False'
[0.129s] Level 5:colcon.colcon_core.verb:set package 'roarm_driver' build argument 'cmake_clean_cache' from command line to 'False'
[0.129s] Level 5:colcon.colcon_core.verb:set package 'roarm_driver' build argument 'cmake_clean_first' from command line to 'False'
[0.129s] Level 5:colcon.colcon_core.verb:set package 'roarm_driver' build argument 'cmake_force_configure' from command line to 'False'
[0.129s] Level 5:colcon.colcon_core.verb:set package 'roarm_driver' build argument 'ament_cmake_args' from command line to 'None'
[0.129s] Level 5:colcon.colcon_core.verb:set package 'roarm_driver' build argument 'catkin_cmake_args' from command line to 'None'
[0.129s] Level 5:colcon.colcon_core.verb:set package 'roarm_driver' build argument 'catkin_skip_building_tests' from command line to 'False'
[0.129s] DEBUG:colcon.colcon_core.verb:Building package 'roarm_driver' with the following arguments: {'ament_cmake_args': None, 'build_base': '/home/nameless/Desktop/RoARM_Jazzy_ws/src/roarm_ws_em0_jazzy/build/roarm_driver', 'catkin_cmake_args': None, 'catkin_skip_building_tests': False, 'cmake_args': None, 'cmake_clean_cache': False, 'cmake_clean_first': False, 'cmake_force_configure': False, 'cmake_target': None, 'cmake_target_skip_unavailable': False, 'install_base': '/home/nameless/Desktop/RoARM_Jazzy_ws/src/roarm_ws_em0_jazzy/install/roarm_driver', 'merge_install': False, 'path': '/home/nameless/Desktop/RoARM_Jazzy_ws/src/roarm_ws_em0_jazzy/src/roarm_main/roarm_driver', 'symlink_install': True, 'test_result_base': None}
[0.130s] Level 5:colcon.colcon_core.verb:set package 'roarm_moveit_ikfast_plugins' build argument 'cmake_args' from command line to 'None'
[0.130s] Level 5:colcon.colcon_core.verb:set package 'roarm_moveit_ikfast_plugins' build argument 'cmake_target' from command line to 'None'
[0.130s] Level 5:colcon.colcon_core.verb:set package 'roarm_moveit_ikfast_plugins' build argument 'cmake_target_skip_unavailable' from command line to 'False'
[0.130s] Level 5:colcon.colcon_core.verb:set package 'roarm_moveit_ikfast_plugins' build argument 'cmake_clean_cache' from command line to 'False'
[0.130s] Level 5:colcon.colcon_core.verb:set package 'roarm_moveit_ikfast_plugins' build argument 'cmake_clean_first' from command line to 'False'
[0.130s] Level 5:colcon.colcon_core.verb:set package 'roarm_moveit_ikfast_plugins' build argument 'cmake_force_configure' from command line to 'False'
[0.130s] Level 5:colcon.colcon_core.verb:set package 'roarm_moveit_ikfast_plugins' build argument 'ament_cmake_args' from command line to 'None'
[0.130s] Level 5:colcon.colcon_core.verb:set package 'roarm_moveit_ikfast_plugins' build argument 'catkin_cmake_args' from command line to 'None'
[0.130s] Level 5:colcon.colcon_core.verb:set package 'roarm_moveit_ikfast_plugins' build argument 'catkin_skip_building_tests' from command line to 'False'
[0.130s] DEBUG:colcon.colcon_core.verb:Building package 'roarm_moveit_ikfast_plugins' with the following arguments: {'ament_cmake_args': None, 'build_base': '/home/nameless/Desktop/RoARM_Jazzy_ws/src/roarm_ws_em0_jazzy/build/roarm_moveit_ikfast_plugins', 'catkin_cmake_args': None, 'catkin_skip_building_tests': False, 'cmake_args': None, 'cmake_clean_cache': False, 'cmake_clean_first': False, 'cmake_force_configure': False, 'cmake_target': None, 'cmake_target_skip_unavailable': False, 'install_base': '/home/nameless/Desktop/RoARM_Jazzy_ws/src/roarm_ws_em0_jazzy/install/roarm_moveit_ikfast_plugins', 'merge_install': False, 'path': '/home/nameless/Desktop/RoARM_Jazzy_ws/src/roarm_ws_em0_jazzy/src/roarm_main/roarm_moveit_ikfast_plugins', 'symlink_install': True, 'test_result_base': None}
[0.130s] Level 5:colcon.colcon_core.verb:set package 'ros2web_interfaces' build argument 'cmake_args' from command line to 'None'
[0.130s] Level 5:colcon.colcon_core.verb:set package 'ros2web_interfaces' build argument 'cmake_target' from command line to 'None'
[0.130s] Level 5:colcon.colcon_core.verb:set package 'ros2web_interfaces' build argument 'cmake_target_skip_unavailable' from command line to 'False'
[0.130s] Level 5:colcon.colcon_core.verb:set package 'ros2web_interfaces' build argument 'cmake_clean_cache' from command line to 'False'
[0.130s] Level 5:colcon.colcon_core.verb:set package 'ros2web_interfaces' build argument 'cmake_clean_first' from command line to 'False'
[0.130s] Level 5:colcon.colcon_core.verb:set package 'ros2web_interfaces' build argument 'cmake_force_configure' from command line to 'False'
[0.130s] Level 5:colcon.colcon_core.verb:set package 'ros2web_interfaces' build argument 'ament_cmake_args' from command line to 'None'
[0.130s] Level 5:colcon.colcon_core.verb:set package 'ros2web_interfaces' build argument 'catkin_cmake_args' from command line to 'None'
[0.130s] Level 5:colcon.colcon_core.verb:set package 'ros2web_interfaces' build argument 'catkin_skip_building_tests' from command line to 'False'
[0.130s] DEBUG:colcon.colcon_core.verb:Building package 'ros2web_interfaces' with the following arguments: {'ament_cmake_args': None, 'build_base': '/home/nameless/Desktop/RoARM_Jazzy_ws/src/roarm_ws_em0_jazzy/build/ros2web_interfaces', 'catkin_cmake_args': None, 'catkin_skip_building_tests': False, 'cmake_args': None, 'cmake_clean_cache': False, 'cmake_clean_first': False, 'cmake_force_configure': False, 'cmake_target': None, 'cmake_target_skip_unavailable': False, 'install_base': '/home/nameless/Desktop/RoARM_Jazzy_ws/src/roarm_ws_em0_jazzy/install/ros2web_interfaces', 'merge_install': False, 'path': '/home/nameless/Desktop/RoARM_Jazzy_ws/src/roarm_ws_em0_jazzy/src/roarm_else/ros2web-ros2/ros2web_interfaces', 'symlink_install': True, 'test_result_base': None}
[0.130s] Level 5:colcon.colcon_core.verb:set package 'roarm_moveit' build argument 'cmake_args' from command line to 'None'
[0.130s] Level 5:colcon.colcon_core.verb:set package 'roarm_moveit' build argument 'cmake_target' from command line to 'None'
[0.130s] Level 5:colcon.colcon_core.verb:set package 'roarm_moveit' build argument 'cmake_target_skip_unavailable' from command line to 'False'
[0.130s] Level 5:colcon.colcon_core.verb:set package 'roarm_moveit' build argument 'cmake_clean_cache' from command line to 'False'
[0.130s] Level 5:colcon.colcon_core.verb:set package 'roarm_moveit' build argument 'cmake_clean_first' from command line to 'False'
[0.130s] Level 5:colcon.colcon_core.verb:set package 'roarm_moveit' build argument 'cmake_force_configure' from command line to 'False'
[0.130s] Level 5:colcon.colcon_core.verb:set package 'roarm_moveit' build argument 'ament_cmake_args' from command line to 'None'
[0.130s] Level 5:colcon.colcon_core.verb:set package 'roarm_moveit' build argument 'catkin_cmake_args' from command line to 'None'
[0.130s] Level 5:colcon.colcon_core.verb:set package 'roarm_moveit' build argument 'catkin_skip_building_tests' from command line to 'False'
[0.130s] DEBUG:colcon.colcon_core.verb:Building package 'roarm_moveit' with the following arguments: {'ament_cmake_args': None, 'build_base': '/home/nameless/Desktop/RoARM_Jazzy_ws/src/roarm_ws_em0_jazzy/build/roarm_moveit', 'catkin_cmake_args': None, 'catkin_skip_building_tests': False, 'cmake_args': None, 'cmake_clean_cache': False, 'cmake_clean_first': False, 'cmake_force_configure': False, 'cmake_target': None, 'cmake_target_skip_unavailable': False, 'install_base': '/home/nameless/Desktop/RoARM_Jazzy_ws/src/roarm_ws_em0_jazzy/install/roarm_moveit', 'merge_install': False, 'path': '/home/nameless/Desktop/RoARM_Jazzy_ws/src/roarm_ws_em0_jazzy/src/roarm_main/roarm_moveit', 'symlink_install': True, 'test_result_base': None}
[0.130s] Level 5:colcon.colcon_core.verb:set package 'ros2web' build argument 'cmake_args' from command line to 'None'
[0.130s] Level 5:colcon.colcon_core.verb:set package 'ros2web' build argument 'cmake_target' from command line to 'None'
[0.130s] Level 5:colcon.colcon_core.verb:set package 'ros2web' build argument 'cmake_target_skip_unavailable' from command line to 'False'
[0.130s] Level 5:colcon.colcon_core.verb:set package 'ros2web' build argument 'cmake_clean_cache' from command line to 'False'
[0.130s] Level 5:colcon.colcon_core.verb:set package 'ros2web' build argument 'cmake_clean_first' from command line to 'False'
[0.130s] Level 5:colcon.colcon_core.verb:set package 'ros2web' build argument 'cmake_force_configure' from command line to 'False'
[0.130s] Level 5:colcon.colcon_core.verb:set package 'ros2web' build argument 'ament_cmake_args' from command line to 'None'
[0.130s] Level 5:colcon.colcon_core.verb:set package 'ros2web' build argument 'catkin_cmake_args' from command line to 'None'
[0.130s] Level 5:colcon.colcon_core.verb:set package 'ros2web' build argument 'catkin_skip_building_tests' from command line to 'False'
[0.130s] DEBUG:colcon.colcon_core.verb:Building package 'ros2web' with the following arguments: {'ament_cmake_args': None, 'build_base': '/home/nameless/Desktop/RoARM_Jazzy_ws/src/roarm_ws_em0_jazzy/build/ros2web', 'catkin_cmake_args': None, 'catkin_skip_building_tests': False, 'cmake_args': None, 'cmake_clean_cache': False, 'cmake_clean_first': False, 'cmake_force_configure': False, 'cmake_target': None, 'cmake_target_skip_unavailable': False, 'install_base': '/home/nameless/Desktop/RoARM_Jazzy_ws/src/roarm_ws_em0_jazzy/install/ros2web', 'merge_install': False, 'path': '/home/nameless/Desktop/RoARM_Jazzy_ws/src/roarm_ws_em0_jazzy/src/roarm_else/ros2web-ros2/ros2web', 'symlink_install': True, 'test_result_base': None}
[0.130s] Level 5:colcon.colcon_core.verb:set package 'roarm_moveit_cmd' build argument 'cmake_args' from command line to 'None'
[0.130s] Level 5:colcon.colcon_core.verb:set package 'roarm_moveit_cmd' build argument 'cmake_target' from command line to 'None'
[0.130s] Level 5:colcon.colcon_core.verb:set package 'roarm_moveit_cmd' build argument 'cmake_target_skip_unavailable' from command line to 'False'
[0.130s] Level 5:colcon.colcon_core.verb:set package 'roarm_moveit_cmd' build argument 'cmake_clean_cache' from command line to 'False'
[0.130s] Level 5:colcon.colcon_core.verb:set package 'roarm_moveit_cmd' build argument 'cmake_clean_first' from command line to 'False'
[0.130s] Level 5:colcon.colcon_core.verb:set package 'roarm_moveit_cmd' build argument 'cmake_force_configure' from command line to 'False'
[0.130s] Level 5:colcon.colcon_core.verb:set package 'roarm_moveit_cmd' build argument 'ament_cmake_args' from command line to 'None'
[0.130s] Level 5:colcon.colcon_core.verb:set package 'roarm_moveit_cmd' build argument 'catkin_cmake_args' from command line to 'None'
[0.130s] Level 5:colcon.colcon_core.verb:set package 'roarm_moveit_cmd' build argument 'catkin_skip_building_tests' from command line to 'False'
[0.130s] DEBUG:colcon.colcon_core.verb:Building package 'roarm_moveit_cmd' with the following arguments: {'ament_cmake_args': None, 'build_base': '/home/nameless/Desktop/RoARM_Jazzy_ws/src/roarm_ws_em0_jazzy/build/roarm_moveit_cmd', 'catkin_cmake_args': None, 'catkin_skip_building_tests': False, 'cmake_args': None, 'cmake_clean_cache': False, 'cmake_clean_first': False, 'cmake_force_configure': False, 'cmake_target': None, 'cmake_target_skip_unavailable': False, 'install_base': '/home/nameless/Desktop/RoARM_Jazzy_ws/src/roarm_ws_em0_jazzy/install/roarm_moveit_cmd', 'merge_install': False, 'path': '/home/nameless/Desktop/RoARM_Jazzy_ws/src/roarm_ws_em0_jazzy/src/roarm_main/roarm_moveit_cmd', 'symlink_install': True, 'test_result_base': None}
[0.130s] Level 5:colcon.colcon_core.verb:set package 'ros2web_app' build argument 'cmake_args' from command line to 'None'
[0.130s] Level 5:colcon.colcon_core.verb:set package 'ros2web_app' build argument 'cmake_target' from command line to 'None'
[0.130s] Level 5:colcon.colcon_core.verb:set package 'ros2web_app' build argument 'cmake_target_skip_unavailable' from command line to 'False'
[0.130s] Level 5:colcon.colcon_core.verb:set package 'ros2web_app' build argument 'cmake_clean_cache' from command line to 'False'
[0.130s] Level 5:colcon.colcon_core.verb:set package 'ros2web_app' build argument 'cmake_clean_first' from command line to 'False'
[0.130s] Level 5:colcon.colcon_core.verb:set package 'ros2web_app' build argument 'cmake_force_configure' from command line to 'False'
[0.130s] Level 5:colcon.colcon_core.verb:set package 'ros2web_app' build argument 'ament_cmake_args' from command line to 'None'
[0.130s] Level 5:colcon.colcon_core.verb:set package 'ros2web_app' build argument 'catkin_cmake_args' from command line to 'None'
[0.130s] Level 5:colcon.colcon_core.verb:set package 'ros2web_app' build argument 'catkin_skip_building_tests' from command line to 'False'
[0.130s] DEBUG:colcon.colcon_core.verb:Building package 'ros2web_app' with the following arguments: {'ament_cmake_args': None, 'build_base': '/home/nameless/Desktop/RoARM_Jazzy_ws/src/roarm_ws_em0_jazzy/build/ros2web_app', 'catkin_cmake_args': None, 'catkin_skip_building_tests': False, 'cmake_args': None, 'cmake_clean_cache': False, 'cmake_clean_first': False, 'cmake_force_configure': False, 'cmake_target': None, 'cmake_target_skip_unavailable': False, 'install_base': '/home/nameless/Desktop/RoARM_Jazzy_ws/src/roarm_ws_em0_jazzy/install/ros2web_app', 'merge_install': False, 'path': '/home/nameless/Desktop/RoARM_Jazzy_ws/src/roarm_ws_em0_jazzy/src/roarm_else/ros2web_app/ros2web_app', 'symlink_install': True, 'test_result_base': None}
[0.130s] Level 5:colcon.colcon_core.verb:set package 'ros2web_example_py' build argument 'cmake_args' from command line to 'None'
[0.131s] Level 5:colcon.colcon_core.verb:set package 'ros2web_example_py' build argument 'cmake_target' from command line to 'None'
[0.131s] Level 5:colcon.colcon_core.verb:set package 'ros2web_example_py' build argument 'cmake_target_skip_unavailable' from command line to 'False'
[0.131s] Level 5:colcon.colcon_core.verb:set package 'ros2web_example_py' build argument 'cmake_clean_cache' from command line to 'False'
[0.131s] Level 5:colcon.colcon_core.verb:set package 'ros2web_example_py' build argument 'cmake_clean_first' from command line to 'False'
[0.131s] Level 5:colcon.colcon_core.verb:set package 'ros2web_example_py' build argument 'cmake_force_configure' from command line to 'False'
[0.131s] Level 5:colcon.colcon_core.verb:set package 'ros2web_example_py' build argument 'ament_cmake_args' from command line to 'None'
[0.131s] Level 5:colcon.colcon_core.verb:set package 'ros2web_example_py' build argument 'catkin_cmake_args' from command line to 'None'
[0.131s] Level 5:colcon.colcon_core.verb:set package 'ros2web_example_py' build argument 'catkin_skip_building_tests' from command line to 'False'
[0.131s] DEBUG:colcon.colcon_core.verb:Building package 'ros2web_example_py' with the following arguments: {'ament_cmake_args': None, 'build_base': '/home/nameless/Desktop/RoARM_Jazzy_ws/src/roarm_ws_em0_jazzy/build/ros2web_example_py', 'catkin_cmake_args': None, 'catkin_skip_building_tests': False, 'cmake_args': None, 'cmake_clean_cache': False, 'cmake_clean_first': False, 'cmake_force_configure': False, 'cmake_target': None, 'cmake_target_skip_unavailable': False, 'install_base': '/home/nameless/Desktop/RoARM_Jazzy_ws/src/roarm_ws_em0_jazzy/install/ros2web_example_py', 'merge_install': False, 'path': '/home/nameless/Desktop/RoARM_Jazzy_ws/src/roarm_ws_em0_jazzy/src/roarm_else/ros2web-ros2/examples/ros2web_example_py', 'symlink_install': True, 'test_result_base': None}
[0.131s] Level 5:colcon.colcon_core.verb:set package 'roarm_web_app' build argument 'cmake_args' from command line to 'None'
[0.131s] Level 5:colcon.colcon_core.verb:set package 'roarm_web_app' build argument 'cmake_target' from command line to 'None'
[0.131s] Level 5:colcon.colcon_core.verb:set package 'roarm_web_app' build argument 'cmake_target_skip_unavailable' from command line to 'False'
[0.131s] Level 5:colcon.colcon_core.verb:set package 'roarm_web_app' build argument 'cmake_clean_cache' from command line to 'False'
[0.131s] Level 5:colcon.colcon_core.verb:set package 'roarm_web_app' build argument 'cmake_clean_first' from command line to 'False'
[0.131s] Level 5:colcon.colcon_core.verb:set package 'roarm_web_app' build argument 'cmake_force_configure' from command line to 'False'
[0.131s] Level 5:colcon.colcon_core.verb:set package 'roarm_web_app' build argument 'ament_cmake_args' from command line to 'None'
[0.131s] Level 5:colcon.colcon_core.verb:set package 'roarm_web_app' build argument 'catkin_cmake_args' from command line to 'None'
[0.131s] Level 5:colcon.colcon_core.verb:set package 'roarm_web_app' build argument 'catkin_skip_building_tests' from command line to 'False'
[0.131s] DEBUG:colcon.colcon_core.verb:Building package 'roarm_web_app' with the following arguments: {'ament_cmake_args': None, 'build_base': '/home/nameless/Desktop/RoARM_Jazzy_ws/src/roarm_ws_em0_jazzy/build/roarm_web_app', 'catkin_cmake_args': None, 'catkin_skip_building_tests': False, 'cmake_args': None, 'cmake_clean_cache': False, 'cmake_clean_first': False, 'cmake_force_configure': False, 'cmake_target': None, 'cmake_target_skip_unavailable': False, 'install_base': '/home/nameless/Desktop/RoARM_Jazzy_ws/src/roarm_ws_em0_jazzy/install/roarm_web_app', 'merge_install': False, 'path': '/home/nameless/Desktop/RoARM_Jazzy_ws/src/roarm_ws_em0_jazzy/src/roarm_main/roarm_web_app', 'symlink_install': True, 'test_result_base': None}
[0.131s] Level 5:colcon.colcon_core.verb:set package 'ros2web_widgets' build argument 'cmake_args' from command line to 'None'
[0.131s] Level 5:colcon.colcon_core.verb:set package 'ros2web_widgets' build argument 'cmake_target' from command line to 'None'
[0.131s] Level 5:colcon.colcon_core.verb:set package 'ros2web_widgets' build argument 'cmake_target_skip_unavailable' from command line to 'False'
[0.131s] Level 5:colcon.colcon_core.verb:set package 'ros2web_widgets' build argument 'cmake_clean_cache' from command line to 'False'
[0.131s] Level 5:colcon.colcon_core.verb:set package 'ros2web_widgets' build argument 'cmake_clean_first' from command line to 'False'
[0.131s] Level 5:colcon.colcon_core.verb:set package 'ros2web_widgets' build argument 'cmake_force_configure' from command line to 'False'
[0.131s] Level 5:colcon.colcon_core.verb:set package 'ros2web_widgets' build argument 'ament_cmake_args' from command line to 'None'
[0.131s] Level 5:colcon.colcon_core.verb:set package 'ros2web_widgets' build argument 'catkin_cmake_args' from command line to 'None'
[0.131s] Level 5:colcon.colcon_core.verb:set package 'ros2web_widgets' build argument 'catkin_skip_building_tests' from command line to 'False'
[0.131s] DEBUG:colcon.colcon_core.verb:Building package 'ros2web_widgets' with the following arguments: {'ament_cmake_args': None, 'build_base': '/home/nameless/Desktop/RoARM_Jazzy_ws/src/roarm_ws_em0_jazzy/build/ros2web_widgets', 'catkin_cmake_args': None, 'catkin_skip_building_tests': False, 'cmake_args': None, 'cmake_clean_cache': False, 'cmake_clean_first': False, 'cmake_force_configure': False, 'cmake_target': None, 'cmake_target_skip_unavailable': False, 'install_base': '/home/nameless/Desktop/RoARM_Jazzy_ws/src/roarm_ws_em0_jazzy/install/ros2web_widgets', 'merge_install': False, 'path': '/home/nameless/Desktop/RoARM_Jazzy_ws/src/roarm_ws_em0_jazzy/src/roarm_else/ros2web_app/examples/ros2web_widgets', 'symlink_install': True, 'test_result_base': None}
[0.131s] INFO:colcon.colcon_core.executor:Executing jobs using 'parallel' executor
[0.132s] DEBUG:colcon.colcon_parallel_executor.executor.parallel:run_until_complete
[0.132s] INFO:colcon.colcon_ros.task.ament_cmake.build:Building ROS package in '/home/nameless/Desktop/RoARM_Jazzy_ws/src/roarm_ws_em0_jazzy/src/roarm_else/ros2web-ros2/ros2web_interfaces' with build type 'ament_cmake'
[0.133s] INFO:colcon.colcon_cmake.task.cmake.build:Building CMake package in '/home/nameless/Desktop/RoARM_Jazzy_ws/src/roarm_ws_em0_jazzy/src/roarm_else/ros2web-ros2/ros2web_interfaces'
[0.135s] INFO:colcon.colcon_core.plugin_system:Skipping extension 'colcon_core.shell.bat': Not used on non-Windows systems
[0.135s] INFO:colcon.colcon_core.shell:Skip shell extension 'powershell' for command environment: Not usable outside of PowerShell
[0.135s] DEBUG:colcon.colcon_core.shell:Skip shell extension 'dsv' for command environment
[0.139s] INFO:colcon.colcon_ros.task.ament_cmake.build:Building ROS package in '/home/nameless/Desktop/RoARM_Jazzy_ws/src/roarm_ws_em0_jazzy/src/roarm_main/roarm_description' with build type 'ament_cmake'
[0.139s] INFO:colcon.colcon_cmake.task.cmake.build:Building CMake package in '/home/nameless/Desktop/RoARM_Jazzy_ws/src/roarm_ws_em0_jazzy/src/roarm_main/roarm_description'
[0.139s] INFO:colcon.colcon_core.shell:Skip shell extension 'powershell' for command environment: Not usable outside of PowerShell
[0.139s] DEBUG:colcon.colcon_core.shell:Skip shell extension 'dsv' for command environment
[0.143s] INFO:colcon.colcon_ros.task.ament_cmake.build:Building ROS package in '/home/nameless/Desktop/RoARM_Jazzy_ws/src/roarm_ws_em0_jazzy/src/roarm_main/moveit_servo' with build type 'ament_cmake'
[0.143s] INFO:colcon.colcon_cmake.task.cmake.build:Building CMake package in '/home/nameless/Desktop/RoARM_Jazzy_ws/src/roarm_ws_em0_jazzy/src/roarm_main/moveit_servo'
[0.143s] INFO:colcon.colcon_core.shell:Skip shell extension 'powershell' for command environment: Not usable outside of PowerShell
[0.143s] DEBUG:colcon.colcon_core.shell:Skip shell extension 'dsv' for command environment
[0.145s] INFO:colcon.colcon_ros.task.ament_python.build:Building ROS package in '/home/nameless/Desktop/RoARM_Jazzy_ws/src/roarm_ws_em0_jazzy/src/roarm_else/launch_api' with build type 'ament_python'
[0.145s] Level 1:colcon.colcon_core.shell:create_environment_hook('launch_api', 'ament_prefix_path')
[0.145s] INFO:colcon.colcon_core.shell:Creating environment hook '/home/nameless/Desktop/RoARM_Jazzy_ws/src/roarm_ws_em0_jazzy/install/launch_api/share/launch_api/hook/ament_prefix_path.ps1'
[0.145s] INFO:colcon.colcon_core.shell:Creating environment descriptor '/home/nameless/Desktop/RoARM_Jazzy_ws/src/roarm_ws_em0_jazzy/install/launch_api/share/launch_api/hook/ament_prefix_path.dsv'
[0.146s] INFO:colcon.colcon_core.shell:Creating environment hook '/home/nameless/Desktop/RoARM_Jazzy_ws/src/roarm_ws_em0_jazzy/install/launch_api/share/launch_api/hook/ament_prefix_path.sh'
[0.146s] INFO:colcon.colcon_core.shell:Skip shell extension 'powershell' for command environment: Not usable outside of PowerShell
[0.146s] DEBUG:colcon.colcon_core.shell:Skip shell extension 'dsv' for command environment
[0.148s] INFO:colcon.colcon_ros.task.ament_python.build:Building ROS package in '/home/nameless/Desktop/RoARM_Jazzy_ws/src/roarm_ws_em0_jazzy/src/roarm_main/roarm_driver' with build type 'ament_python'
[0.148s] Level 1:colcon.colcon_core.shell:create_environment_hook('roarm_driver', 'ament_prefix_path')
[0.148s] INFO:colcon.colcon_core.shell:Creating environment hook '/home/nameless/Desktop/RoARM_Jazzy_ws/src/roarm_ws_em0_jazzy/install/roarm_driver/share/roarm_driver/hook/ament_prefix_path.ps1'
[0.148s] INFO:colcon.colcon_core.shell:Creating environment descriptor '/home/nameless/Desktop/RoARM_Jazzy_ws/src/roarm_ws_em0_jazzy/install/roarm_driver/share/roarm_driver/hook/ament_prefix_path.dsv'
[0.148s] INFO:colcon.colcon_core.shell:Creating environment hook '/home/nameless/Desktop/RoARM_Jazzy_ws/src/roarm_ws_em0_jazzy/install/roarm_driver/share/roarm_driver/hook/ament_prefix_path.sh'
[0.148s] INFO:colcon.colcon_core.shell:Skip shell extension 'powershell' for command environment: Not usable outside of PowerShell
[0.148s] DEBUG:colcon.colcon_core.shell:Skip shell extension 'dsv' for command environment
[0.150s] INFO:colcon.colcon_ros.task.ament_cmake.build:Building ROS package in '/home/nameless/Desktop/RoARM_Jazzy_ws/src/roarm_ws_em0_jazzy/src/roarm_main/roarm_moveit_ikfast_plugins' with build type 'ament_cmake'
[0.150s] INFO:colcon.colcon_cmake.task.cmake.build:Building CMake package in '/home/nameless/Desktop/RoARM_Jazzy_ws/src/roarm_ws_em0_jazzy/src/roarm_main/roarm_moveit_ikfast_plugins'
[0.150s] INFO:colcon.colcon_core.shell:Skip shell extension 'powershell' for command environment: Not usable outside of PowerShell
[0.150s] DEBUG:colcon.colcon_core.shell:Skip shell extension 'dsv' for command environment
[0.154s] DEBUG:colcon.colcon_core.event_handler.log_command:Invoking command in '/home/nameless/Desktop/RoARM_Jazzy_ws/src/roarm_ws_em0_jazzy/build/ros2web_interfaces': CMAKE_PREFIX_PATH=${CMAKE_PREFIX_PATH}:/opt/ros/jazzy DEBUGINFOD_URLS=https://debuginfod.ubuntu.com /usr/bin/cmake --build /home/nameless/Desktop/RoARM_Jazzy_ws/src/roarm_ws_em0_jazzy/build/ros2web_interfaces -- -j24 -l24
[0.155s] DEBUG:colcon.colcon_core.event_handler.log_command:Invoking command in '/home/nameless/Desktop/RoARM_Jazzy_ws/src/roarm_ws_em0_jazzy/build/roarm_description': CMAKE_PREFIX_PATH=${CMAKE_PREFIX_PATH}:/opt/ros/jazzy DEBUGINFOD_URLS=https://debuginfod.ubuntu.com /usr/bin/cmake --build /home/nameless/Desktop/RoARM_Jazzy_ws/src/roarm_ws_em0_jazzy/build/roarm_description -- -j24 -l24
[0.156s] DEBUG:colcon.colcon_core.event_handler.log_command:Invoking command in '/home/nameless/Desktop/RoARM_Jazzy_ws/src/roarm_ws_em0_jazzy/build/moveit_servo': CMAKE_PREFIX_PATH=${CMAKE_PREFIX_PATH}:/opt/ros/jazzy DEBUGINFOD_URLS=https://debuginfod.ubuntu.com /usr/bin/cmake --build /home/nameless/Desktop/RoARM_Jazzy_ws/src/roarm_ws_em0_jazzy/build/moveit_servo -- -j24 -l24
[0.270s] INFO:colcon.colcon_core.task.python.build:Building Python package in '/home/nameless/Desktop/RoARM_Jazzy_ws/src/roarm_ws_em0_jazzy/src/roarm_else/launch_api'
[0.270s] INFO:colcon.colcon_core.shell:Skip shell extension 'powershell' for command environment: Not usable outside of PowerShell
[0.270s] DEBUG:colcon.colcon_core.shell:Skip shell extension 'dsv' for command environment
[0.389s] INFO:colcon.colcon_core.task.python.build:Building Python package in '/home/nameless/Desktop/RoARM_Jazzy_ws/src/roarm_ws_em0_jazzy/src/roarm_main/roarm_driver'
[0.389s] INFO:colcon.colcon_core.shell:Skip shell extension 'powershell' for command environment: Not usable outside of PowerShell
[0.389s] DEBUG:colcon.colcon_core.shell:Skip shell extension 'dsv' for command environment
[0.397s] DEBUG:colcon.colcon_core.event_handler.log_command:Invoked command in '/home/nameless/Desktop/RoARM_Jazzy_ws/src/roarm_ws_em0_jazzy/build/roarm_description' returned '0': CMAKE_PREFIX_PATH=${CMAKE_PREFIX_PATH}:/opt/ros/jazzy DEBUGINFOD_URLS=https://debuginfod.ubuntu.com /usr/bin/cmake --build /home/nameless/Desktop/RoARM_Jazzy_ws/src/roarm_ws_em0_jazzy/build/roarm_description -- -j24 -l24
[0.403s] DEBUG:colcon.colcon_core.event_handler.log_command:Invoking command in '/home/nameless/Desktop/RoARM_Jazzy_ws/src/roarm_ws_em0_jazzy/build/roarm_description': CMAKE_PREFIX_PATH=${CMAKE_PREFIX_PATH}:/opt/ros/jazzy DEBUGINFOD_URLS=https://debuginfod.ubuntu.com /usr/bin/cmake --install /home/nameless/Desktop/RoARM_Jazzy_ws/src/roarm_ws_em0_jazzy/build/roarm_description
[0.405s] DEBUG:colcon.colcon_core.event_handler.log_command:Invoking command in '/home/nameless/Desktop/RoARM_Jazzy_ws/src/roarm_ws_em0_jazzy/build/roarm_moveit_ikfast_plugins': CMAKE_PREFIX_PATH=${CMAKE_PREFIX_PATH}:/opt/ros/jazzy DEBUGINFOD_URLS=https://debuginfod.ubuntu.com /usr/bin/cmake --build /home/nameless/Desktop/RoARM_Jazzy_ws/src/roarm_ws_em0_jazzy/build/roarm_moveit_ikfast_plugins -- -j24 -l24
[0.407s] DEBUG:colcon.colcon_core.event_handler.log_command:Invoked command in '/home/nameless/Desktop/RoARM_Jazzy_ws/src/roarm_ws_em0_jazzy/build/ros2web_interfaces' returned '0': CMAKE_PREFIX_PATH=${CMAKE_PREFIX_PATH}:/opt/ros/jazzy DEBUGINFOD_URLS=https://debuginfod.ubuntu.com /usr/bin/cmake --build /home/nameless/Desktop/RoARM_Jazzy_ws/src/roarm_ws_em0_jazzy/build/ros2web_interfaces -- -j24 -l24
[0.408s] DEBUG:colcon.colcon_core.event_handler.log_command:Invoking command in '/home/nameless/Desktop/RoARM_Jazzy_ws/src/roarm_ws_em0_jazzy/build/ros2web_interfaces': CMAKE_PREFIX_PATH=${CMAKE_PREFIX_PATH}:/opt/ros/jazzy DEBUGINFOD_URLS=https://debuginfod.ubuntu.com /usr/bin/cmake --install /home/nameless/Desktop/RoARM_Jazzy_ws/src/roarm_ws_em0_jazzy/build/ros2web_interfaces
[0.418s] Level 1:colcon.colcon_core.environment:create_environment_scripts_only(roarm_description)
[0.418s] DEBUG:colcon.colcon_core.event_handler.log_command:Invoked command in '/home/nameless/Desktop/RoARM_Jazzy_ws/src/roarm_ws_em0_jazzy/build/roarm_description' returned '0': CMAKE_PREFIX_PATH=${CMAKE_PREFIX_PATH}:/opt/ros/jazzy DEBUGINFOD_URLS=https://debuginfod.ubuntu.com /usr/bin/cmake --install /home/nameless/Desktop/RoARM_Jazzy_ws/src/roarm_ws_em0_jazzy/build/roarm_description
[0.419s] Level 1:colcon.colcon_core.environment:checking '/home/nameless/Desktop/RoARM_Jazzy_ws/src/roarm_ws_em0_jazzy/install/roarm_description' for CMake module files
[0.420s] Level 1:colcon.colcon_core.environment:checking '/home/nameless/Desktop/RoARM_Jazzy_ws/src/roarm_ws_em0_jazzy/install/roarm_description' for CMake config files
[0.420s] Level 1:colcon.colcon_core.shell:create_environment_hook('roarm_description', 'cmake_prefix_path')
[0.420s] INFO:colcon.colcon_core.shell:Creating environment hook '/home/nameless/Desktop/RoARM_Jazzy_ws/src/roarm_ws_em0_jazzy/install/roarm_description/share/roarm_description/hook/cmake_prefix_path.ps1'
[0.420s] INFO:colcon.colcon_core.shell:Creating environment descriptor '/home/nameless/Desktop/RoARM_Jazzy_ws/src/roarm_ws_em0_jazzy/install/roarm_description/share/roarm_description/hook/cmake_prefix_path.dsv'
[0.421s] INFO:colcon.colcon_core.shell:Creating environment hook '/home/nameless/Desktop/RoARM_Jazzy_ws/src/roarm_ws_em0_jazzy/install/roarm_description/share/roarm_description/hook/cmake_prefix_path.sh'
[0.421s] Level 1:colcon.colcon_core.environment:checking '/home/nameless/Desktop/RoARM_Jazzy_ws/src/roarm_ws_em0_jazzy/install/roarm_description/bin'
[0.421s] Level 1:colcon.colcon_core.environment:checking '/home/nameless/Desktop/RoARM_Jazzy_ws/src/roarm_ws_em0_jazzy/install/roarm_description/lib/pkgconfig/roarm_description.pc'
[0.421s] Level 1:colcon.colcon_core.environment:checking '/home/nameless/Desktop/RoARM_Jazzy_ws/src/roarm_ws_em0_jazzy/install/roarm_description/lib/python3.12/site-packages'
[0.421s] Level 1:colcon.colcon_core.environment:checking '/home/nameless/Desktop/RoARM_Jazzy_ws/src/roarm_ws_em0_jazzy/install/roarm_description/bin'
[0.422s] INFO:colcon.colcon_core.shell:Creating package script '/home/nameless/Desktop/RoARM_Jazzy_ws/src/roarm_ws_em0_jazzy/install/roarm_description/share/roarm_description/package.ps1'
[0.422s] INFO:colcon.colcon_core.shell:Creating package descriptor '/home/nameless/Desktop/RoARM_Jazzy_ws/src/roarm_ws_em0_jazzy/install/roarm_description/share/roarm_description/package.dsv'
[0.422s] INFO:colcon.colcon_core.shell:Creating package script '/home/nameless/Desktop/RoARM_Jazzy_ws/src/roarm_ws_em0_jazzy/install/roarm_description/share/roarm_description/package.sh'
[0.423s] INFO:colcon.colcon_core.shell:Creating package script '/home/nameless/Desktop/RoARM_Jazzy_ws/src/roarm_ws_em0_jazzy/install/roarm_description/share/roarm_description/package.bash'
[0.423s] INFO:colcon.colcon_core.shell:Creating package script '/home/nameless/Desktop/RoARM_Jazzy_ws/src/roarm_ws_em0_jazzy/install/roarm_description/share/roarm_description/package.zsh'
[0.423s] Level 1:colcon.colcon_core.environment:create_file_with_runtime_dependencies(/home/nameless/Desktop/RoARM_Jazzy_ws/src/roarm_ws_em0_jazzy/install/roarm_description/share/colcon-core/packages/roarm_description)
[0.424s] Level 1:colcon.colcon_core.environment:create_environment_scripts_only(roarm_description)
[0.424s] Level 1:colcon.colcon_core.environment:checking '/home/nameless/Desktop/RoARM_Jazzy_ws/src/roarm_ws_em0_jazzy/install/roarm_description' for CMake module files
[0.424s] Level 1:colcon.colcon_core.environment:checking '/home/nameless/Desktop/RoARM_Jazzy_ws/src/roarm_ws_em0_jazzy/install/roarm_description' for CMake config files
[0.424s] Level 1:colcon.colcon_core.shell:create_environment_hook('roarm_description', 'cmake_prefix_path')
[0.424s] INFO:colcon.colcon_core.shell:Creating environment hook '/home/nameless/Desktop/RoARM_Jazzy_ws/src/roarm_ws_em0_jazzy/install/roarm_description/share/roarm_description/hook/cmake_prefix_path.ps1'
[0.425s] INFO:colcon.colcon_core.shell:Creating environment descriptor '/home/nameless/Desktop/RoARM_Jazzy_ws/src/roarm_ws_em0_jazzy/install/roarm_description/share/roarm_description/hook/cmake_prefix_path.dsv'
[0.425s] INFO:colcon.colcon_core.shell:Creating environment hook '/home/nameless/Desktop/RoARM_Jazzy_ws/src/roarm_ws_em0_jazzy/install/roarm_description/share/roarm_description/hook/cmake_prefix_path.sh'
[0.425s] Level 1:colcon.colcon_core.environment:checking '/home/nameless/Desktop/RoARM_Jazzy_ws/src/roarm_ws_em0_jazzy/install/roarm_description/bin'
[0.425s] Level 1:colcon.colcon_core.environment:checking '/home/nameless/Desktop/RoARM_Jazzy_ws/src/roarm_ws_em0_jazzy/install/roarm_description/lib/pkgconfig/roarm_description.pc'
[0.425s] Level 1:colcon.colcon_core.environment:checking '/home/nameless/Desktop/RoARM_Jazzy_ws/src/roarm_ws_em0_jazzy/install/roarm_description/lib/python3.12/site-packages'
[0.425s] Level 1:colcon.colcon_core.environment:checking '/home/nameless/Desktop/RoARM_Jazzy_ws/src/roarm_ws_em0_jazzy/install/roarm_description/bin'
[0.425s] INFO:colcon.colcon_core.shell:Creating package script '/home/nameless/Desktop/RoARM_Jazzy_ws/src/roarm_ws_em0_jazzy/install/roarm_description/share/roarm_description/package.ps1'
[0.426s] INFO:colcon.colcon_core.shell:Creating package descriptor '/home/nameless/Desktop/RoARM_Jazzy_ws/src/roarm_ws_em0_jazzy/install/roarm_description/share/roarm_description/package.dsv'
[0.426s] INFO:colcon.colcon_core.shell:Creating package script '/home/nameless/Desktop/RoARM_Jazzy_ws/src/roarm_ws_em0_jazzy/install/roarm_description/share/roarm_description/package.sh'
[0.426s] INFO:colcon.colcon_core.shell:Creating package script '/home/nameless/Desktop/RoARM_Jazzy_ws/src/roarm_ws_em0_jazzy/install/roarm_description/share/roarm_description/package.bash'
[0.427s] INFO:colcon.colcon_core.shell:Creating package script '/home/nameless/Desktop/RoARM_Jazzy_ws/src/roarm_ws_em0_jazzy/install/roarm_description/share/roarm_description/package.zsh'
[0.427s] Level 1:colcon.colcon_core.environment:create_file_with_runtime_dependencies(/home/nameless/Desktop/RoARM_Jazzy_ws/src/roarm_ws_em0_jazzy/install/roarm_description/share/colcon-core/packages/roarm_description)
[0.427s] INFO:colcon.colcon_ros.task.ament_cmake.build:Building ROS package in '/home/nameless/Desktop/RoARM_Jazzy_ws/src/roarm_ws_em0_jazzy/src/roarm_main/roarm_moveit' with build type 'ament_cmake'
[0.427s] INFO:colcon.colcon_cmake.task.cmake.build:Building CMake package in '/home/nameless/Desktop/RoARM_Jazzy_ws/src/roarm_ws_em0_jazzy/src/roarm_main/roarm_moveit'
[0.427s] INFO:colcon.colcon_core.shell:Skip shell extension 'powershell' for command environment: Not usable outside of PowerShell
[0.427s] DEBUG:colcon.colcon_core.shell:Skip shell extension 'dsv' for command environment
[0.434s] DEBUG:colcon.colcon_core.event_handler.log_command:Invoking command in '/home/nameless/Desktop/RoARM_Jazzy_ws/src/roarm_ws_em0_jazzy/build/roarm_moveit': AMENT_PREFIX_PATH=/home/nameless/Desktop/RoARM_Jazzy_ws/src/roarm_ws_em0_jazzy/install/roarm_description:${AMENT_PREFIX_PATH} CMAKE_PREFIX_PATH=/home/nameless/Desktop/RoARM_Jazzy_ws/src/roarm_ws_em0_jazzy/install/roarm_description:/opt/ros/jazzy/opt/gz_sim_vendor:/opt/ros/jazzy/opt/gz_sensors_vendor:/opt/ros/jazzy/opt/gz_physics_vendor:/opt/ros/jazzy/opt/sdformat_vendor:/opt/ros/jazzy/opt/gz_gui_vendor:/opt/ros/jazzy/opt/gz_transport_vendor:/opt/ros/jazzy/opt/gz_rendering_vendor:/opt/ros/jazzy/opt/gz_plugin_vendor:/opt/ros/jazzy/opt/gz_fuel_tools_vendor:/opt/ros/jazzy/opt/gz_msgs_vendor:/opt/ros/jazzy/opt/gz_common_vendor:/opt/ros/jazzy/opt/gz_math_vendor:/opt/ros/jazzy/opt/gz_utils_vendor:/opt/ros/jazzy/opt/gz_tools_vendor:/opt/ros/jazzy/opt/gz_ogre_next_vendor:/opt/ros/jazzy/opt/gz_dartsim_vendor:/opt/ros/jazzy/opt/gz_cmake_vendor:/opt/ros/jazzy DEBUGINFOD_URLS=https://debuginfod.ubuntu.com /usr/bin/cmake --build /home/nameless/Desktop/RoARM_Jazzy_ws/src/roarm_ws_em0_jazzy/build/roarm_moveit -- -j24 -l24
[0.711s] DEBUG:colcon.colcon_core.event_handler.log_command:Invoked command in '/home/nameless/Desktop/RoARM_Jazzy_ws/src/roarm_ws_em0_jazzy/build/roarm_moveit' returned '0': AMENT_PREFIX_PATH=/home/nameless/Desktop/RoARM_Jazzy_ws/src/roarm_ws_em0_jazzy/install/roarm_description:${AMENT_PREFIX_PATH} CMAKE_PREFIX_PATH=/home/nameless/Desktop/RoARM_Jazzy_ws/src/roarm_ws_em0_jazzy/install/roarm_description:/opt/ros/jazzy/opt/gz_sim_vendor:/opt/ros/jazzy/opt/gz_sensors_vendor:/opt/ros/jazzy/opt/gz_physics_vendor:/opt/ros/jazzy/opt/sdformat_vendor:/opt/ros/jazzy/opt/gz_gui_vendor:/opt/ros/jazzy/opt/gz_transport_vendor:/opt/ros/jazzy/opt/gz_rendering_vendor:/opt/ros/jazzy/opt/gz_plugin_vendor:/opt/ros/jazzy/opt/gz_fuel_tools_vendor:/opt/ros/jazzy/opt/gz_msgs_vendor:/opt/ros/jazzy/opt/gz_common_vendor:/opt/ros/jazzy/opt/gz_math_vendor:/opt/ros/jazzy/opt/gz_utils_vendor:/opt/ros/jazzy/opt/gz_tools_vendor:/opt/ros/jazzy/opt/gz_ogre_next_vendor:/opt/ros/jazzy/opt/gz_dartsim_vendor:/opt/ros/jazzy/opt/gz_cmake_vendor:/opt/ros/jazzy DEBUGINFOD_URLS=https://debuginfod.ubuntu.com /usr/bin/cmake --build /home/nameless/Desktop/RoARM_Jazzy_ws/src/roarm_ws_em0_jazzy/build/roarm_moveit -- -j24 -l24
[0.712s] DEBUG:colcon.colcon_core.event_handler.log_command:Invoking command in '/home/nameless/Desktop/RoARM_Jazzy_ws/src/roarm_ws_em0_jazzy/build/roarm_moveit': AMENT_PREFIX_PATH=/home/nameless/Desktop/RoARM_Jazzy_ws/src/roarm_ws_em0_jazzy/install/roarm_description:${AMENT_PREFIX_PATH} CMAKE_PREFIX_PATH=/home/nameless/Desktop/RoARM_Jazzy_ws/src/roarm_ws_em0_jazzy/install/roarm_description:/opt/ros/jazzy/opt/gz_sim_vendor:/opt/ros/jazzy/opt/gz_sensors_vendor:/opt/ros/jazzy/opt/gz_physics_vendor:/opt/ros/jazzy/opt/sdformat_vendor:/opt/ros/jazzy/opt/gz_gui_vendor:/opt/ros/jazzy/opt/gz_transport_vendor:/opt/ros/jazzy/opt/gz_rendering_vendor:/opt/ros/jazzy/opt/gz_plugin_vendor:/opt/ros/jazzy/opt/gz_fuel_tools_vendor:/opt/ros/jazzy/opt/gz_msgs_vendor:/opt/ros/jazzy/opt/gz_common_vendor:/opt/ros/jazzy/opt/gz_math_vendor:/opt/ros/jazzy/opt/gz_utils_vendor:/opt/ros/jazzy/opt/gz_tools_vendor:/opt/ros/jazzy/opt/gz_ogre_next_vendor:/opt/ros/jazzy/opt/gz_dartsim_vendor:/opt/ros/jazzy/opt/gz_cmake_vendor:/opt/ros/jazzy DEBUGINFOD_URLS=https://debuginfod.ubuntu.com /usr/bin/cmake --install /home/nameless/Desktop/RoARM_Jazzy_ws/src/roarm_ws_em0_jazzy/build/roarm_moveit
[0.717s] DEBUG:colcon.colcon_core.event_handler.log_command:Invoking command in '/home/nameless/Desktop/RoARM_Jazzy_ws/src/roarm_ws_em0_jazzy/build/roarm_driver': DEBUGINFOD_URLS=https://debuginfod.ubuntu.com PYTHONPATH=/home/nameless/Desktop/RoARM_Jazzy_ws/src/roarm_ws_em0_jazzy/build/roarm_driver/prefix_override:/usr/lib/python3/dist-packages/colcon_core/task/python/colcon_distutils_commands:/home/nameless/Desktop/RoARM_Jazzy_ws/src/roarm_ws_em0_jazzy/install/roarm_driver/lib/python3.12/site-packages:${PYTHONPATH} /usr/bin/python3 -W ignore:setup.py install is deprecated -W ignore:easy_install command is deprecated setup.py develop --editable --build-directory /home/nameless/Desktop/RoARM_Jazzy_ws/src/roarm_ws_em0_jazzy/build/roarm_driver/build --no-deps symlink_data
[0.763s] Level 1:colcon.colcon_core.environment:create_environment_scripts_only(roarm_moveit)
[0.763s] Level 1:colcon.colcon_core.environment:checking '/home/nameless/Desktop/RoARM_Jazzy_ws/src/roarm_ws_em0_jazzy/install/roarm_moveit' for CMake module files
[0.764s] DEBUG:colcon.colcon_core.event_handler.log_command:Invoked command in '/home/nameless/Desktop/RoARM_Jazzy_ws/src/roarm_ws_em0_jazzy/build/roarm_moveit' returned '0': AMENT_PREFIX_PATH=/home/nameless/Desktop/RoARM_Jazzy_ws/src/roarm_ws_em0_jazzy/install/roarm_description:${AMENT_PREFIX_PATH} CMAKE_PREFIX_PATH=/home/nameless/Desktop/RoARM_Jazzy_ws/src/roarm_ws_em0_jazzy/install/roarm_description:/opt/ros/jazzy/opt/gz_sim_vendor:/opt/ros/jazzy/opt/gz_sensors_vendor:/opt/ros/jazzy/opt/gz_physics_vendor:/opt/ros/jazzy/opt/sdformat_vendor:/opt/ros/jazzy/opt/gz_gui_vendor:/opt/ros/jazzy/opt/gz_transport_vendor:/opt/ros/jazzy/opt/gz_rendering_vendor:/opt/ros/jazzy/opt/gz_plugin_vendor:/opt/ros/jazzy/opt/gz_fuel_tools_vendor:/opt/ros/jazzy/opt/gz_msgs_vendor:/opt/ros/jazzy/opt/gz_common_vendor:/opt/ros/jazzy/opt/gz_math_vendor:/opt/ros/jazzy/opt/gz_utils_vendor:/opt/ros/jazzy/opt/gz_tools_vendor:/opt/ros/jazzy/opt/gz_ogre_next_vendor:/opt/ros/jazzy/opt/gz_dartsim_vendor:/opt/ros/jazzy/opt/gz_cmake_vendor:/opt/ros/jazzy DEBUGINFOD_URLS=https://debuginfod.ubuntu.com /usr/bin/cmake --install /home/nameless/Desktop/RoARM_Jazzy_ws/src/roarm_ws_em0_jazzy/build/roarm_moveit
[0.764s] Level 1:colcon.colcon_core.environment:checking '/home/nameless/Desktop/RoARM_Jazzy_ws/src/roarm_ws_em0_jazzy/install/roarm_moveit' for CMake config files
[0.765s] Level 1:colcon.colcon_core.shell:create_environment_hook('roarm_moveit', 'cmake_prefix_path')
[0.765s] INFO:colcon.colcon_core.shell:Creating environment hook '/home/nameless/Desktop/RoARM_Jazzy_ws/src/roarm_ws_em0_jazzy/install/roarm_moveit/share/roarm_moveit/hook/cmake_prefix_path.ps1'
[0.766s] INFO:colcon.colcon_core.shell:Creating environment descriptor '/home/nameless/Desktop/RoARM_Jazzy_ws/src/roarm_ws_em0_jazzy/install/roarm_moveit/share/roarm_moveit/hook/cmake_prefix_path.dsv'
[0.766s] INFO:colcon.colcon_core.shell:Creating environment hook '/home/nameless/Desktop/RoARM_Jazzy_ws/src/roarm_ws_em0_jazzy/install/roarm_moveit/share/roarm_moveit/hook/cmake_prefix_path.sh'
[0.767s] Level 1:colcon.colcon_core.environment:checking '/home/nameless/Desktop/RoARM_Jazzy_ws/src/roarm_ws_em0_jazzy/install/roarm_moveit/lib'
[0.767s] Level 1:colcon.colcon_core.shell:create_environment_hook('roarm_moveit', 'ld_library_path_lib')
[0.767s] INFO:colcon.colcon_core.shell:Creating environment hook '/home/nameless/Desktop/RoARM_Jazzy_ws/src/roarm_ws_em0_jazzy/install/roarm_moveit/share/roarm_moveit/hook/ld_library_path_lib.ps1'
[0.768s] INFO:colcon.colcon_core.shell:Creating environment descriptor '/home/nameless/Desktop/RoARM_Jazzy_ws/src/roarm_ws_em0_jazzy/install/roarm_moveit/share/roarm_moveit/hook/ld_library_path_lib.dsv'
[0.768s] INFO:colcon.colcon_core.shell:Creating environment hook '/home/nameless/Desktop/RoARM_Jazzy_ws/src/roarm_ws_em0_jazzy/install/roarm_moveit/share/roarm_moveit/hook/ld_library_path_lib.sh'
[0.768s] Level 1:colcon.colcon_core.environment:checking '/home/nameless/Desktop/RoARM_Jazzy_ws/src/roarm_ws_em0_jazzy/install/roarm_moveit/bin'
[0.768s] Level 1:colcon.colcon_core.environment:checking '/home/nameless/Desktop/RoARM_Jazzy_ws/src/roarm_ws_em0_jazzy/install/roarm_moveit/lib/pkgconfig/roarm_moveit.pc'
[0.768s] Level 1:colcon.colcon_core.environment:checking '/home/nameless/Desktop/RoARM_Jazzy_ws/src/roarm_ws_em0_jazzy/install/roarm_moveit/lib/python3.12/site-packages'
[0.769s] Level 1:colcon.colcon_core.shell:create_environment_hook('roarm_moveit', 'pythonpath')
[0.769s] INFO:colcon.colcon_core.shell:Creating environment hook '/home/nameless/Desktop/RoARM_Jazzy_ws/src/roarm_ws_em0_jazzy/install/roarm_moveit/share/roarm_moveit/hook/pythonpath.ps1'
[0.769s] INFO:colcon.colcon_core.shell:Creating environment descriptor '/home/nameless/Desktop/RoARM_Jazzy_ws/src/roarm_ws_em0_jazzy/install/roarm_moveit/share/roarm_moveit/hook/pythonpath.dsv'
[0.769s] INFO:colcon.colcon_core.shell:Creating environment hook '/home/nameless/Desktop/RoARM_Jazzy_ws/src/roarm_ws_em0_jazzy/install/roarm_moveit/share/roarm_moveit/hook/pythonpath.sh'
[0.770s] Level 1:colcon.colcon_core.environment:checking '/home/nameless/Desktop/RoARM_Jazzy_ws/src/roarm_ws_em0_jazzy/install/roarm_moveit/bin'
[0.771s] INFO:colcon.colcon_core.shell:Creating package script '/home/nameless/Desktop/RoARM_Jazzy_ws/src/roarm_ws_em0_jazzy/install/roarm_moveit/share/roarm_moveit/package.ps1'
[0.771s] INFO:colcon.colcon_core.shell:Creating package descriptor '/home/nameless/Desktop/RoARM_Jazzy_ws/src/roarm_ws_em0_jazzy/install/roarm_moveit/share/roarm_moveit/package.dsv'
[0.772s] INFO:colcon.colcon_core.shell:Creating package script '/home/nameless/Desktop/RoARM_Jazzy_ws/src/roarm_ws_em0_jazzy/install/roarm_moveit/share/roarm_moveit/package.sh'
[0.772s] INFO:colcon.colcon_core.shell:Creating package script '/home/nameless/Desktop/RoARM_Jazzy_ws/src/roarm_ws_em0_jazzy/install/roarm_moveit/share/roarm_moveit/package.bash'
[0.773s] INFO:colcon.colcon_core.shell:Creating package script '/home/nameless/Desktop/RoARM_Jazzy_ws/src/roarm_ws_em0_jazzy/install/roarm_moveit/share/roarm_moveit/package.zsh'
[0.773s] Level 1:colcon.colcon_core.environment:create_file_with_runtime_dependencies(/home/nameless/Desktop/RoARM_Jazzy_ws/src/roarm_ws_em0_jazzy/install/roarm_moveit/share/colcon-core/packages/roarm_moveit)
[0.774s] Level 1:colcon.colcon_core.environment:create_environment_scripts_only(roarm_moveit)
[0.775s] Level 1:colcon.colcon_core.environment:checking '/home/nameless/Desktop/RoARM_Jazzy_ws/src/roarm_ws_em0_jazzy/install/roarm_moveit' for CMake module files
[0.775s] Level 1:colcon.colcon_core.environment:checking '/home/nameless/Desktop/RoARM_Jazzy_ws/src/roarm_ws_em0_jazzy/install/roarm_moveit' for CMake config files
[0.775s] Level 1:colcon.colcon_core.shell:create_environment_hook('roarm_moveit', 'cmake_prefix_path')
[0.775s] INFO:colcon.colcon_core.shell:Creating environment hook '/home/nameless/Desktop/RoARM_Jazzy_ws/src/roarm_ws_em0_jazzy/install/roarm_moveit/share/roarm_moveit/hook/cmake_prefix_path.ps1'
[0.776s] INFO:colcon.colcon_core.shell:Creating environment descriptor '/home/nameless/Desktop/RoARM_Jazzy_ws/src/roarm_ws_em0_jazzy/install/roarm_moveit/share/roarm_moveit/hook/cmake_prefix_path.dsv'
[0.776s] INFO:colcon.colcon_core.shell:Creating environment hook '/home/nameless/Desktop/RoARM_Jazzy_ws/src/roarm_ws_em0_jazzy/install/roarm_moveit/share/roarm_moveit/hook/cmake_prefix_path.sh'
[0.776s] Level 1:colcon.colcon_core.environment:checking '/home/nameless/Desktop/RoARM_Jazzy_ws/src/roarm_ws_em0_jazzy/install/roarm_moveit/lib'
[0.776s] Level 1:colcon.colcon_core.shell:create_environment_hook('roarm_moveit', 'ld_library_path_lib')
[0.776s] INFO:colcon.colcon_core.shell:Creating environment hook '/home/nameless/Desktop/RoARM_Jazzy_ws/src/roarm_ws_em0_jazzy/install/roarm_moveit/share/roarm_moveit/hook/ld_library_path_lib.ps1'
[0.777s] INFO:colcon.colcon_core.shell:Creating environment descriptor '/home/nameless/Desktop/RoARM_Jazzy_ws/src/roarm_ws_em0_jazzy/install/roarm_moveit/share/roarm_moveit/hook/ld_library_path_lib.dsv'
[0.777s] INFO:colcon.colcon_core.shell:Creating environment hook '/home/nameless/Desktop/RoARM_Jazzy_ws/src/roarm_ws_em0_jazzy/install/roarm_moveit/share/roarm_moveit/hook/ld_library_path_lib.sh'
[0.777s] Level 1:colcon.colcon_core.environment:checking '/home/nameless/Desktop/RoARM_Jazzy_ws/src/roarm_ws_em0_jazzy/install/roarm_moveit/bin'
[0.777s] Level 1:colcon.colcon_core.environment:checking '/home/nameless/Desktop/RoARM_Jazzy_ws/src/roarm_ws_em0_jazzy/install/roarm_moveit/lib/pkgconfig/roarm_moveit.pc'
[0.777s] Level 1:colcon.colcon_core.environment:checking '/home/nameless/Desktop/RoARM_Jazzy_ws/src/roarm_ws_em0_jazzy/install/roarm_moveit/lib/python3.12/site-packages'
[0.777s] Level 1:colcon.colcon_core.shell:create_environment_hook('roarm_moveit', 'pythonpath')
[0.777s] INFO:colcon.colcon_core.shell:Creating environment hook '/home/nameless/Desktop/RoARM_Jazzy_ws/src/roarm_ws_em0_jazzy/install/roarm_moveit/share/roarm_moveit/hook/pythonpath.ps1'
[0.777s] INFO:colcon.colcon_core.shell:Creating environment descriptor '/home/nameless/Desktop/RoARM_Jazzy_ws/src/roarm_ws_em0_jazzy/install/roarm_moveit/share/roarm_moveit/hook/pythonpath.dsv'
[0.778s] INFO:colcon.colcon_core.shell:Creating environment hook '/home/nameless/Desktop/RoARM_Jazzy_ws/src/roarm_ws_em0_jazzy/install/roarm_moveit/share/roarm_moveit/hook/pythonpath.sh'
[0.778s] Level 1:colcon.colcon_core.environment:checking '/home/nameless/Desktop/RoARM_Jazzy_ws/src/roarm_ws_em0_jazzy/install/roarm_moveit/bin'
[0.778s] INFO:colcon.colcon_core.shell:Creating package script '/home/nameless/Desktop/RoARM_Jazzy_ws/src/roarm_ws_em0_jazzy/install/roarm_moveit/share/roarm_moveit/package.ps1'
[0.778s] INFO:colcon.colcon_core.shell:Creating package descriptor '/home/nameless/Desktop/RoARM_Jazzy_ws/src/roarm_ws_em0_jazzy/install/roarm_moveit/share/roarm_moveit/package.dsv'
[0.779s] INFO:colcon.colcon_core.shell:Creating package script '/home/nameless/Desktop/RoARM_Jazzy_ws/src/roarm_ws_em0_jazzy/install/roarm_moveit/share/roarm_moveit/package.sh'
[0.779s] INFO:colcon.colcon_core.shell:Creating package script '/home/nameless/Desktop/RoARM_Jazzy_ws/src/roarm_ws_em0_jazzy/install/roarm_moveit/share/roarm_moveit/package.bash'
[0.779s] INFO:colcon.colcon_core.shell:Creating package script '/home/nameless/Desktop/RoARM_Jazzy_ws/src/roarm_ws_em0_jazzy/install/roarm_moveit/share/roarm_moveit/package.zsh'
[0.779s] Level 1:colcon.colcon_core.environment:create_file_with_runtime_dependencies(/home/nameless/Desktop/RoARM_Jazzy_ws/src/roarm_ws_em0_jazzy/install/roarm_moveit/share/colcon-core/packages/roarm_moveit)
[0.783s] DEBUG:colcon.colcon_core.event_handler.log_command:Invoking command in '/home/nameless/Desktop/RoARM_Jazzy_ws/src/roarm_ws_em0_jazzy/build/launch_api': DEBUGINFOD_URLS=https://debuginfod.ubuntu.com PYTHONPATH=/home/nameless/Desktop/RoARM_Jazzy_ws/src/roarm_ws_em0_jazzy/build/launch_api/prefix_override:/usr/lib/python3/dist-packages/colcon_core/task/python/colcon_distutils_commands:/home/nameless/Desktop/RoARM_Jazzy_ws/src/roarm_ws_em0_jazzy/install/launch_api/lib/python3.12/site-packages:${PYTHONPATH} /usr/bin/python3 -W ignore:setup.py install is deprecated -W ignore:easy_install command is deprecated setup.py develop --editable --build-directory /home/nameless/Desktop/RoARM_Jazzy_ws/src/roarm_ws_em0_jazzy/build/launch_api/build --no-deps symlink_data
[1.037s] Level 1:colcon.colcon_core.shell:create_environment_hook('roarm_driver', 'pythonpath_develop')
[1.037s] INFO:colcon.colcon_core.shell:Creating environment hook '/home/nameless/Desktop/RoARM_Jazzy_ws/src/roarm_ws_em0_jazzy/build/roarm_driver/share/roarm_driver/hook/pythonpath_develop.ps1'
[1.038s] DEBUG:colcon.colcon_core.event_handler.log_command:Invoked command in '/home/nameless/Desktop/RoARM_Jazzy_ws/src/roarm_ws_em0_jazzy/build/roarm_driver' returned '0': DEBUGINFOD_URLS=https://debuginfod.ubuntu.com PYTHONPATH=/home/nameless/Desktop/RoARM_Jazzy_ws/src/roarm_ws_em0_jazzy/build/roarm_driver/prefix_override:/usr/lib/python3/dist-packages/colcon_core/task/python/colcon_distutils_commands:/home/nameless/Desktop/RoARM_Jazzy_ws/src/roarm_ws_em0_jazzy/install/roarm_driver/lib/python3.12/site-packages:${PYTHONPATH} /usr/bin/python3 -W ignore:setup.py install is deprecated -W ignore:easy_install command is deprecated setup.py develop --editable --build-directory /home/nameless/Desktop/RoARM_Jazzy_ws/src/roarm_ws_em0_jazzy/build/roarm_driver/build --no-deps symlink_data
[1.038s] INFO:colcon.colcon_core.shell:Creating environment descriptor '/home/nameless/Desktop/RoARM_Jazzy_ws/src/roarm_ws_em0_jazzy/build/roarm_driver/share/roarm_driver/hook/pythonpath_develop.dsv'
[1.039s] INFO:colcon.colcon_core.shell:Creating environment hook '/home/nameless/Desktop/RoARM_Jazzy_ws/src/roarm_ws_em0_jazzy/build/roarm_driver/share/roarm_driver/hook/pythonpath_develop.sh'
[1.040s] Level 1:colcon.colcon_core.environment:checking '/home/nameless/Desktop/RoARM_Jazzy_ws/src/roarm_ws_em0_jazzy/install/roarm_driver' for CMake module files
[1.040s] Level 1:colcon.colcon_core.environment:checking '/home/nameless/Desktop/RoARM_Jazzy_ws/src/roarm_ws_em0_jazzy/install/roarm_driver' for CMake config files
[1.041s] Level 1:colcon.colcon_core.environment:checking '/home/nameless/Desktop/RoARM_Jazzy_ws/src/roarm_ws_em0_jazzy/install/roarm_driver/lib'
[1.041s] Level 1:colcon.colcon_core.environment:checking '/home/nameless/Desktop/RoARM_Jazzy_ws/src/roarm_ws_em0_jazzy/install/roarm_driver/bin'
[1.041s] Level 1:colcon.colcon_core.environment:checking '/home/nameless/Desktop/RoARM_Jazzy_ws/src/roarm_ws_em0_jazzy/install/roarm_driver/lib/pkgconfig/roarm_driver.pc'
[1.042s] Level 1:colcon.colcon_core.environment:checking '/home/nameless/Desktop/RoARM_Jazzy_ws/src/roarm_ws_em0_jazzy/install/roarm_driver/lib/python3.12/site-packages'
[1.042s] Level 1:colcon.colcon_core.shell:create_environment_hook('roarm_driver', 'pythonpath')
[1.042s] INFO:colcon.colcon_core.shell:Creating environment hook '/home/nameless/Desktop/RoARM_Jazzy_ws/src/roarm_ws_em0_jazzy/install/roarm_driver/share/roarm_driver/hook/pythonpath.ps1'
[1.043s] INFO:colcon.colcon_core.shell:Creating environment descriptor '/home/nameless/Desktop/RoARM_Jazzy_ws/src/roarm_ws_em0_jazzy/install/roarm_driver/share/roarm_driver/hook/pythonpath.dsv'
[1.043s] INFO:colcon.colcon_core.shell:Creating environment hook '/home/nameless/Desktop/RoARM_Jazzy_ws/src/roarm_ws_em0_jazzy/install/roarm_driver/share/roarm_driver/hook/pythonpath.sh'
[1.044s] Level 1:colcon.colcon_core.environment:checking '/home/nameless/Desktop/RoARM_Jazzy_ws/src/roarm_ws_em0_jazzy/install/roarm_driver/bin'
[1.044s] Level 1:colcon.colcon_core.environment:create_environment_scripts_only(roarm_driver)
[1.045s] INFO:colcon.colcon_core.shell:Creating package script '/home/nameless/Desktop/RoARM_Jazzy_ws/src/roarm_ws_em0_jazzy/install/roarm_driver/share/roarm_driver/package.ps1'
[1.046s] INFO:colcon.colcon_core.shell:Creating package descriptor '/home/nameless/Desktop/RoARM_Jazzy_ws/src/roarm_ws_em0_jazzy/install/roarm_driver/share/roarm_driver/package.dsv'
[1.046s] INFO:colcon.colcon_core.shell:Creating package script '/home/nameless/Desktop/RoARM_Jazzy_ws/src/roarm_ws_em0_jazzy/install/roarm_driver/share/roarm_driver/package.sh'
[1.047s] INFO:colcon.colcon_core.shell:Creating package script '/home/nameless/Desktop/RoARM_Jazzy_ws/src/roarm_ws_em0_jazzy/install/roarm_driver/share/roarm_driver/package.bash'
[1.047s] INFO:colcon.colcon_core.shell:Creating package script '/home/nameless/Desktop/RoARM_Jazzy_ws/src/roarm_ws_em0_jazzy/install/roarm_driver/share/roarm_driver/package.zsh'
[1.048s] Level 1:colcon.colcon_core.environment:create_file_with_runtime_dependencies(/home/nameless/Desktop/RoARM_Jazzy_ws/src/roarm_ws_em0_jazzy/install/roarm_driver/share/colcon-core/packages/roarm_driver)
[1.127s] Level 1:colcon.colcon_core.shell:create_environment_hook('launch_api', 'pythonpath_develop')
[1.127s] INFO:colcon.colcon_core.shell:Creating environment hook '/home/nameless/Desktop/RoARM_Jazzy_ws/src/roarm_ws_em0_jazzy/build/launch_api/share/launch_api/hook/pythonpath_develop.ps1'
[1.128s] DEBUG:colcon.colcon_core.event_handler.log_command:Invoked command in '/home/nameless/Desktop/RoARM_Jazzy_ws/src/roarm_ws_em0_jazzy/build/launch_api' returned '0': DEBUGINFOD_URLS=https://debuginfod.ubuntu.com PYTHONPATH=/home/nameless/Desktop/RoARM_Jazzy_ws/src/roarm_ws_em0_jazzy/build/launch_api/prefix_override:/usr/lib/python3/dist-packages/colcon_core/task/python/colcon_distutils_commands:/home/nameless/Desktop/RoARM_Jazzy_ws/src/roarm_ws_em0_jazzy/install/launch_api/lib/python3.12/site-packages:${PYTHONPATH} /usr/bin/python3 -W ignore:setup.py install is deprecated -W ignore:easy_install command is deprecated setup.py develop --editable --build-directory /home/nameless/Desktop/RoARM_Jazzy_ws/src/roarm_ws_em0_jazzy/build/launch_api/build --no-deps symlink_data
[1.129s] INFO:colcon.colcon_core.shell:Creating environment descriptor '/home/nameless/Desktop/RoARM_Jazzy_ws/src/roarm_ws_em0_jazzy/build/launch_api/share/launch_api/hook/pythonpath_develop.dsv'
[1.130s] INFO:colcon.colcon_core.shell:Creating environment hook '/home/nameless/Desktop/RoARM_Jazzy_ws/src/roarm_ws_em0_jazzy/build/launch_api/share/launch_api/hook/pythonpath_develop.sh'
[1.130s] Level 1:colcon.colcon_core.environment:checking '/home/nameless/Desktop/RoARM_Jazzy_ws/src/roarm_ws_em0_jazzy/install/launch_api' for CMake module files
[1.131s] Level 1:colcon.colcon_core.environment:checking '/home/nameless/Desktop/RoARM_Jazzy_ws/src/roarm_ws_em0_jazzy/install/launch_api' for CMake config files
[1.132s] Level 1:colcon.colcon_core.environment:checking '/home/nameless/Desktop/RoARM_Jazzy_ws/src/roarm_ws_em0_jazzy/install/launch_api/lib'
[1.132s] Level 1:colcon.colcon_core.environment:checking '/home/nameless/Desktop/RoARM_Jazzy_ws/src/roarm_ws_em0_jazzy/install/launch_api/bin'
[1.132s] Level 1:colcon.colcon_core.environment:checking '/home/nameless/Desktop/RoARM_Jazzy_ws/src/roarm_ws_em0_jazzy/install/launch_api/lib/pkgconfig/launch_api.pc'
[1.132s] Level 1:colcon.colcon_core.environment:checking '/home/nameless/Desktop/RoARM_Jazzy_ws/src/roarm_ws_em0_jazzy/install/launch_api/lib/python3.12/site-packages'
[1.133s] Level 1:colcon.colcon_core.shell:create_environment_hook('launch_api', 'pythonpath')
[1.133s] INFO:colcon.colcon_core.shell:Creating environment hook '/home/nameless/Desktop/RoARM_Jazzy_ws/src/roarm_ws_em0_jazzy/install/launch_api/share/launch_api/hook/pythonpath.ps1'
[1.134s] INFO:colcon.colcon_core.shell:Creating environment descriptor '/home/nameless/Desktop/RoARM_Jazzy_ws/src/roarm_ws_em0_jazzy/install/launch_api/share/launch_api/hook/pythonpath.dsv'
[1.134s] INFO:colcon.colcon_core.shell:Creating environment hook '/home/nameless/Desktop/RoARM_Jazzy_ws/src/roarm_ws_em0_jazzy/install/launch_api/share/launch_api/hook/pythonpath.sh'
[1.135s] Level 1:colcon.colcon_core.environment:checking '/home/nameless/Desktop/RoARM_Jazzy_ws/src/roarm_ws_em0_jazzy/install/launch_api/bin'
[1.135s] Level 1:colcon.colcon_core.environment:create_environment_scripts_only(launch_api)
[1.136s] INFO:colcon.colcon_core.shell:Creating package script '/home/nameless/Desktop/RoARM_Jazzy_ws/src/roarm_ws_em0_jazzy/install/launch_api/share/launch_api/package.ps1'
[1.136s] INFO:colcon.colcon_core.shell:Creating package descriptor '/home/nameless/Desktop/RoARM_Jazzy_ws/src/roarm_ws_em0_jazzy/install/launch_api/share/launch_api/package.dsv'
[1.137s] INFO:colcon.colcon_core.shell:Creating package script '/home/nameless/Desktop/RoARM_Jazzy_ws/src/roarm_ws_em0_jazzy/install/launch_api/share/launch_api/package.sh'
[1.138s] INFO:colcon.colcon_core.shell:Creating package script '/home/nameless/Desktop/RoARM_Jazzy_ws/src/roarm_ws_em0_jazzy/install/launch_api/share/launch_api/package.bash'
[1.138s] INFO:colcon.colcon_core.shell:Creating package script '/home/nameless/Desktop/RoARM_Jazzy_ws/src/roarm_ws_em0_jazzy/install/launch_api/share/launch_api/package.zsh'
[1.139s] Level 1:colcon.colcon_core.environment:create_file_with_runtime_dependencies(/home/nameless/Desktop/RoARM_Jazzy_ws/src/roarm_ws_em0_jazzy/install/launch_api/share/colcon-core/packages/launch_api)
[1.780s] Level 1:colcon.colcon_core.environment:create_environment_scripts_only(ros2web_interfaces)
[1.780s] Level 1:colcon.colcon_core.environment:checking '/home/nameless/Desktop/RoARM_Jazzy_ws/src/roarm_ws_em0_jazzy/install/ros2web_interfaces' for CMake module files
[1.781s] DEBUG:colcon.colcon_core.event_handler.log_command:Invoked command in '/home/nameless/Desktop/RoARM_Jazzy_ws/src/roarm_ws_em0_jazzy/build/ros2web_interfaces' returned '0': CMAKE_PREFIX_PATH=${CMAKE_PREFIX_PATH}:/opt/ros/jazzy DEBUGINFOD_URLS=https://debuginfod.ubuntu.com /usr/bin/cmake --install /home/nameless/Desktop/RoARM_Jazzy_ws/src/roarm_ws_em0_jazzy/build/ros2web_interfaces
[1.782s] Level 1:colcon.colcon_core.environment:checking '/home/nameless/Desktop/RoARM_Jazzy_ws/src/roarm_ws_em0_jazzy/install/ros2web_interfaces' for CMake config files
[1.782s] Level 1:colcon.colcon_core.shell:create_environment_hook('ros2web_interfaces', 'cmake_prefix_path')
[1.782s] INFO:colcon.colcon_core.shell:Creating environment hook '/home/nameless/Desktop/RoARM_Jazzy_ws/src/roarm_ws_em0_jazzy/install/ros2web_interfaces/share/ros2web_interfaces/hook/cmake_prefix_path.ps1'
[1.783s] INFO:colcon.colcon_core.shell:Creating environment descriptor '/home/nameless/Desktop/RoARM_Jazzy_ws/src/roarm_ws_em0_jazzy/install/ros2web_interfaces/share/ros2web_interfaces/hook/cmake_prefix_path.dsv'
[1.783s] INFO:colcon.colcon_core.shell:Creating environment hook '/home/nameless/Desktop/RoARM_Jazzy_ws/src/roarm_ws_em0_jazzy/install/ros2web_interfaces/share/ros2web_interfaces/hook/cmake_prefix_path.sh'
[1.784s] Level 1:colcon.colcon_core.environment:checking '/home/nameless/Desktop/RoARM_Jazzy_ws/src/roarm_ws_em0_jazzy/install/ros2web_interfaces/lib'
[1.784s] Level 1:colcon.colcon_core.shell:create_environment_hook('ros2web_interfaces', 'ld_library_path_lib')
[1.784s] INFO:colcon.colcon_core.shell:Creating environment hook '/home/nameless/Desktop/RoARM_Jazzy_ws/src/roarm_ws_em0_jazzy/install/ros2web_interfaces/share/ros2web_interfaces/hook/ld_library_path_lib.ps1'
[1.785s] INFO:colcon.colcon_core.shell:Creating environment descriptor '/home/nameless/Desktop/RoARM_Jazzy_ws/src/roarm_ws_em0_jazzy/install/ros2web_interfaces/share/ros2web_interfaces/hook/ld_library_path_lib.dsv'
[1.785s] INFO:colcon.colcon_core.shell:Creating environment hook '/home/nameless/Desktop/RoARM_Jazzy_ws/src/roarm_ws_em0_jazzy/install/ros2web_interfaces/share/ros2web_interfaces/hook/ld_library_path_lib.sh'
[1.785s] Level 1:colcon.colcon_core.environment:checking '/home/nameless/Desktop/RoARM_Jazzy_ws/src/roarm_ws_em0_jazzy/install/ros2web_interfaces/bin'
[1.785s] Level 1:colcon.colcon_core.environment:checking '/home/nameless/Desktop/RoARM_Jazzy_ws/src/roarm_ws_em0_jazzy/install/ros2web_interfaces/lib/pkgconfig/ros2web_interfaces.pc'
[1.786s] Level 1:colcon.colcon_core.environment:checking '/home/nameless/Desktop/RoARM_Jazzy_ws/src/roarm_ws_em0_jazzy/install/ros2web_interfaces/lib/python3.12/site-packages'
[1.786s] Level 1:colcon.colcon_core.shell:create_environment_hook('ros2web_interfaces', 'pythonpath')
[1.786s] INFO:colcon.colcon_core.shell:Creating environment hook '/home/nameless/Desktop/RoARM_Jazzy_ws/src/roarm_ws_em0_jazzy/install/ros2web_interfaces/share/ros2web_interfaces/hook/pythonpath.ps1'
[1.786s] INFO:colcon.colcon_core.shell:Creating environment descriptor '/home/nameless/Desktop/RoARM_Jazzy_ws/src/roarm_ws_em0_jazzy/install/ros2web_interfaces/share/ros2web_interfaces/hook/pythonpath.dsv'
[1.787s] INFO:colcon.colcon_core.shell:Creating environment hook '/home/nameless/Desktop/RoARM_Jazzy_ws/src/roarm_ws_em0_jazzy/install/ros2web_interfaces/share/ros2web_interfaces/hook/pythonpath.sh'
[1.788s] Level 1:colcon.colcon_core.environment:checking '/home/nameless/Desktop/RoARM_Jazzy_ws/src/roarm_ws_em0_jazzy/install/ros2web_interfaces/bin'
[1.788s] INFO:colcon.colcon_core.shell:Creating package script '/home/nameless/Desktop/RoARM_Jazzy_ws/src/roarm_ws_em0_jazzy/install/ros2web_interfaces/share/ros2web_interfaces/package.ps1'
[1.789s] INFO:colcon.colcon_core.shell:Creating package descriptor '/home/nameless/Desktop/RoARM_Jazzy_ws/src/roarm_ws_em0_jazzy/install/ros2web_interfaces/share/ros2web_interfaces/package.dsv'
[1.789s] INFO:colcon.colcon_core.shell:Creating package script '/home/nameless/Desktop/RoARM_Jazzy_ws/src/roarm_ws_em0_jazzy/install/ros2web_interfaces/share/ros2web_interfaces/package.sh'
[1.789s] INFO:colcon.colcon_core.shell:Creating package script '/home/nameless/Desktop/RoARM_Jazzy_ws/src/roarm_ws_em0_jazzy/install/ros2web_interfaces/share/ros2web_interfaces/package.bash'
[1.789s] INFO:colcon.colcon_core.shell:Creating package script '/home/nameless/Desktop/RoARM_Jazzy_ws/src/roarm_ws_em0_jazzy/install/ros2web_interfaces/share/ros2web_interfaces/package.zsh'
[1.790s] Level 1:colcon.colcon_core.environment:create_file_with_runtime_dependencies(/home/nameless/Desktop/RoARM_Jazzy_ws/src/roarm_ws_em0_jazzy/install/ros2web_interfaces/share/colcon-core/packages/ros2web_interfaces)
[1.790s] Level 1:colcon.colcon_core.environment:create_environment_scripts_only(ros2web_interfaces)
[1.790s] Level 1:colcon.colcon_core.environment:checking '/home/nameless/Desktop/RoARM_Jazzy_ws/src/roarm_ws_em0_jazzy/install/ros2web_interfaces' for CMake module files
[1.790s] Level 1:colcon.colcon_core.environment:checking '/home/nameless/Desktop/RoARM_Jazzy_ws/src/roarm_ws_em0_jazzy/install/ros2web_interfaces' for CMake config files
[1.791s] Level 1:colcon.colcon_core.shell:create_environment_hook('ros2web_interfaces', 'cmake_prefix_path')
[1.791s] INFO:colcon.colcon_core.shell:Creating environment hook '/home/nameless/Desktop/RoARM_Jazzy_ws/src/roarm_ws_em0_jazzy/install/ros2web_interfaces/share/ros2web_interfaces/hook/cmake_prefix_path.ps1'
[1.791s] INFO:colcon.colcon_core.shell:Creating environment descriptor '/home/nameless/Desktop/RoARM_Jazzy_ws/src/roarm_ws_em0_jazzy/install/ros2web_interfaces/share/ros2web_interfaces/hook/cmake_prefix_path.dsv'
[1.791s] INFO:colcon.colcon_core.shell:Creating environment hook '/home/nameless/Desktop/RoARM_Jazzy_ws/src/roarm_ws_em0_jazzy/install/ros2web_interfaces/share/ros2web_interfaces/hook/cmake_prefix_path.sh'
[1.791s] Level 1:colcon.colcon_core.environment:checking '/home/nameless/Desktop/RoARM_Jazzy_ws/src/roarm_ws_em0_jazzy/install/ros2web_interfaces/lib'
[1.791s] Level 1:colcon.colcon_core.shell:create_environment_hook('ros2web_interfaces', 'ld_library_path_lib')
[1.792s] INFO:colcon.colcon_core.shell:Creating environment hook '/home/nameless/Desktop/RoARM_Jazzy_ws/src/roarm_ws_em0_jazzy/install/ros2web_interfaces/share/ros2web_interfaces/hook/ld_library_path_lib.ps1'
[1.792s] INFO:colcon.colcon_core.shell:Creating environment descriptor '/home/nameless/Desktop/RoARM_Jazzy_ws/src/roarm_ws_em0_jazzy/install/ros2web_interfaces/share/ros2web_interfaces/hook/ld_library_path_lib.dsv'
[1.792s] INFO:colcon.colcon_core.shell:Creating environment hook '/home/nameless/Desktop/RoARM_Jazzy_ws/src/roarm_ws_em0_jazzy/install/ros2web_interfaces/share/ros2web_interfaces/hook/ld_library_path_lib.sh'
[1.792s] Level 1:colcon.colcon_core.environment:checking '/home/nameless/Desktop/RoARM_Jazzy_ws/src/roarm_ws_em0_jazzy/install/ros2web_interfaces/bin'
[1.792s] Level 1:colcon.colcon_core.environment:checking '/home/nameless/Desktop/RoARM_Jazzy_ws/src/roarm_ws_em0_jazzy/install/ros2web_interfaces/lib/pkgconfig/ros2web_interfaces.pc'
[1.792s] Level 1:colcon.colcon_core.environment:checking '/home/nameless/Desktop/RoARM_Jazzy_ws/src/roarm_ws_em0_jazzy/install/ros2web_interfaces/lib/python3.12/site-packages'
[1.792s] Level 1:colcon.colcon_core.shell:create_environment_hook('ros2web_interfaces', 'pythonpath')
[1.792s] INFO:colcon.colcon_core.shell:Creating environment hook '/home/nameless/Desktop/RoARM_Jazzy_ws/src/roarm_ws_em0_jazzy/install/ros2web_interfaces/share/ros2web_interfaces/hook/pythonpath.ps1'
[1.793s] INFO:colcon.colcon_core.shell:Creating environment descriptor '/home/nameless/Desktop/RoARM_Jazzy_ws/src/roarm_ws_em0_jazzy/install/ros2web_interfaces/share/ros2web_interfaces/hook/pythonpath.dsv'
[1.793s] INFO:colcon.colcon_core.shell:Creating environment hook '/home/nameless/Desktop/RoARM_Jazzy_ws/src/roarm_ws_em0_jazzy/install/ros2web_interfaces/share/ros2web_interfaces/hook/pythonpath.sh'
[1.793s] Level 1:colcon.colcon_core.environment:checking '/home/nameless/Desktop/RoARM_Jazzy_ws/src/roarm_ws_em0_jazzy/install/ros2web_interfaces/bin'
[1.793s] INFO:colcon.colcon_core.shell:Creating package script '/home/nameless/Desktop/RoARM_Jazzy_ws/src/roarm_ws_em0_jazzy/install/ros2web_interfaces/share/ros2web_interfaces/package.ps1'
[1.794s] INFO:colcon.colcon_core.shell:Creating package descriptor '/home/nameless/Desktop/RoARM_Jazzy_ws/src/roarm_ws_em0_jazzy/install/ros2web_interfaces/share/ros2web_interfaces/package.dsv'
[1.794s] INFO:colcon.colcon_core.shell:Creating package script '/home/nameless/Desktop/RoARM_Jazzy_ws/src/roarm_ws_em0_jazzy/install/ros2web_interfaces/share/ros2web_interfaces/package.sh'
[1.794s] INFO:colcon.colcon_core.shell:Creating package script '/home/nameless/Desktop/RoARM_Jazzy_ws/src/roarm_ws_em0_jazzy/install/ros2web_interfaces/share/ros2web_interfaces/package.bash'
[1.794s] INFO:colcon.colcon_core.shell:Creating package script '/home/nameless/Desktop/RoARM_Jazzy_ws/src/roarm_ws_em0_jazzy/install/ros2web_interfaces/share/ros2web_interfaces/package.zsh'
[1.794s] Level 1:colcon.colcon_core.environment:create_file_with_runtime_dependencies(/home/nameless/Desktop/RoARM_Jazzy_ws/src/roarm_ws_em0_jazzy/install/ros2web_interfaces/share/colcon-core/packages/ros2web_interfaces)
[1.795s] INFO:colcon.colcon_ros.task.ament_python.build:Building ROS package in '/home/nameless/Desktop/RoARM_Jazzy_ws/src/roarm_ws_em0_jazzy/src/roarm_else/ros2web-ros2/ros2web' with build type 'ament_python'
[1.795s] Level 1:colcon.colcon_core.shell:create_environment_hook('ros2web', 'ament_prefix_path')
[1.795s] INFO:colcon.colcon_core.shell:Creating environment hook '/home/nameless/Desktop/RoARM_Jazzy_ws/src/roarm_ws_em0_jazzy/install/ros2web/share/ros2web/hook/ament_prefix_path.ps1'
[1.795s] INFO:colcon.colcon_core.shell:Creating environment descriptor '/home/nameless/Desktop/RoARM_Jazzy_ws/src/roarm_ws_em0_jazzy/install/ros2web/share/ros2web/hook/ament_prefix_path.dsv'
[1.795s] INFO:colcon.colcon_core.shell:Creating environment hook '/home/nameless/Desktop/RoARM_Jazzy_ws/src/roarm_ws_em0_jazzy/install/ros2web/share/ros2web/hook/ament_prefix_path.sh'
[1.796s] INFO:colcon.colcon_core.shell:Skip shell extension 'powershell' for command environment: Not usable outside of PowerShell
[1.796s] DEBUG:colcon.colcon_core.shell:Skip shell extension 'dsv' for command environment
[1.914s] INFO:colcon.colcon_core.task.python.build:Building Python package in '/home/nameless/Desktop/RoARM_Jazzy_ws/src/roarm_ws_em0_jazzy/src/roarm_else/ros2web-ros2/ros2web'
[1.914s] INFO:colcon.colcon_core.shell:Skip shell extension 'powershell' for command environment: Not usable outside of PowerShell
[1.914s] DEBUG:colcon.colcon_core.shell:Skip shell extension 'dsv' for command environment
[2.205s] DEBUG:colcon.colcon_core.event_handler.log_command:Invoking command in '/home/nameless/Desktop/RoARM_Jazzy_ws/src/roarm_ws_em0_jazzy/build/ros2web': AMENT_PREFIX_PATH=/home/nameless/Desktop/RoARM_Jazzy_ws/src/roarm_ws_em0_jazzy/install/ros2web_interfaces:${AMENT_PREFIX_PATH} CMAKE_PREFIX_PATH=/home/nameless/Desktop/RoARM_Jazzy_ws/src/roarm_ws_em0_jazzy/install/ros2web_interfaces:${CMAKE_PREFIX_PATH} DEBUGINFOD_URLS=https://debuginfod.ubuntu.com LD_LIBRARY_PATH=/home/nameless/Desktop/RoARM_Jazzy_ws/src/roarm_ws_em0_jazzy/install/ros2web_interfaces/lib:${LD_LIBRARY_PATH} PYTHONPATH=/home/nameless/Desktop/RoARM_Jazzy_ws/src/roarm_ws_em0_jazzy/build/ros2web/prefix_override:/usr/lib/python3/dist-packages/colcon_core/task/python/colcon_distutils_commands:/home/nameless/Desktop/RoARM_Jazzy_ws/src/roarm_ws_em0_jazzy/install/ros2web/lib/python3.12/site-packages:/home/nameless/Desktop/RoARM_Jazzy_ws/src/roarm_ws_em0_jazzy/install/ros2web_interfaces/lib/python3.12/site-packages:${PYTHONPATH} /usr/bin/python3 -W ignore:setup.py install is deprecated -W ignore:easy_install command is deprecated setup.py develop --editable --build-directory /home/nameless/Desktop/RoARM_Jazzy_ws/src/roarm_ws_em0_jazzy/build/ros2web/build --no-deps symlink_data
[2.518s] Level 1:colcon.colcon_core.shell:create_environment_hook('ros2web', 'pythonpath_develop')
[2.519s] INFO:colcon.colcon_core.shell:Creating environment hook '/home/nameless/Desktop/RoARM_Jazzy_ws/src/roarm_ws_em0_jazzy/build/ros2web/share/ros2web/hook/pythonpath_develop.ps1'
[2.520s] DEBUG:colcon.colcon_core.event_handler.log_command:Invoked command in '/home/nameless/Desktop/RoARM_Jazzy_ws/src/roarm_ws_em0_jazzy/build/ros2web' returned '0': AMENT_PREFIX_PATH=/home/nameless/Desktop/RoARM_Jazzy_ws/src/roarm_ws_em0_jazzy/install/ros2web_interfaces:${AMENT_PREFIX_PATH} CMAKE_PREFIX_PATH=/home/nameless/Desktop/RoARM_Jazzy_ws/src/roarm_ws_em0_jazzy/install/ros2web_interfaces:${CMAKE_PREFIX_PATH} DEBUGINFOD_URLS=https://debuginfod.ubuntu.com LD_LIBRARY_PATH=/home/nameless/Desktop/RoARM_Jazzy_ws/src/roarm_ws_em0_jazzy/install/ros2web_interfaces/lib:${LD_LIBRARY_PATH} PYTHONPATH=/home/nameless/Desktop/RoARM_Jazzy_ws/src/roarm_ws_em0_jazzy/build/ros2web/prefix_override:/usr/lib/python3/dist-packages/colcon_core/task/python/colcon_distutils_commands:/home/nameless/Desktop/RoARM_Jazzy_ws/src/roarm_ws_em0_jazzy/install/ros2web/lib/python3.12/site-packages:/home/nameless/Desktop/RoARM_Jazzy_ws/src/roarm_ws_em0_jazzy/install/ros2web_interfaces/lib/python3.12/site-packages:${PYTHONPATH} /usr/bin/python3 -W ignore:setup.py install is deprecated -W ignore:easy_install command is deprecated setup.py develop --editable --build-directory /home/nameless/Desktop/RoARM_Jazzy_ws/src/roarm_ws_em0_jazzy/build/ros2web/build --no-deps symlink_data
[2.520s] INFO:colcon.colcon_core.shell:Creating environment descriptor '/home/nameless/Desktop/RoARM_Jazzy_ws/src/roarm_ws_em0_jazzy/build/ros2web/share/ros2web/hook/pythonpath_develop.dsv'
[2.521s] INFO:colcon.colcon_core.shell:Creating environment hook '/home/nameless/Desktop/RoARM_Jazzy_ws/src/roarm_ws_em0_jazzy/build/ros2web/share/ros2web/hook/pythonpath_develop.sh'
[2.522s] Level 1:colcon.colcon_core.environment:checking '/home/nameless/Desktop/RoARM_Jazzy_ws/src/roarm_ws_em0_jazzy/install/ros2web' for CMake module files
[2.522s] Level 1:colcon.colcon_core.environment:checking '/home/nameless/Desktop/RoARM_Jazzy_ws/src/roarm_ws_em0_jazzy/install/ros2web' for CMake config files
[2.523s] Level 1:colcon.colcon_core.environment:checking '/home/nameless/Desktop/RoARM_Jazzy_ws/src/roarm_ws_em0_jazzy/install/ros2web/lib'
[2.523s] Level 1:colcon.colcon_core.environment:checking '/home/nameless/Desktop/RoARM_Jazzy_ws/src/roarm_ws_em0_jazzy/install/ros2web/bin'
[2.523s] Level 1:colcon.colcon_core.environment:checking '/home/nameless/Desktop/RoARM_Jazzy_ws/src/roarm_ws_em0_jazzy/install/ros2web/lib/pkgconfig/ros2web.pc'
[2.523s] Level 1:colcon.colcon_core.environment:checking '/home/nameless/Desktop/RoARM_Jazzy_ws/src/roarm_ws_em0_jazzy/install/ros2web/lib/python3.12/site-packages'
[2.524s] Level 1:colcon.colcon_core.shell:create_environment_hook('ros2web', 'pythonpath')
[2.524s] INFO:colcon.colcon_core.shell:Creating environment hook '/home/nameless/Desktop/RoARM_Jazzy_ws/src/roarm_ws_em0_jazzy/install/ros2web/share/ros2web/hook/pythonpath.ps1'
[2.524s] INFO:colcon.colcon_core.shell:Creating environment descriptor '/home/nameless/Desktop/RoARM_Jazzy_ws/src/roarm_ws_em0_jazzy/install/ros2web/share/ros2web/hook/pythonpath.dsv'
[2.524s] INFO:colcon.colcon_core.shell:Creating environment hook '/home/nameless/Desktop/RoARM_Jazzy_ws/src/roarm_ws_em0_jazzy/install/ros2web/share/ros2web/hook/pythonpath.sh'
[2.525s] Level 1:colcon.colcon_core.environment:checking '/home/nameless/Desktop/RoARM_Jazzy_ws/src/roarm_ws_em0_jazzy/install/ros2web/bin'
[2.525s] Level 1:colcon.colcon_core.environment:create_environment_scripts_only(ros2web)
[2.526s] INFO:colcon.colcon_core.shell:Creating package script '/home/nameless/Desktop/RoARM_Jazzy_ws/src/roarm_ws_em0_jazzy/install/ros2web/share/ros2web/package.ps1'
[2.526s] INFO:colcon.colcon_core.shell:Creating package descriptor '/home/nameless/Desktop/RoARM_Jazzy_ws/src/roarm_ws_em0_jazzy/install/ros2web/share/ros2web/package.dsv'
[2.527s] INFO:colcon.colcon_core.shell:Creating package script '/home/nameless/Desktop/RoARM_Jazzy_ws/src/roarm_ws_em0_jazzy/install/ros2web/share/ros2web/package.sh'
[2.527s] INFO:colcon.colcon_core.shell:Creating package script '/home/nameless/Desktop/RoARM_Jazzy_ws/src/roarm_ws_em0_jazzy/install/ros2web/share/ros2web/package.bash'
[2.527s] INFO:colcon.colcon_core.shell:Creating package script '/home/nameless/Desktop/RoARM_Jazzy_ws/src/roarm_ws_em0_jazzy/install/ros2web/share/ros2web/package.zsh'
[2.528s] Level 1:colcon.colcon_core.environment:create_file_with_runtime_dependencies(/home/nameless/Desktop/RoARM_Jazzy_ws/src/roarm_ws_em0_jazzy/install/ros2web/share/colcon-core/packages/ros2web)
[2.528s] INFO:colcon.colcon_ros.task.ament_python.build:Building ROS package in '/home/nameless/Desktop/RoARM_Jazzy_ws/src/roarm_ws_em0_jazzy/src/roarm_else/ros2web_app/ros2web_app' with build type 'ament_python'
[2.528s] Level 1:colcon.colcon_core.shell:create_environment_hook('ros2web_app', 'ament_prefix_path')
[2.528s] INFO:colcon.colcon_core.shell:Creating environment hook '/home/nameless/Desktop/RoARM_Jazzy_ws/src/roarm_ws_em0_jazzy/install/ros2web_app/share/ros2web_app/hook/ament_prefix_path.ps1'
[2.530s] INFO:colcon.colcon_core.shell:Creating environment descriptor '/home/nameless/Desktop/RoARM_Jazzy_ws/src/roarm_ws_em0_jazzy/install/ros2web_app/share/ros2web_app/hook/ament_prefix_path.dsv'
[2.530s] INFO:colcon.colcon_core.shell:Creating environment hook '/home/nameless/Desktop/RoARM_Jazzy_ws/src/roarm_ws_em0_jazzy/install/ros2web_app/share/ros2web_app/hook/ament_prefix_path.sh'
[2.531s] INFO:colcon.colcon_core.shell:Skip shell extension 'powershell' for command environment: Not usable outside of PowerShell
[2.531s] DEBUG:colcon.colcon_core.shell:Skip shell extension 'dsv' for command environment
[2.533s] INFO:colcon.colcon_ros.task.ament_python.build:Building ROS package in '/home/nameless/Desktop/RoARM_Jazzy_ws/src/roarm_ws_em0_jazzy/src/roarm_else/ros2web-ros2/examples/ros2web_example_py' with build type 'ament_python'
[2.534s] Level 1:colcon.colcon_core.shell:create_environment_hook('ros2web_example_py', 'ament_prefix_path')
[2.534s] INFO:colcon.colcon_core.shell:Creating environment hook '/home/nameless/Desktop/RoARM_Jazzy_ws/src/roarm_ws_em0_jazzy/install/ros2web_example_py/share/ros2web_example_py/hook/ament_prefix_path.ps1'
[2.534s] INFO:colcon.colcon_core.shell:Creating environment descriptor '/home/nameless/Desktop/RoARM_Jazzy_ws/src/roarm_ws_em0_jazzy/install/ros2web_example_py/share/ros2web_example_py/hook/ament_prefix_path.dsv'
[2.534s] INFO:colcon.colcon_core.shell:Creating environment hook '/home/nameless/Desktop/RoARM_Jazzy_ws/src/roarm_ws_em0_jazzy/install/ros2web_example_py/share/ros2web_example_py/hook/ament_prefix_path.sh'
[2.534s] INFO:colcon.colcon_core.shell:Skip shell extension 'powershell' for command environment: Not usable outside of PowerShell
[2.534s] DEBUG:colcon.colcon_core.shell:Skip shell extension 'dsv' for command environment
[2.655s] INFO:colcon.colcon_core.task.python.build:Building Python package in '/home/nameless/Desktop/RoARM_Jazzy_ws/src/roarm_ws_em0_jazzy/src/roarm_else/ros2web_app/ros2web_app'
[2.656s] INFO:colcon.colcon_core.shell:Skip shell extension 'powershell' for command environment: Not usable outside of PowerShell
[2.656s] DEBUG:colcon.colcon_core.shell:Skip shell extension 'dsv' for command environment
[2.767s] INFO:colcon.colcon_core.task.python.build:Building Python package in '/home/nameless/Desktop/RoARM_Jazzy_ws/src/roarm_ws_em0_jazzy/src/roarm_else/ros2web-ros2/examples/ros2web_example_py'
[2.767s] INFO:colcon.colcon_core.shell:Skip shell extension 'powershell' for command environment: Not usable outside of PowerShell
[2.767s] DEBUG:colcon.colcon_core.shell:Skip shell extension 'dsv' for command environment
[3.052s] DEBUG:colcon.colcon_core.event_handler.log_command:Invoking command in '/home/nameless/Desktop/RoARM_Jazzy_ws/src/roarm_ws_em0_jazzy/build/ros2web_app': AMENT_PREFIX_PATH=/home/nameless/Desktop/RoARM_Jazzy_ws/src/roarm_ws_em0_jazzy/install/ros2web:/home/nameless/Desktop/RoARM_Jazzy_ws/src/roarm_ws_em0_jazzy/install/ros2web_interfaces:${AMENT_PREFIX_PATH} CMAKE_PREFIX_PATH=/home/nameless/Desktop/RoARM_Jazzy_ws/src/roarm_ws_em0_jazzy/install/ros2web_interfaces:${CMAKE_PREFIX_PATH} DEBUGINFOD_URLS=https://debuginfod.ubuntu.com LD_LIBRARY_PATH=/home/nameless/Desktop/RoARM_Jazzy_ws/src/roarm_ws_em0_jazzy/install/ros2web_interfaces/lib:${LD_LIBRARY_PATH} PYTHONPATH=/home/nameless/Desktop/RoARM_Jazzy_ws/src/roarm_ws_em0_jazzy/build/ros2web_app/prefix_override:/usr/lib/python3/dist-packages/colcon_core/task/python/colcon_distutils_commands:/home/nameless/Desktop/RoARM_Jazzy_ws/src/roarm_ws_em0_jazzy/install/ros2web_app/lib/python3.12/site-packages:/home/nameless/Desktop/RoARM_Jazzy_ws/src/roarm_ws_em0_jazzy/build/ros2web:/home/nameless/Desktop/RoARM_Jazzy_ws/src/roarm_ws_em0_jazzy/install/ros2web/lib/python3.12/site-packages:/home/nameless/Desktop/RoARM_Jazzy_ws/src/roarm_ws_em0_jazzy/install/ros2web_interfaces/lib/python3.12/site-packages:${PYTHONPATH} /usr/bin/python3 -W ignore:setup.py install is deprecated -W ignore:easy_install command is deprecated setup.py develop --editable --build-directory /home/nameless/Desktop/RoARM_Jazzy_ws/src/roarm_ws_em0_jazzy/build/ros2web_app/build --no-deps symlink_data
[3.061s] DEBUG:colcon.colcon_core.event_handler.log_command:Invoking command in '/home/nameless/Desktop/RoARM_Jazzy_ws/src/roarm_ws_em0_jazzy/build/ros2web_example_py': AMENT_PREFIX_PATH=/home/nameless/Desktop/RoARM_Jazzy_ws/src/roarm_ws_em0_jazzy/install/ros2web:/home/nameless/Desktop/RoARM_Jazzy_ws/src/roarm_ws_em0_jazzy/install/ros2web_interfaces:${AMENT_PREFIX_PATH} CMAKE_PREFIX_PATH=/home/nameless/Desktop/RoARM_Jazzy_ws/src/roarm_ws_em0_jazzy/install/ros2web_interfaces:${CMAKE_PREFIX_PATH} DEBUGINFOD_URLS=https://debuginfod.ubuntu.com LD_LIBRARY_PATH=/home/nameless/Desktop/RoARM_Jazzy_ws/src/roarm_ws_em0_jazzy/install/ros2web_interfaces/lib:${LD_LIBRARY_PATH} PYTHONPATH=/home/nameless/Desktop/RoARM_Jazzy_ws/src/roarm_ws_em0_jazzy/build/ros2web_example_py/prefix_override:/usr/lib/python3/dist-packages/colcon_core/task/python/colcon_distutils_commands:/home/nameless/Desktop/RoARM_Jazzy_ws/src/roarm_ws_em0_jazzy/install/ros2web_example_py/lib/python3.12/site-packages:/home/nameless/Desktop/RoARM_Jazzy_ws/src/roarm_ws_em0_jazzy/build/ros2web:/home/nameless/Desktop/RoARM_Jazzy_ws/src/roarm_ws_em0_jazzy/install/ros2web/lib/python3.12/site-packages:/home/nameless/Desktop/RoARM_Jazzy_ws/src/roarm_ws_em0_jazzy/install/ros2web_interfaces/lib/python3.12/site-packages:${PYTHONPATH} /usr/bin/python3 -W ignore:setup.py install is deprecated -W ignore:easy_install command is deprecated setup.py develop --editable --build-directory /home/nameless/Desktop/RoARM_Jazzy_ws/src/roarm_ws_em0_jazzy/build/ros2web_example_py/build --no-deps symlink_data
[3.361s] Level 1:colcon.colcon_core.shell:create_environment_hook('ros2web_app', 'pythonpath_develop')
[3.362s] INFO:colcon.colcon_core.shell:Creating environment hook '/home/nameless/Desktop/RoARM_Jazzy_ws/src/roarm_ws_em0_jazzy/build/ros2web_app/share/ros2web_app/hook/pythonpath_develop.ps1'
[3.362s] DEBUG:colcon.colcon_core.event_handler.log_command:Invoked command in '/home/nameless/Desktop/RoARM_Jazzy_ws/src/roarm_ws_em0_jazzy/build/ros2web_app' returned '0': AMENT_PREFIX_PATH=/home/nameless/Desktop/RoARM_Jazzy_ws/src/roarm_ws_em0_jazzy/install/ros2web:/home/nameless/Desktop/RoARM_Jazzy_ws/src/roarm_ws_em0_jazzy/install/ros2web_interfaces:${AMENT_PREFIX_PATH} CMAKE_PREFIX_PATH=/home/nameless/Desktop/RoARM_Jazzy_ws/src/roarm_ws_em0_jazzy/install/ros2web_interfaces:${CMAKE_PREFIX_PATH} DEBUGINFOD_URLS=https://debuginfod.ubuntu.com LD_LIBRARY_PATH=/home/nameless/Desktop/RoARM_Jazzy_ws/src/roarm_ws_em0_jazzy/install/ros2web_interfaces/lib:${LD_LIBRARY_PATH} PYTHONPATH=/home/nameless/Desktop/RoARM_Jazzy_ws/src/roarm_ws_em0_jazzy/build/ros2web_app/prefix_override:/usr/lib/python3/dist-packages/colcon_core/task/python/colcon_distutils_commands:/home/nameless/Desktop/RoARM_Jazzy_ws/src/roarm_ws_em0_jazzy/install/ros2web_app/lib/python3.12/site-packages:/home/nameless/Desktop/RoARM_Jazzy_ws/src/roarm_ws_em0_jazzy/build/ros2web:/home/nameless/Desktop/RoARM_Jazzy_ws/src/roarm_ws_em0_jazzy/install/ros2web/lib/python3.12/site-packages:/home/nameless/Desktop/RoARM_Jazzy_ws/src/roarm_ws_em0_jazzy/install/ros2web_interfaces/lib/python3.12/site-packages:${PYTHONPATH} /usr/bin/python3 -W ignore:setup.py install is deprecated -W ignore:easy_install command is deprecated setup.py develop --editable --build-directory /home/nameless/Desktop/RoARM_Jazzy_ws/src/roarm_ws_em0_jazzy/build/ros2web_app/build --no-deps symlink_data
[3.363s] INFO:colcon.colcon_core.shell:Creating environment descriptor '/home/nameless/Desktop/RoARM_Jazzy_ws/src/roarm_ws_em0_jazzy/build/ros2web_app/share/ros2web_app/hook/pythonpath_develop.dsv'
[3.363s] INFO:colcon.colcon_core.shell:Creating environment hook '/home/nameless/Desktop/RoARM_Jazzy_ws/src/roarm_ws_em0_jazzy/build/ros2web_app/share/ros2web_app/hook/pythonpath_develop.sh'
[3.363s] Level 1:colcon.colcon_core.environment:checking '/home/nameless/Desktop/RoARM_Jazzy_ws/src/roarm_ws_em0_jazzy/install/ros2web_app' for CMake module files
[3.364s] Level 1:colcon.colcon_core.environment:checking '/home/nameless/Desktop/RoARM_Jazzy_ws/src/roarm_ws_em0_jazzy/install/ros2web_app' for CMake config files
[3.364s] Level 1:colcon.colcon_core.environment:checking '/home/nameless/Desktop/RoARM_Jazzy_ws/src/roarm_ws_em0_jazzy/install/ros2web_app/lib'
[3.364s] Level 1:colcon.colcon_core.environment:checking '/home/nameless/Desktop/RoARM_Jazzy_ws/src/roarm_ws_em0_jazzy/install/ros2web_app/bin'
[3.364s] Level 1:colcon.colcon_core.environment:checking '/home/nameless/Desktop/RoARM_Jazzy_ws/src/roarm_ws_em0_jazzy/install/ros2web_app/lib/pkgconfig/ros2web_app.pc'
[3.365s] Level 1:colcon.colcon_core.environment:checking '/home/nameless/Desktop/RoARM_Jazzy_ws/src/roarm_ws_em0_jazzy/install/ros2web_app/lib/python3.12/site-packages'
[3.365s] Level 1:colcon.colcon_core.shell:create_environment_hook('ros2web_app', 'pythonpath')
[3.365s] INFO:colcon.colcon_core.shell:Creating environment hook '/home/nameless/Desktop/RoARM_Jazzy_ws/src/roarm_ws_em0_jazzy/install/ros2web_app/share/ros2web_app/hook/pythonpath.ps1'
[3.365s] INFO:colcon.colcon_core.shell:Creating environment descriptor '/home/nameless/Desktop/RoARM_Jazzy_ws/src/roarm_ws_em0_jazzy/install/ros2web_app/share/ros2web_app/hook/pythonpath.dsv'
[3.366s] INFO:colcon.colcon_core.shell:Creating environment hook '/home/nameless/Desktop/RoARM_Jazzy_ws/src/roarm_ws_em0_jazzy/install/ros2web_app/share/ros2web_app/hook/pythonpath.sh'
[3.366s] Level 1:colcon.colcon_core.environment:checking '/home/nameless/Desktop/RoARM_Jazzy_ws/src/roarm_ws_em0_jazzy/install/ros2web_app/bin'
[3.367s] Level 1:colcon.colcon_core.environment:create_environment_scripts_only(ros2web_app)
[3.367s] INFO:colcon.colcon_core.shell:Creating package script '/home/nameless/Desktop/RoARM_Jazzy_ws/src/roarm_ws_em0_jazzy/install/ros2web_app/share/ros2web_app/package.ps1'
[3.367s] INFO:colcon.colcon_core.shell:Creating package descriptor '/home/nameless/Desktop/RoARM_Jazzy_ws/src/roarm_ws_em0_jazzy/install/ros2web_app/share/ros2web_app/package.dsv'
[3.368s] INFO:colcon.colcon_core.shell:Creating package script '/home/nameless/Desktop/RoARM_Jazzy_ws/src/roarm_ws_em0_jazzy/install/ros2web_app/share/ros2web_app/package.sh'
[3.368s] INFO:colcon.colcon_core.shell:Creating package script '/home/nameless/Desktop/RoARM_Jazzy_ws/src/roarm_ws_em0_jazzy/install/ros2web_app/share/ros2web_app/package.bash'
[3.368s] INFO:colcon.colcon_core.shell:Creating package script '/home/nameless/Desktop/RoARM_Jazzy_ws/src/roarm_ws_em0_jazzy/install/ros2web_app/share/ros2web_app/package.zsh'
[3.369s] Level 1:colcon.colcon_core.environment:create_file_with_runtime_dependencies(/home/nameless/Desktop/RoARM_Jazzy_ws/src/roarm_ws_em0_jazzy/install/ros2web_app/share/colcon-core/packages/ros2web_app)
[3.369s] INFO:colcon.colcon_ros.task.ament_python.build:Building ROS package in '/home/nameless/Desktop/RoARM_Jazzy_ws/src/roarm_ws_em0_jazzy/src/roarm_main/roarm_web_app' with build type 'ament_python'
[3.369s] Level 1:colcon.colcon_core.shell:create_environment_hook('roarm_web_app', 'ament_prefix_path')
[3.369s] INFO:colcon.colcon_core.shell:Creating environment hook '/home/nameless/Desktop/RoARM_Jazzy_ws/src/roarm_ws_em0_jazzy/install/roarm_web_app/share/roarm_web_app/hook/ament_prefix_path.ps1'
[3.370s] INFO:colcon.colcon_core.shell:Creating environment descriptor '/home/nameless/Desktop/RoARM_Jazzy_ws/src/roarm_ws_em0_jazzy/install/roarm_web_app/share/roarm_web_app/hook/ament_prefix_path.dsv'
[3.370s] INFO:colcon.colcon_core.shell:Creating environment hook '/home/nameless/Desktop/RoARM_Jazzy_ws/src/roarm_ws_em0_jazzy/install/roarm_web_app/share/roarm_web_app/hook/ament_prefix_path.sh'
[3.371s] INFO:colcon.colcon_core.shell:Skip shell extension 'powershell' for command environment: Not usable outside of PowerShell
[3.371s] DEBUG:colcon.colcon_core.shell:Skip shell extension 'dsv' for command environment
[3.375s] INFO:colcon.colcon_ros.task.ament_python.build:Building ROS package in '/home/nameless/Desktop/RoARM_Jazzy_ws/src/roarm_ws_em0_jazzy/src/roarm_else/ros2web_app/examples/ros2web_widgets' with build type 'ament_python'
[3.375s] Level 1:colcon.colcon_core.shell:create_environment_hook('ros2web_widgets', 'ament_prefix_path')
[3.375s] INFO:colcon.colcon_core.shell:Creating environment hook '/home/nameless/Desktop/RoARM_Jazzy_ws/src/roarm_ws_em0_jazzy/install/ros2web_widgets/share/ros2web_widgets/hook/ament_prefix_path.ps1'
[3.376s] INFO:colcon.colcon_core.shell:Creating environment descriptor '/home/nameless/Desktop/RoARM_Jazzy_ws/src/roarm_ws_em0_jazzy/install/ros2web_widgets/share/ros2web_widgets/hook/ament_prefix_path.dsv'
[3.376s] INFO:colcon.colcon_core.shell:Creating environment hook '/home/nameless/Desktop/RoARM_Jazzy_ws/src/roarm_ws_em0_jazzy/install/ros2web_widgets/share/ros2web_widgets/hook/ament_prefix_path.sh'
[3.377s] INFO:colcon.colcon_core.shell:Skip shell extension 'powershell' for command environment: Not usable outside of PowerShell
[3.377s] DEBUG:colcon.colcon_core.shell:Skip shell extension 'dsv' for command environment
[3.381s] Level 1:colcon.colcon_core.shell:create_environment_hook('ros2web_example_py', 'pythonpath_develop')
[3.381s] INFO:colcon.colcon_core.shell:Creating environment hook '/home/nameless/Desktop/RoARM_Jazzy_ws/src/roarm_ws_em0_jazzy/build/ros2web_example_py/share/ros2web_example_py/hook/pythonpath_develop.ps1'
[3.382s] DEBUG:colcon.colcon_core.event_handler.log_command:Invoked command in '/home/nameless/Desktop/RoARM_Jazzy_ws/src/roarm_ws_em0_jazzy/build/ros2web_example_py' returned '0': AMENT_PREFIX_PATH=/home/nameless/Desktop/RoARM_Jazzy_ws/src/roarm_ws_em0_jazzy/install/ros2web:/home/nameless/Desktop/RoARM_Jazzy_ws/src/roarm_ws_em0_jazzy/install/ros2web_interfaces:${AMENT_PREFIX_PATH} CMAKE_PREFIX_PATH=/home/nameless/Desktop/RoARM_Jazzy_ws/src/roarm_ws_em0_jazzy/install/ros2web_interfaces:${CMAKE_PREFIX_PATH} DEBUGINFOD_URLS=https://debuginfod.ubuntu.com LD_LIBRARY_PATH=/home/nameless/Desktop/RoARM_Jazzy_ws/src/roarm_ws_em0_jazzy/install/ros2web_interfaces/lib:${LD_LIBRARY_PATH} PYTHONPATH=/home/nameless/Desktop/RoARM_Jazzy_ws/src/roarm_ws_em0_jazzy/build/ros2web_example_py/prefix_override:/usr/lib/python3/dist-packages/colcon_core/task/python/colcon_distutils_commands:/home/nameless/Desktop/RoARM_Jazzy_ws/src/roarm_ws_em0_jazzy/install/ros2web_example_py/lib/python3.12/site-packages:/home/nameless/Desktop/RoARM_Jazzy_ws/src/roarm_ws_em0_jazzy/build/ros2web:/home/nameless/Desktop/RoARM_Jazzy_ws/src/roarm_ws_em0_jazzy/install/ros2web/lib/python3.12/site-packages:/home/nameless/Desktop/RoARM_Jazzy_ws/src/roarm_ws_em0_jazzy/install/ros2web_interfaces/lib/python3.12/site-packages:${PYTHONPATH} /usr/bin/python3 -W ignore:setup.py install is deprecated -W ignore:easy_install command is deprecated setup.py develop --editable --build-directory /home/nameless/Desktop/RoARM_Jazzy_ws/src/roarm_ws_em0_jazzy/build/ros2web_example_py/build --no-deps symlink_data
[3.382s] INFO:colcon.colcon_core.shell:Creating environment descriptor '/home/nameless/Desktop/RoARM_Jazzy_ws/src/roarm_ws_em0_jazzy/build/ros2web_example_py/share/ros2web_example_py/hook/pythonpath_develop.dsv'
[3.382s] INFO:colcon.colcon_core.shell:Creating environment hook '/home/nameless/Desktop/RoARM_Jazzy_ws/src/roarm_ws_em0_jazzy/build/ros2web_example_py/share/ros2web_example_py/hook/pythonpath_develop.sh'
[3.382s] Level 1:colcon.colcon_core.environment:checking '/home/nameless/Desktop/RoARM_Jazzy_ws/src/roarm_ws_em0_jazzy/install/ros2web_example_py' for CMake module files
[3.383s] Level 1:colcon.colcon_core.environment:checking '/home/nameless/Desktop/RoARM_Jazzy_ws/src/roarm_ws_em0_jazzy/install/ros2web_example_py' for CMake config files
[3.383s] Level 1:colcon.colcon_core.environment:checking '/home/nameless/Desktop/RoARM_Jazzy_ws/src/roarm_ws_em0_jazzy/install/ros2web_example_py/lib'
[3.383s] Level 1:colcon.colcon_core.environment:checking '/home/nameless/Desktop/RoARM_Jazzy_ws/src/roarm_ws_em0_jazzy/install/ros2web_example_py/bin'
[3.383s] Level 1:colcon.colcon_core.environment:checking '/home/nameless/Desktop/RoARM_Jazzy_ws/src/roarm_ws_em0_jazzy/install/ros2web_example_py/lib/pkgconfig/ros2web_example_py.pc'
[3.383s] Level 1:colcon.colcon_core.environment:checking '/home/nameless/Desktop/RoARM_Jazzy_ws/src/roarm_ws_em0_jazzy/install/ros2web_example_py/lib/python3.12/site-packages'
[3.383s] Level 1:colcon.colcon_core.shell:create_environment_hook('ros2web_example_py', 'pythonpath')
[3.383s] INFO:colcon.colcon_core.shell:Creating environment hook '/home/nameless/Desktop/RoARM_Jazzy_ws/src/roarm_ws_em0_jazzy/install/ros2web_example_py/share/ros2web_example_py/hook/pythonpath.ps1'
[3.383s] INFO:colcon.colcon_core.shell:Creating environment descriptor '/home/nameless/Desktop/RoARM_Jazzy_ws/src/roarm_ws_em0_jazzy/install/ros2web_example_py/share/ros2web_example_py/hook/pythonpath.dsv'
[3.383s] INFO:colcon.colcon_core.shell:Creating environment hook '/home/nameless/Desktop/RoARM_Jazzy_ws/src/roarm_ws_em0_jazzy/install/ros2web_example_py/share/ros2web_example_py/hook/pythonpath.sh'
[3.384s] Level 1:colcon.colcon_core.environment:checking '/home/nameless/Desktop/RoARM_Jazzy_ws/src/roarm_ws_em0_jazzy/install/ros2web_example_py/bin'
[3.384s] Level 1:colcon.colcon_core.environment:create_environment_scripts_only(ros2web_example_py)
[3.384s] INFO:colcon.colcon_core.shell:Creating package script '/home/nameless/Desktop/RoARM_Jazzy_ws/src/roarm_ws_em0_jazzy/install/ros2web_example_py/share/ros2web_example_py/package.ps1'
[3.384s] INFO:colcon.colcon_core.shell:Creating package descriptor '/home/nameless/Desktop/RoARM_Jazzy_ws/src/roarm_ws_em0_jazzy/install/ros2web_example_py/share/ros2web_example_py/package.dsv'
[3.384s] INFO:colcon.colcon_core.shell:Creating package script '/home/nameless/Desktop/RoARM_Jazzy_ws/src/roarm_ws_em0_jazzy/install/ros2web_example_py/share/ros2web_example_py/package.sh'
[3.384s] INFO:colcon.colcon_core.shell:Creating package script '/home/nameless/Desktop/RoARM_Jazzy_ws/src/roarm_ws_em0_jazzy/install/ros2web_example_py/share/ros2web_example_py/package.bash'
[3.385s] INFO:colcon.colcon_core.shell:Creating package script '/home/nameless/Desktop/RoARM_Jazzy_ws/src/roarm_ws_em0_jazzy/install/ros2web_example_py/share/ros2web_example_py/package.zsh'
[3.385s] Level 1:colcon.colcon_core.environment:create_file_with_runtime_dependencies(/home/nameless/Desktop/RoARM_Jazzy_ws/src/roarm_ws_em0_jazzy/install/ros2web_example_py/share/colcon-core/packages/ros2web_example_py)
[3.504s] INFO:colcon.colcon_core.task.python.build:Building Python package in '/home/nameless/Desktop/RoARM_Jazzy_ws/src/roarm_ws_em0_jazzy/src/roarm_main/roarm_web_app'
[3.504s] INFO:colcon.colcon_core.shell:Skip shell extension 'powershell' for command environment: Not usable outside of PowerShell
[3.504s] DEBUG:colcon.colcon_core.shell:Skip shell extension 'dsv' for command environment
[3.625s] INFO:colcon.colcon_core.task.python.build:Building Python package in '/home/nameless/Desktop/RoARM_Jazzy_ws/src/roarm_ws_em0_jazzy/src/roarm_else/ros2web_app/examples/ros2web_widgets'
[3.626s] INFO:colcon.colcon_core.shell:Skip shell extension 'powershell' for command environment: Not usable outside of PowerShell
[3.626s] DEBUG:colcon.colcon_core.shell:Skip shell extension 'dsv' for command environment
[3.912s] DEBUG:colcon.colcon_core.event_handler.log_command:Invoking command in '/home/nameless/Desktop/RoARM_Jazzy_ws/src/roarm_ws_em0_jazzy/build/roarm_web_app': AMENT_PREFIX_PATH=/home/nameless/Desktop/RoARM_Jazzy_ws/src/roarm_ws_em0_jazzy/install/ros2web_app:/home/nameless/Desktop/RoARM_Jazzy_ws/src/roarm_ws_em0_jazzy/install/ros2web:/home/nameless/Desktop/RoARM_Jazzy_ws/src/roarm_ws_em0_jazzy/install/ros2web_interfaces:${AMENT_PREFIX_PATH} CMAKE_PREFIX_PATH=/home/nameless/Desktop/RoARM_Jazzy_ws/src/roarm_ws_em0_jazzy/install/ros2web_interfaces:${CMAKE_PREFIX_PATH} DEBUGINFOD_URLS=https://debuginfod.ubuntu.com LD_LIBRARY_PATH=/home/nameless/Desktop/RoARM_Jazzy_ws/src/roarm_ws_em0_jazzy/install/ros2web_interfaces/lib:${LD_LIBRARY_PATH} PYTHONPATH=/home/nameless/Desktop/RoARM_Jazzy_ws/src/roarm_ws_em0_jazzy/build/roarm_web_app/prefix_override:/usr/lib/python3/dist-packages/colcon_core/task/python/colcon_distutils_commands:/home/nameless/Desktop/RoARM_Jazzy_ws/src/roarm_ws_em0_jazzy/install/roarm_web_app/lib/python3.12/site-packages:/home/nameless/Desktop/RoARM_Jazzy_ws/src/roarm_ws_em0_jazzy/build/ros2web_app:/home/nameless/Desktop/RoARM_Jazzy_ws/src/roarm_ws_em0_jazzy/install/ros2web_app/lib/python3.12/site-packages:/home/nameless/Desktop/RoARM_Jazzy_ws/src/roarm_ws_em0_jazzy/build/ros2web:/home/nameless/Desktop/RoARM_Jazzy_ws/src/roarm_ws_em0_jazzy/install/ros2web/lib/python3.12/site-packages:/home/nameless/Desktop/RoARM_Jazzy_ws/src/roarm_ws_em0_jazzy/install/ros2web_interfaces/lib/python3.12/site-packages:${PYTHONPATH} /usr/bin/python3 -W ignore:setup.py install is deprecated -W ignore:easy_install command is deprecated setup.py develop --editable --build-directory /home/nameless/Desktop/RoARM_Jazzy_ws/src/roarm_ws_em0_jazzy/build/roarm_web_app/build --no-deps symlink_data
[3.930s] DEBUG:colcon.colcon_core.event_handler.log_command:Invoking command in '/home/nameless/Desktop/RoARM_Jazzy_ws/src/roarm_ws_em0_jazzy/build/ros2web_widgets': AMENT_PREFIX_PATH=/home/nameless/Desktop/RoARM_Jazzy_ws/src/roarm_ws_em0_jazzy/install/ros2web_app:/home/nameless/Desktop/RoARM_Jazzy_ws/src/roarm_ws_em0_jazzy/install/ros2web:/home/nameless/Desktop/RoARM_Jazzy_ws/src/roarm_ws_em0_jazzy/install/ros2web_interfaces:${AMENT_PREFIX_PATH} CMAKE_PREFIX_PATH=/home/nameless/Desktop/RoARM_Jazzy_ws/src/roarm_ws_em0_jazzy/install/ros2web_interfaces:${CMAKE_PREFIX_PATH} DEBUGINFOD_URLS=https://debuginfod.ubuntu.com LD_LIBRARY_PATH=/home/nameless/Desktop/RoARM_Jazzy_ws/src/roarm_ws_em0_jazzy/install/ros2web_interfaces/lib:${LD_LIBRARY_PATH} PYTHONPATH=/home/nameless/Desktop/RoARM_Jazzy_ws/src/roarm_ws_em0_jazzy/build/ros2web_widgets/prefix_override:/usr/lib/python3/dist-packages/colcon_core/task/python/colcon_distutils_commands:/home/nameless/Desktop/RoARM_Jazzy_ws/src/roarm_ws_em0_jazzy/install/ros2web_widgets/lib/python3.12/site-packages:/home/nameless/Desktop/RoARM_Jazzy_ws/src/roarm_ws_em0_jazzy/build/ros2web_app:/home/nameless/Desktop/RoARM_Jazzy_ws/src/roarm_ws_em0_jazzy/install/ros2web_app/lib/python3.12/site-packages:/home/nameless/Desktop/RoARM_Jazzy_ws/src/roarm_ws_em0_jazzy/build/ros2web:/home/nameless/Desktop/RoARM_Jazzy_ws/src/roarm_ws_em0_jazzy/install/ros2web/lib/python3.12/site-packages:/home/nameless/Desktop/RoARM_Jazzy_ws/src/roarm_ws_em0_jazzy/install/ros2web_interfaces/lib/python3.12/site-packages:${PYTHONPATH} /usr/bin/python3 -W ignore:setup.py install is deprecated -W ignore:easy_install command is deprecated setup.py develop --editable --build-directory /home/nameless/Desktop/RoARM_Jazzy_ws/src/roarm_ws_em0_jazzy/build/ros2web_widgets/build --no-deps symlink_data
[4.221s] Level 1:colcon.colcon_core.shell:create_environment_hook('roarm_web_app', 'pythonpath_develop')
[4.222s] INFO:colcon.colcon_core.shell:Creating environment hook '/home/nameless/Desktop/RoARM_Jazzy_ws/src/roarm_ws_em0_jazzy/build/roarm_web_app/share/roarm_web_app/hook/pythonpath_develop.ps1'
[4.223s] INFO:colcon.colcon_core.shell:Creating environment descriptor '/home/nameless/Desktop/RoARM_Jazzy_ws/src/roarm_ws_em0_jazzy/build/roarm_web_app/share/roarm_web_app/hook/pythonpath_develop.dsv'
[4.223s] INFO:colcon.colcon_core.shell:Creating environment hook '/home/nameless/Desktop/RoARM_Jazzy_ws/src/roarm_ws_em0_jazzy/build/roarm_web_app/share/roarm_web_app/hook/pythonpath_develop.sh'
[4.223s] DEBUG:colcon.colcon_core.event_handler.log_command:Invoked command in '/home/nameless/Desktop/RoARM_Jazzy_ws/src/roarm_ws_em0_jazzy/build/roarm_web_app' returned '0': AMENT_PREFIX_PATH=/home/nameless/Desktop/RoARM_Jazzy_ws/src/roarm_ws_em0_jazzy/install/ros2web_app:/home/nameless/Desktop/RoARM_Jazzy_ws/src/roarm_ws_em0_jazzy/install/ros2web:/home/nameless/Desktop/RoARM_Jazzy_ws/src/roarm_ws_em0_jazzy/install/ros2web_interfaces:${AMENT_PREFIX_PATH} CMAKE_PREFIX_PATH=/home/nameless/Desktop/RoARM_Jazzy_ws/src/roarm_ws_em0_jazzy/install/ros2web_interfaces:${CMAKE_PREFIX_PATH} DEBUGINFOD_URLS=https://debuginfod.ubuntu.com LD_LIBRARY_PATH=/home/nameless/Desktop/RoARM_Jazzy_ws/src/roarm_ws_em0_jazzy/install/ros2web_interfaces/lib:${LD_LIBRARY_PATH} PYTHONPATH=/home/nameless/Desktop/RoARM_Jazzy_ws/src/roarm_ws_em0_jazzy/build/roarm_web_app/prefix_override:/usr/lib/python3/dist-packages/colcon_core/task/python/colcon_distutils_commands:/home/nameless/Desktop/RoARM_Jazzy_ws/src/roarm_ws_em0_jazzy/install/roarm_web_app/lib/python3.12/site-packages:/home/nameless/Desktop/RoARM_Jazzy_ws/src/roarm_ws_em0_jazzy/build/ros2web_app:/home/nameless/Desktop/RoARM_Jazzy_ws/src/roarm_ws_em0_jazzy/install/ros2web_app/lib/python3.12/site-packages:/home/nameless/Desktop/RoARM_Jazzy_ws/src/roarm_ws_em0_jazzy/build/ros2web:/home/nameless/Desktop/RoARM_Jazzy_ws/src/roarm_ws_em0_jazzy/install/ros2web/lib/python3.12/site-packages:/home/nameless/Desktop/RoARM_Jazzy_ws/src/roarm_ws_em0_jazzy/install/ros2web_interfaces/lib/python3.12/site-packages:${PYTHONPATH} /usr/bin/python3 -W ignore:setup.py install is deprecated -W ignore:easy_install command is deprecated setup.py develop --editable --build-directory /home/nameless/Desktop/RoARM_Jazzy_ws/src/roarm_ws_em0_jazzy/build/roarm_web_app/build --no-deps symlink_data
[4.224s] Level 1:colcon.colcon_core.environment:checking '/home/nameless/Desktop/RoARM_Jazzy_ws/src/roarm_ws_em0_jazzy/install/roarm_web_app' for CMake module files
[4.224s] Level 1:colcon.colcon_core.environment:checking '/home/nameless/Desktop/RoARM_Jazzy_ws/src/roarm_ws_em0_jazzy/install/roarm_web_app' for CMake config files
[4.224s] Level 1:colcon.colcon_core.environment:checking '/home/nameless/Desktop/RoARM_Jazzy_ws/src/roarm_ws_em0_jazzy/install/roarm_web_app/lib'
[4.225s] Level 1:colcon.colcon_core.environment:checking '/home/nameless/Desktop/RoARM_Jazzy_ws/src/roarm_ws_em0_jazzy/install/roarm_web_app/bin'
[4.225s] Level 1:colcon.colcon_core.environment:checking '/home/nameless/Desktop/RoARM_Jazzy_ws/src/roarm_ws_em0_jazzy/install/roarm_web_app/lib/pkgconfig/roarm_web_app.pc'
[4.225s] Level 1:colcon.colcon_core.environment:checking '/home/nameless/Desktop/RoARM_Jazzy_ws/src/roarm_ws_em0_jazzy/install/roarm_web_app/lib/python3.12/site-packages'
[4.225s] Level 1:colcon.colcon_core.shell:create_environment_hook('roarm_web_app', 'pythonpath')
[4.225s] INFO:colcon.colcon_core.shell:Creating environment hook '/home/nameless/Desktop/RoARM_Jazzy_ws/src/roarm_ws_em0_jazzy/install/roarm_web_app/share/roarm_web_app/hook/pythonpath.ps1'
[4.226s] INFO:colcon.colcon_core.shell:Creating environment descriptor '/home/nameless/Desktop/RoARM_Jazzy_ws/src/roarm_ws_em0_jazzy/install/roarm_web_app/share/roarm_web_app/hook/pythonpath.dsv'
[4.226s] INFO:colcon.colcon_core.shell:Creating environment hook '/home/nameless/Desktop/RoARM_Jazzy_ws/src/roarm_ws_em0_jazzy/install/roarm_web_app/share/roarm_web_app/hook/pythonpath.sh'
[4.227s] Level 1:colcon.colcon_core.environment:checking '/home/nameless/Desktop/RoARM_Jazzy_ws/src/roarm_ws_em0_jazzy/install/roarm_web_app/bin'
[4.227s] Level 1:colcon.colcon_core.environment:create_environment_scripts_only(roarm_web_app)
[4.227s] INFO:colcon.colcon_core.shell:Creating package script '/home/nameless/Desktop/RoARM_Jazzy_ws/src/roarm_ws_em0_jazzy/install/roarm_web_app/share/roarm_web_app/package.ps1'
[4.227s] INFO:colcon.colcon_core.shell:Creating package descriptor '/home/nameless/Desktop/RoARM_Jazzy_ws/src/roarm_ws_em0_jazzy/install/roarm_web_app/share/roarm_web_app/package.dsv'
[4.228s] INFO:colcon.colcon_core.shell:Creating package script '/home/nameless/Desktop/RoARM_Jazzy_ws/src/roarm_ws_em0_jazzy/install/roarm_web_app/share/roarm_web_app/package.sh'
[4.228s] INFO:colcon.colcon_core.shell:Creating package script '/home/nameless/Desktop/RoARM_Jazzy_ws/src/roarm_ws_em0_jazzy/install/roarm_web_app/share/roarm_web_app/package.bash'
[4.229s] INFO:colcon.colcon_core.shell:Creating package script '/home/nameless/Desktop/RoARM_Jazzy_ws/src/roarm_ws_em0_jazzy/install/roarm_web_app/share/roarm_web_app/package.zsh'
[4.229s] Level 1:colcon.colcon_core.environment:create_file_with_runtime_dependencies(/home/nameless/Desktop/RoARM_Jazzy_ws/src/roarm_ws_em0_jazzy/install/roarm_web_app/share/colcon-core/packages/roarm_web_app)
[4.235s] Level 1:colcon.colcon_core.shell:create_environment_hook('ros2web_widgets', 'pythonpath_develop')
[4.236s] INFO:colcon.colcon_core.shell:Creating environment hook '/home/nameless/Desktop/RoARM_Jazzy_ws/src/roarm_ws_em0_jazzy/build/ros2web_widgets/share/ros2web_widgets/hook/pythonpath_develop.ps1'
[4.236s] DEBUG:colcon.colcon_core.event_handler.log_command:Invoked command in '/home/nameless/Desktop/RoARM_Jazzy_ws/src/roarm_ws_em0_jazzy/build/ros2web_widgets' returned '0': AMENT_PREFIX_PATH=/home/nameless/Desktop/RoARM_Jazzy_ws/src/roarm_ws_em0_jazzy/install/ros2web_app:/home/nameless/Desktop/RoARM_Jazzy_ws/src/roarm_ws_em0_jazzy/install/ros2web:/home/nameless/Desktop/RoARM_Jazzy_ws/src/roarm_ws_em0_jazzy/install/ros2web_interfaces:${AMENT_PREFIX_PATH} CMAKE_PREFIX_PATH=/home/nameless/Desktop/RoARM_Jazzy_ws/src/roarm_ws_em0_jazzy/install/ros2web_interfaces:${CMAKE_PREFIX_PATH} DEBUGINFOD_URLS=https://debuginfod.ubuntu.com LD_LIBRARY_PATH=/home/nameless/Desktop/RoARM_Jazzy_ws/src/roarm_ws_em0_jazzy/install/ros2web_interfaces/lib:${LD_LIBRARY_PATH} PYTHONPATH=/home/nameless/Desktop/RoARM_Jazzy_ws/src/roarm_ws_em0_jazzy/build/ros2web_widgets/prefix_override:/usr/lib/python3/dist-packages/colcon_core/task/python/colcon_distutils_commands:/home/nameless/Desktop/RoARM_Jazzy_ws/src/roarm_ws_em0_jazzy/install/ros2web_widgets/lib/python3.12/site-packages:/home/nameless/Desktop/RoARM_Jazzy_ws/src/roarm_ws_em0_jazzy/build/ros2web_app:/home/nameless/Desktop/RoARM_Jazzy_ws/src/roarm_ws_em0_jazzy/install/ros2web_app/lib/python3.12/site-packages:/home/nameless/Desktop/RoARM_Jazzy_ws/src/roarm_ws_em0_jazzy/build/ros2web:/home/nameless/Desktop/RoARM_Jazzy_ws/src/roarm_ws_em0_jazzy/install/ros2web/lib/python3.12/site-packages:/home/nameless/Desktop/RoARM_Jazzy_ws/src/roarm_ws_em0_jazzy/install/ros2web_interfaces/lib/python3.12/site-packages:${PYTHONPATH} /usr/bin/python3 -W ignore:setup.py install is deprecated -W ignore:easy_install command is deprecated setup.py develop --editable --build-directory /home/nameless/Desktop/RoARM_Jazzy_ws/src/roarm_ws_em0_jazzy/build/ros2web_widgets/build --no-deps symlink_data
[4.237s] INFO:colcon.colcon_core.shell:Creating environment descriptor '/home/nameless/Desktop/RoARM_Jazzy_ws/src/roarm_ws_em0_jazzy/build/ros2web_widgets/share/ros2web_widgets/hook/pythonpath_develop.dsv'
[4.237s] INFO:colcon.colcon_core.shell:Creating environment hook '/home/nameless/Desktop/RoARM_Jazzy_ws/src/roarm_ws_em0_jazzy/build/ros2web_widgets/share/ros2web_widgets/hook/pythonpath_develop.sh'
[4.237s] Level 1:colcon.colcon_core.environment:checking '/home/nameless/Desktop/RoARM_Jazzy_ws/src/roarm_ws_em0_jazzy/install/ros2web_widgets' for CMake module files
[4.238s] Level 1:colcon.colcon_core.environment:checking '/home/nameless/Desktop/RoARM_Jazzy_ws/src/roarm_ws_em0_jazzy/install/ros2web_widgets' for CMake config files
[4.238s] Level 1:colcon.colcon_core.environment:checking '/home/nameless/Desktop/RoARM_Jazzy_ws/src/roarm_ws_em0_jazzy/install/ros2web_widgets/lib'
[4.238s] Level 1:colcon.colcon_core.environment:checking '/home/nameless/Desktop/RoARM_Jazzy_ws/src/roarm_ws_em0_jazzy/install/ros2web_widgets/bin'
[4.238s] Level 1:colcon.colcon_core.environment:checking '/home/nameless/Desktop/RoARM_Jazzy_ws/src/roarm_ws_em0_jazzy/install/ros2web_widgets/lib/pkgconfig/ros2web_widgets.pc'
[4.239s] Level 1:colcon.colcon_core.environment:checking '/home/nameless/Desktop/RoARM_Jazzy_ws/src/roarm_ws_em0_jazzy/install/ros2web_widgets/lib/python3.12/site-packages'
[4.239s] Level 1:colcon.colcon_core.shell:create_environment_hook('ros2web_widgets', 'pythonpath')
[4.239s] INFO:colcon.colcon_core.shell:Creating environment hook '/home/nameless/Desktop/RoARM_Jazzy_ws/src/roarm_ws_em0_jazzy/install/ros2web_widgets/share/ros2web_widgets/hook/pythonpath.ps1'
[4.239s] INFO:colcon.colcon_core.shell:Creating environment descriptor '/home/nameless/Desktop/RoARM_Jazzy_ws/src/roarm_ws_em0_jazzy/install/ros2web_widgets/share/ros2web_widgets/hook/pythonpath.dsv'
[4.240s] INFO:colcon.colcon_core.shell:Creating environment hook '/home/nameless/Desktop/RoARM_Jazzy_ws/src/roarm_ws_em0_jazzy/install/ros2web_widgets/share/ros2web_widgets/hook/pythonpath.sh'
[4.240s] Level 1:colcon.colcon_core.environment:checking '/home/nameless/Desktop/RoARM_Jazzy_ws/src/roarm_ws_em0_jazzy/install/ros2web_widgets/bin'
[4.240s] Level 1:colcon.colcon_core.environment:create_environment_scripts_only(ros2web_widgets)
[4.240s] INFO:colcon.colcon_core.shell:Creating package script '/home/nameless/Desktop/RoARM_Jazzy_ws/src/roarm_ws_em0_jazzy/install/ros2web_widgets/share/ros2web_widgets/package.ps1'
[4.241s] INFO:colcon.colcon_core.shell:Creating package descriptor '/home/nameless/Desktop/RoARM_Jazzy_ws/src/roarm_ws_em0_jazzy/install/ros2web_widgets/share/ros2web_widgets/package.dsv'
[4.241s] INFO:colcon.colcon_core.shell:Creating package script '/home/nameless/Desktop/RoARM_Jazzy_ws/src/roarm_ws_em0_jazzy/install/ros2web_widgets/share/ros2web_widgets/package.sh'
[4.241s] INFO:colcon.colcon_core.shell:Creating package script '/home/nameless/Desktop/RoARM_Jazzy_ws/src/roarm_ws_em0_jazzy/install/ros2web_widgets/share/ros2web_widgets/package.bash'
[4.241s] INFO:colcon.colcon_core.shell:Creating package script '/home/nameless/Desktop/RoARM_Jazzy_ws/src/roarm_ws_em0_jazzy/install/ros2web_widgets/share/ros2web_widgets/package.zsh'
[4.241s] Level 1:colcon.colcon_core.environment:create_file_with_runtime_dependencies(/home/nameless/Desktop/RoARM_Jazzy_ws/src/roarm_ws_em0_jazzy/install/ros2web_widgets/share/colcon-core/packages/ros2web_widgets)
[5.282s] DEBUG:colcon.colcon_core.event_handler.log_command:Invoked command in '/home/nameless/Desktop/RoARM_Jazzy_ws/src/roarm_ws_em0_jazzy/build/roarm_moveit_ikfast_plugins' returned '0': CMAKE_PREFIX_PATH=${CMAKE_PREFIX_PATH}:/opt/ros/jazzy DEBUGINFOD_URLS=https://debuginfod.ubuntu.com /usr/bin/cmake --build /home/nameless/Desktop/RoARM_Jazzy_ws/src/roarm_ws_em0_jazzy/build/roarm_moveit_ikfast_plugins -- -j24 -l24
[5.283s] DEBUG:colcon.colcon_core.event_handler.log_command:Invoking command in '/home/nameless/Desktop/RoARM_Jazzy_ws/src/roarm_ws_em0_jazzy/build/roarm_moveit_ikfast_plugins': CMAKE_PREFIX_PATH=${CMAKE_PREFIX_PATH}:/opt/ros/jazzy DEBUGINFOD_URLS=https://debuginfod.ubuntu.com /usr/bin/cmake --install /home/nameless/Desktop/RoARM_Jazzy_ws/src/roarm_ws_em0_jazzy/build/roarm_moveit_ikfast_plugins
[5.438s] Level 1:colcon.colcon_core.environment:create_environment_scripts_only(roarm_moveit_ikfast_plugins)
[5.439s] Level 1:colcon.colcon_core.environment:checking '/home/nameless/Desktop/RoARM_Jazzy_ws/src/roarm_ws_em0_jazzy/install/roarm_moveit_ikfast_plugins' for CMake module files
[5.439s] DEBUG:colcon.colcon_core.event_handler.log_command:Invoked command in '/home/nameless/Desktop/RoARM_Jazzy_ws/src/roarm_ws_em0_jazzy/build/roarm_moveit_ikfast_plugins' returned '0': CMAKE_PREFIX_PATH=${CMAKE_PREFIX_PATH}:/opt/ros/jazzy DEBUGINFOD_URLS=https://debuginfod.ubuntu.com /usr/bin/cmake --install /home/nameless/Desktop/RoARM_Jazzy_ws/src/roarm_ws_em0_jazzy/build/roarm_moveit_ikfast_plugins
[5.440s] Level 1:colcon.colcon_core.environment:checking '/home/nameless/Desktop/RoARM_Jazzy_ws/src/roarm_ws_em0_jazzy/install/roarm_moveit_ikfast_plugins' for CMake config files
[5.440s] Level 1:colcon.colcon_core.shell:create_environment_hook('roarm_moveit_ikfast_plugins', 'cmake_prefix_path')
[5.440s] INFO:colcon.colcon_core.shell:Creating environment hook '/home/nameless/Desktop/RoARM_Jazzy_ws/src/roarm_ws_em0_jazzy/install/roarm_moveit_ikfast_plugins/share/roarm_moveit_ikfast_plugins/hook/cmake_prefix_path.ps1'
[5.441s] INFO:colcon.colcon_core.shell:Creating environment descriptor '/home/nameless/Desktop/RoARM_Jazzy_ws/src/roarm_ws_em0_jazzy/install/roarm_moveit_ikfast_plugins/share/roarm_moveit_ikfast_plugins/hook/cmake_prefix_path.dsv'
[5.441s] INFO:colcon.colcon_core.shell:Creating environment hook '/home/nameless/Desktop/RoARM_Jazzy_ws/src/roarm_ws_em0_jazzy/install/roarm_moveit_ikfast_plugins/share/roarm_moveit_ikfast_plugins/hook/cmake_prefix_path.sh'
[5.441s] Level 1:colcon.colcon_core.environment:checking '/home/nameless/Desktop/RoARM_Jazzy_ws/src/roarm_ws_em0_jazzy/install/roarm_moveit_ikfast_plugins/lib'
[5.442s] Level 1:colcon.colcon_core.shell:create_environment_hook('roarm_moveit_ikfast_plugins', 'ld_library_path_lib')
[5.442s] INFO:colcon.colcon_core.shell:Creating environment hook '/home/nameless/Desktop/RoARM_Jazzy_ws/src/roarm_ws_em0_jazzy/install/roarm_moveit_ikfast_plugins/share/roarm_moveit_ikfast_plugins/hook/ld_library_path_lib.ps1'
[5.442s] INFO:colcon.colcon_core.shell:Creating environment descriptor '/home/nameless/Desktop/RoARM_Jazzy_ws/src/roarm_ws_em0_jazzy/install/roarm_moveit_ikfast_plugins/share/roarm_moveit_ikfast_plugins/hook/ld_library_path_lib.dsv'
[5.442s] INFO:colcon.colcon_core.shell:Creating environment hook '/home/nameless/Desktop/RoARM_Jazzy_ws/src/roarm_ws_em0_jazzy/install/roarm_moveit_ikfast_plugins/share/roarm_moveit_ikfast_plugins/hook/ld_library_path_lib.sh'
[5.443s] Level 1:colcon.colcon_core.environment:checking '/home/nameless/Desktop/RoARM_Jazzy_ws/src/roarm_ws_em0_jazzy/install/roarm_moveit_ikfast_plugins/bin'
[5.443s] Level 1:colcon.colcon_core.environment:checking '/home/nameless/Desktop/RoARM_Jazzy_ws/src/roarm_ws_em0_jazzy/install/roarm_moveit_ikfast_plugins/lib/pkgconfig/roarm_moveit_ikfast_plugins.pc'
[5.443s] Level 1:colcon.colcon_core.environment:checking '/home/nameless/Desktop/RoARM_Jazzy_ws/src/roarm_ws_em0_jazzy/install/roarm_moveit_ikfast_plugins/lib/python3.12/site-packages'
[5.443s] Level 1:colcon.colcon_core.environment:checking '/home/nameless/Desktop/RoARM_Jazzy_ws/src/roarm_ws_em0_jazzy/install/roarm_moveit_ikfast_plugins/bin'
[5.444s] INFO:colcon.colcon_core.shell:Creating package script '/home/nameless/Desktop/RoARM_Jazzy_ws/src/roarm_ws_em0_jazzy/install/roarm_moveit_ikfast_plugins/share/roarm_moveit_ikfast_plugins/package.ps1'
[5.444s] INFO:colcon.colcon_core.shell:Creating package descriptor '/home/nameless/Desktop/RoARM_Jazzy_ws/src/roarm_ws_em0_jazzy/install/roarm_moveit_ikfast_plugins/share/roarm_moveit_ikfast_plugins/package.dsv'
[5.445s] INFO:colcon.colcon_core.shell:Creating package script '/home/nameless/Desktop/RoARM_Jazzy_ws/src/roarm_ws_em0_jazzy/install/roarm_moveit_ikfast_plugins/share/roarm_moveit_ikfast_plugins/package.sh'
[5.445s] INFO:colcon.colcon_core.shell:Creating package script '/home/nameless/Desktop/RoARM_Jazzy_ws/src/roarm_ws_em0_jazzy/install/roarm_moveit_ikfast_plugins/share/roarm_moveit_ikfast_plugins/package.bash'
[5.446s] INFO:colcon.colcon_core.shell:Creating package script '/home/nameless/Desktop/RoARM_Jazzy_ws/src/roarm_ws_em0_jazzy/install/roarm_moveit_ikfast_plugins/share/roarm_moveit_ikfast_plugins/package.zsh'
[5.446s] Level 1:colcon.colcon_core.environment:create_file_with_runtime_dependencies(/home/nameless/Desktop/RoARM_Jazzy_ws/src/roarm_ws_em0_jazzy/install/roarm_moveit_ikfast_plugins/share/colcon-core/packages/roarm_moveit_ikfast_plugins)
[5.446s] Level 1:colcon.colcon_core.environment:create_environment_scripts_only(roarm_moveit_ikfast_plugins)
[5.446s] Level 1:colcon.colcon_core.environment:checking '/home/nameless/Desktop/RoARM_Jazzy_ws/src/roarm_ws_em0_jazzy/install/roarm_moveit_ikfast_plugins' for CMake module files
[5.447s] Level 1:colcon.colcon_core.environment:checking '/home/nameless/Desktop/RoARM_Jazzy_ws/src/roarm_ws_em0_jazzy/install/roarm_moveit_ikfast_plugins' for CMake config files
[5.447s] Level 1:colcon.colcon_core.shell:create_environment_hook('roarm_moveit_ikfast_plugins', 'cmake_prefix_path')
[5.447s] INFO:colcon.colcon_core.shell:Creating environment hook '/home/nameless/Desktop/RoARM_Jazzy_ws/src/roarm_ws_em0_jazzy/install/roarm_moveit_ikfast_plugins/share/roarm_moveit_ikfast_plugins/hook/cmake_prefix_path.ps1'
[5.448s] INFO:colcon.colcon_core.shell:Creating environment descriptor '/home/nameless/Desktop/RoARM_Jazzy_ws/src/roarm_ws_em0_jazzy/install/roarm_moveit_ikfast_plugins/share/roarm_moveit_ikfast_plugins/hook/cmake_prefix_path.dsv'
[5.448s] INFO:colcon.colcon_core.shell:Creating environment hook '/home/nameless/Desktop/RoARM_Jazzy_ws/src/roarm_ws_em0_jazzy/install/roarm_moveit_ikfast_plugins/share/roarm_moveit_ikfast_plugins/hook/cmake_prefix_path.sh'
[5.448s] Level 1:colcon.colcon_core.environment:checking '/home/nameless/Desktop/RoARM_Jazzy_ws/src/roarm_ws_em0_jazzy/install/roarm_moveit_ikfast_plugins/lib'
[5.448s] Level 1:colcon.colcon_core.shell:create_environment_hook('roarm_moveit_ikfast_plugins', 'ld_library_path_lib')
[5.448s] INFO:colcon.colcon_core.shell:Creating environment hook '/home/nameless/Desktop/RoARM_Jazzy_ws/src/roarm_ws_em0_jazzy/install/roarm_moveit_ikfast_plugins/share/roarm_moveit_ikfast_plugins/hook/ld_library_path_lib.ps1'
[5.448s] INFO:colcon.colcon_core.shell:Creating environment descriptor '/home/nameless/Desktop/RoARM_Jazzy_ws/src/roarm_ws_em0_jazzy/install/roarm_moveit_ikfast_plugins/share/roarm_moveit_ikfast_plugins/hook/ld_library_path_lib.dsv'
[5.448s] INFO:colcon.colcon_core.shell:Creating environment hook '/home/nameless/Desktop/RoARM_Jazzy_ws/src/roarm_ws_em0_jazzy/install/roarm_moveit_ikfast_plugins/share/roarm_moveit_ikfast_plugins/hook/ld_library_path_lib.sh'
[5.448s] Level 1:colcon.colcon_core.environment:checking '/home/nameless/Desktop/RoARM_Jazzy_ws/src/roarm_ws_em0_jazzy/install/roarm_moveit_ikfast_plugins/bin'
[5.449s] Level 1:colcon.colcon_core.environment:checking '/home/nameless/Desktop/RoARM_Jazzy_ws/src/roarm_ws_em0_jazzy/install/roarm_moveit_ikfast_plugins/lib/pkgconfig/roarm_moveit_ikfast_plugins.pc'
[5.449s] Level 1:colcon.colcon_core.environment:checking '/home/nameless/Desktop/RoARM_Jazzy_ws/src/roarm_ws_em0_jazzy/install/roarm_moveit_ikfast_plugins/lib/python3.12/site-packages'
[5.449s] Level 1:colcon.colcon_core.environment:checking '/home/nameless/Desktop/RoARM_Jazzy_ws/src/roarm_ws_em0_jazzy/install/roarm_moveit_ikfast_plugins/bin'
[5.449s] INFO:colcon.colcon_core.shell:Creating package script '/home/nameless/Desktop/RoARM_Jazzy_ws/src/roarm_ws_em0_jazzy/install/roarm_moveit_ikfast_plugins/share/roarm_moveit_ikfast_plugins/package.ps1'
[5.452s] INFO:colcon.colcon_core.shell:Creating package descriptor '/home/nameless/Desktop/RoARM_Jazzy_ws/src/roarm_ws_em0_jazzy/install/roarm_moveit_ikfast_plugins/share/roarm_moveit_ikfast_plugins/package.dsv'
[5.453s] INFO:colcon.colcon_core.shell:Creating package script '/home/nameless/Desktop/RoARM_Jazzy_ws/src/roarm_ws_em0_jazzy/install/roarm_moveit_ikfast_plugins/share/roarm_moveit_ikfast_plugins/package.sh'
[5.453s] INFO:colcon.colcon_core.shell:Creating package script '/home/nameless/Desktop/RoARM_Jazzy_ws/src/roarm_ws_em0_jazzy/install/roarm_moveit_ikfast_plugins/share/roarm_moveit_ikfast_plugins/package.bash'
[5.453s] INFO:colcon.colcon_core.shell:Creating package script '/home/nameless/Desktop/RoARM_Jazzy_ws/src/roarm_ws_em0_jazzy/install/roarm_moveit_ikfast_plugins/share/roarm_moveit_ikfast_plugins/package.zsh'
[5.453s] Level 1:colcon.colcon_core.environment:create_file_with_runtime_dependencies(/home/nameless/Desktop/RoARM_Jazzy_ws/src/roarm_ws_em0_jazzy/install/roarm_moveit_ikfast_plugins/share/colcon-core/packages/roarm_moveit_ikfast_plugins)
[6.897s] DEBUG:colcon.colcon_core.event_handler.log_command:Invoked command in '/home/nameless/Desktop/RoARM_Jazzy_ws/src/roarm_ws_em0_jazzy/build/moveit_servo' returned '2': CMAKE_PREFIX_PATH=${CMAKE_PREFIX_PATH}:/opt/ros/jazzy DEBUGINFOD_URLS=https://debuginfod.ubuntu.com /usr/bin/cmake --build /home/nameless/Desktop/RoARM_Jazzy_ws/src/roarm_ws_em0_jazzy/build/moveit_servo -- -j24 -l24
[6.897s] Level 1:colcon.colcon_core.environment:create_environment_scripts_only(moveit_servo)
[6.898s] Level 1:colcon.colcon_core.environment:checking '/home/nameless/Desktop/RoARM_Jazzy_ws/src/roarm_ws_em0_jazzy/install/moveit_servo' for CMake module files
[6.898s] Level 1:colcon.colcon_core.environment:checking '/home/nameless/Desktop/RoARM_Jazzy_ws/src/roarm_ws_em0_jazzy/install/moveit_servo' for CMake config files
[6.898s] Level 1:colcon.colcon_core.environment:checking '/home/nameless/Desktop/RoARM_Jazzy_ws/src/roarm_ws_em0_jazzy/install/moveit_servo/bin'
[6.898s] Level 1:colcon.colcon_core.environment:checking '/home/nameless/Desktop/RoARM_Jazzy_ws/src/roarm_ws_em0_jazzy/install/moveit_servo/lib/pkgconfig/moveit_servo.pc'
[6.899s] Level 1:colcon.colcon_core.environment:checking '/home/nameless/Desktop/RoARM_Jazzy_ws/src/roarm_ws_em0_jazzy/install/moveit_servo/lib/python3.12/site-packages'
[6.899s] Level 1:colcon.colcon_core.environment:checking '/home/nameless/Desktop/RoARM_Jazzy_ws/src/roarm_ws_em0_jazzy/install/moveit_servo/bin'
[6.899s] INFO:colcon.colcon_core.shell:Creating package script '/home/nameless/Desktop/RoARM_Jazzy_ws/src/roarm_ws_em0_jazzy/install/moveit_servo/share/moveit_servo/package.ps1'
[6.900s] INFO:colcon.colcon_core.shell:Creating package descriptor '/home/nameless/Desktop/RoARM_Jazzy_ws/src/roarm_ws_em0_jazzy/install/moveit_servo/share/moveit_servo/package.dsv'
[6.901s] INFO:colcon.colcon_core.shell:Creating package script '/home/nameless/Desktop/RoARM_Jazzy_ws/src/roarm_ws_em0_jazzy/install/moveit_servo/share/moveit_servo/package.sh'
[6.901s] INFO:colcon.colcon_core.shell:Creating package script '/home/nameless/Desktop/RoARM_Jazzy_ws/src/roarm_ws_em0_jazzy/install/moveit_servo/share/moveit_servo/package.bash'
[6.901s] INFO:colcon.colcon_core.shell:Creating package script '/home/nameless/Desktop/RoARM_Jazzy_ws/src/roarm_ws_em0_jazzy/install/moveit_servo/share/moveit_servo/package.zsh'
[6.902s] Level 1:colcon.colcon_core.environment:create_file_with_runtime_dependencies(/home/nameless/Desktop/RoARM_Jazzy_ws/src/roarm_ws_em0_jazzy/install/moveit_servo/share/colcon-core/packages/moveit_servo)
[6.912s] DEBUG:colcon.colcon_parallel_executor.executor.parallel:closing loop
[6.912s] DEBUG:colcon.colcon_parallel_executor.executor.parallel:loop closed
[6.912s] DEBUG:colcon.colcon_parallel_executor.executor.parallel:run_until_complete finished with '2'
[6.912s] DEBUG:colcon.colcon_core.event_reactor:joining thread
[6.919s] INFO:colcon.colcon_core.plugin_system:Skipping extension 'colcon_notification.desktop_notification.terminal_notifier': Not used on non-Darwin systems
[6.919s] INFO:colcon.colcon_core.plugin_system:Skipping extension 'colcon_notification.desktop_notification.win32': Not used on non-Windows systems
[6.919s] INFO:colcon.colcon_notification.desktop_notification:Sending desktop notification using 'notify2'
[6.935s] DEBUG:colcon.colcon_core.event_reactor:joined thread
[6.936s] INFO:colcon.colcon_core.shell:Creating prefix script '/home/nameless/Desktop/RoARM_Jazzy_ws/src/roarm_ws_em0_jazzy/install/local_setup.ps1'
[6.937s] INFO:colcon.colcon_core.shell:Creating prefix util module '/home/nameless/Desktop/RoARM_Jazzy_ws/src/roarm_ws_em0_jazzy/install/_local_setup_util_ps1.py'
[6.938s] INFO:colcon.colcon_core.shell:Creating prefix chain script '/home/nameless/Desktop/RoARM_Jazzy_ws/src/roarm_ws_em0_jazzy/install/setup.ps1'
[6.939s] INFO:colcon.colcon_core.shell:Creating prefix script '/home/nameless/Desktop/RoARM_Jazzy_ws/src/roarm_ws_em0_jazzy/install/local_setup.sh'
[6.939s] INFO:colcon.colcon_core.shell:Creating prefix util module '/home/nameless/Desktop/RoARM_Jazzy_ws/src/roarm_ws_em0_jazzy/install/_local_setup_util_sh.py'
[6.940s] INFO:colcon.colcon_core.shell:Creating prefix chain script '/home/nameless/Desktop/RoARM_Jazzy_ws/src/roarm_ws_em0_jazzy/install/setup.sh'
[6.941s] INFO:colcon.colcon_core.shell:Creating prefix script '/home/nameless/Desktop/RoARM_Jazzy_ws/src/roarm_ws_em0_jazzy/install/local_setup.bash'
[6.941s] INFO:colcon.colcon_core.shell:Creating prefix chain script '/home/nameless/Desktop/RoARM_Jazzy_ws/src/roarm_ws_em0_jazzy/install/setup.bash'
[6.942s] INFO:colcon.colcon_core.shell:Creating prefix script '/home/nameless/Desktop/RoARM_Jazzy_ws/src/roarm_ws_em0_jazzy/install/local_setup.zsh'
[6.943s] INFO:colcon.colcon_core.shell:Creating prefix chain script '/home/nameless/Desktop/RoARM_Jazzy_ws/src/roarm_ws_em0_jazzy/install/setup.zsh'
