[0.068s] DEBUG:colcon:Command line arguments: ['/usr/bin/colcon', 'build', '--symlink-install']
[0.068s] DEBUG:colcon:Parsed command line arguments: Namespace(log_base=None, log_level=None, verb_name='build', build_base='build', install_base='install', merge_install=False, symlink_install=True, test_result_base=None, continue_on_error=False, executor='parallel', parallel_workers=24, event_handlers=None, ignore_user_meta=False, metas=['./colcon.meta'], base_paths=['.'], packages_ignore=None, packages_ignore_regex=None, paths=None, packages_up_to=None, packages_up_to_regex=None, packages_above=None, packages_above_and_dependencies=None, packages_above_depth=None, packages_select_by_dep=None, packages_skip_by_dep=None, packages_skip_up_to=None, packages_select_build_failed=False, packages_skip_build_finished=False, packages_select_test_failures=False, packages_skip_test_passed=False, packages_select=None, packages_skip=None, packages_select_regex=None, packages_skip_regex=None, packages_start=None, packages_end=None, allow_overriding=[], cmake_args=None, cmake_target=None, cmake_target_skip_unavailable=False, cmake_clean_cache=False, cmake_clean_first=False, cmake_force_configure=False, ament_cmake_args=None, catkin_cmake_args=None, catkin_skip_building_tests=False, mixin_files=None, mixin=None, verb_parser=<colcon_mixin.mixin.mixin_argument.MixinArgumentDecorator object at 0x70f4420ae030>, verb_extension=<colcon_core.verb.build.BuildVerb object at 0x70f4420ad820>, main=<bound method BuildVerb.main of <colcon_core.verb.build.BuildVerb object at 0x70f4420ad820>>, mixin_verb=('build',))
[0.086s] Level 1:colcon.colcon_core.package_discovery:discover_packages(colcon_meta) check parameters
[0.086s] Level 1:colcon.colcon_core.package_discovery:discover_packages(recursive) check parameters
[0.086s] Level 1:colcon.colcon_core.package_discovery:discover_packages(ignore) check parameters
[0.086s] Level 1:colcon.colcon_core.package_discovery:discover_packages(path) check parameters
[0.086s] Level 1:colcon.colcon_core.package_discovery:discover_packages(colcon_meta) discover
[0.086s] Level 1:colcon.colcon_core.package_discovery:discover_packages(recursive) discover
[0.086s] INFO:colcon.colcon_core.package_discovery:Crawling recursively for packages in '/home/nameless/Desktop/RoARM_Jazzy_ws/src/roarm_ws_em0_jazzy'
[0.086s] Level 1:colcon.colcon_core.package_identification:_identify(.) by extensions ['ignore', 'ignore_ament_install']
[0.086s] Level 1:colcon.colcon_core.package_identification:_identify(.) by extension 'ignore'
[0.086s] Level 1:colcon.colcon_core.package_identification:_identify(.) by extension 'ignore_ament_install'
[0.086s] Level 1:colcon.colcon_core.package_identification:_identify(.) by extensions ['colcon_pkg']
[0.086s] Level 1:colcon.colcon_core.package_identification:_identify(.) by extension 'colcon_pkg'
[0.086s] Level 1:colcon.colcon_core.package_identification:_identify(.) by extensions ['colcon_meta']
[0.086s] Level 1:colcon.colcon_core.package_identification:_identify(.) by extension 'colcon_meta'
[0.086s] Level 1:colcon.colcon_core.package_identification:_identify(.) by extensions ['ros']
[0.086s] Level 1:colcon.colcon_core.package_identification:_identify(.) by extension 'ros'
[0.098s] Level 1:colcon.colcon_core.package_identification:_identify(.) by extensions ['cmake', 'python']
[0.098s] Level 1:colcon.colcon_core.package_identification:_identify(.) by extension 'cmake'
[0.098s] Level 1:colcon.colcon_core.package_identification:_identify(.) by extension 'python'
[0.098s] Level 1:colcon.colcon_core.package_identification:_identify(.) by extensions ['python_setup_py']
[0.098s] Level 1:colcon.colcon_core.package_identification:_identify(.) by extension 'python_setup_py'
[0.098s] Level 1:colcon.colcon_core.package_identification:_identify(build) by extensions ['ignore', 'ignore_ament_install']
[0.098s] Level 1:colcon.colcon_core.package_identification:_identify(build) by extension 'ignore'
[0.098s] Level 1:colcon.colcon_core.package_identification:_identify(build) ignored
[0.098s] Level 1:colcon.colcon_core.package_identification:_identify(images) by extensions ['ignore', 'ignore_ament_install']
[0.098s] Level 1:colcon.colcon_core.package_identification:_identify(images) by extension 'ignore'
[0.098s] Level 1:colcon.colcon_core.package_identification:_identify(images) by extension 'ignore_ament_install'
[0.098s] Level 1:colcon.colcon_core.package_identification:_identify(images) by extensions ['colcon_pkg']
[0.098s] Level 1:colcon.colcon_core.package_identification:_identify(images) by extension 'colcon_pkg'
[0.098s] Level 1:colcon.colcon_core.package_identification:_identify(images) by extensions ['colcon_meta']
[0.098s] Level 1:colcon.colcon_core.package_identification:_identify(images) by extension 'colcon_meta'
[0.098s] Level 1:colcon.colcon_core.package_identification:_identify(images) by extensions ['ros']
[0.098s] Level 1:colcon.colcon_core.package_identification:_identify(images) by extension 'ros'
[0.098s] Level 1:colcon.colcon_core.package_identification:_identify(images) by extensions ['cmake', 'python']
[0.098s] Level 1:colcon.colcon_core.package_identification:_identify(images) by extension 'cmake'
[0.098s] Level 1:colcon.colcon_core.package_identification:_identify(images) by extension 'python'
[0.098s] Level 1:colcon.colcon_core.package_identification:_identify(images) by extensions ['python_setup_py']
[0.098s] Level 1:colcon.colcon_core.package_identification:_identify(images) by extension 'python_setup_py'
[0.098s] Level 1:colcon.colcon_core.package_identification:_identify(install) by extensions ['ignore', 'ignore_ament_install']
[0.098s] Level 1:colcon.colcon_core.package_identification:_identify(install) by extension 'ignore'
[0.098s] Level 1:colcon.colcon_core.package_identification:_identify(install) ignored
[0.098s] Level 1:colcon.colcon_core.package_identification:_identify(log) by extensions ['ignore', 'ignore_ament_install']
[0.099s] Level 1:colcon.colcon_core.package_identification:_identify(log) by extension 'ignore'
[0.099s] Level 1:colcon.colcon_core.package_identification:_identify(log) ignored
[0.099s] Level 1:colcon.colcon_core.package_identification:_identify(src) by extensions ['ignore', 'ignore_ament_install']
[0.099s] Level 1:colcon.colcon_core.package_identification:_identify(src) by extension 'ignore'
[0.099s] Level 1:colcon.colcon_core.package_identification:_identify(src) by extension 'ignore_ament_install'
[0.099s] Level 1:colcon.colcon_core.package_identification:_identify(src) by extensions ['colcon_pkg']
[0.099s] Level 1:colcon.colcon_core.package_identification:_identify(src) by extension 'colcon_pkg'
[0.099s] Level 1:colcon.colcon_core.package_identification:_identify(src) by extensions ['colcon_meta']
[0.099s] Level 1:colcon.colcon_core.package_identification:_identify(src) by extension 'colcon_meta'
[0.099s] Level 1:colcon.colcon_core.package_identification:_identify(src) by extensions ['ros']
[0.099s] Level 1:colcon.colcon_core.package_identification:_identify(src) by extension 'ros'
[0.099s] Level 1:colcon.colcon_core.package_identification:_identify(src) by extensions ['cmake', 'python']
[0.099s] Level 1:colcon.colcon_core.package_identification:_identify(src) by extension 'cmake'
[0.099s] Level 1:colcon.colcon_core.package_identification:_identify(src) by extension 'python'
[0.099s] Level 1:colcon.colcon_core.package_identification:_identify(src) by extensions ['python_setup_py']
[0.099s] Level 1:colcon.colcon_core.package_identification:_identify(src) by extension 'python_setup_py'
[0.099s] Level 1:colcon.colcon_core.package_identification:_identify(src/roarm_else) by extensions ['ignore', 'ignore_ament_install']
[0.099s] Level 1:colcon.colcon_core.package_identification:_identify(src/roarm_else) by extension 'ignore'
[0.099s] Level 1:colcon.colcon_core.package_identification:_identify(src/roarm_else) by extension 'ignore_ament_install'
[0.099s] Level 1:colcon.colcon_core.package_identification:_identify(src/roarm_else) by extensions ['colcon_pkg']
[0.099s] Level 1:colcon.colcon_core.package_identification:_identify(src/roarm_else) by extension 'colcon_pkg'
[0.099s] Level 1:colcon.colcon_core.package_identification:_identify(src/roarm_else) by extensions ['colcon_meta']
[0.099s] Level 1:colcon.colcon_core.package_identification:_identify(src/roarm_else) by extension 'colcon_meta'
[0.099s] Level 1:colcon.colcon_core.package_identification:_identify(src/roarm_else) by extensions ['ros']
[0.099s] Level 1:colcon.colcon_core.package_identification:_identify(src/roarm_else) by extension 'ros'
[0.099s] Level 1:colcon.colcon_core.package_identification:_identify(src/roarm_else) by extensions ['cmake', 'python']
[0.099s] Level 1:colcon.colcon_core.package_identification:_identify(src/roarm_else) by extension 'cmake'
[0.099s] Level 1:colcon.colcon_core.package_identification:_identify(src/roarm_else) by extension 'python'
[0.099s] Level 1:colcon.colcon_core.package_identification:_identify(src/roarm_else) by extensions ['python_setup_py']
[0.099s] Level 1:colcon.colcon_core.package_identification:_identify(src/roarm_else) by extension 'python_setup_py'
[0.099s] Level 1:colcon.colcon_core.package_identification:_identify(src/roarm_else/launch_api) by extensions ['ignore', 'ignore_ament_install']
[0.099s] Level 1:colcon.colcon_core.package_identification:_identify(src/roarm_else/launch_api) by extension 'ignore'
[0.099s] Level 1:colcon.colcon_core.package_identification:_identify(src/roarm_else/launch_api) by extension 'ignore_ament_install'
[0.099s] Level 1:colcon.colcon_core.package_identification:_identify(src/roarm_else/launch_api) by extensions ['colcon_pkg']
[0.099s] Level 1:colcon.colcon_core.package_identification:_identify(src/roarm_else/launch_api) by extension 'colcon_pkg'
[0.099s] Level 1:colcon.colcon_core.package_identification:_identify(src/roarm_else/launch_api) by extensions ['colcon_meta']
[0.099s] Level 1:colcon.colcon_core.package_identification:_identify(src/roarm_else/launch_api) by extension 'colcon_meta'
[0.099s] Level 1:colcon.colcon_core.package_identification:_identify(src/roarm_else/launch_api) by extensions ['ros']
[0.099s] Level 1:colcon.colcon_core.package_identification:_identify(src/roarm_else/launch_api) by extension 'ros'
[0.100s] DEBUG:colcon.colcon_core.package_identification:Package 'src/roarm_else/launch_api' with type 'ros.ament_python' and name 'launch_api'
[0.100s] Level 1:colcon.colcon_core.package_identification:_identify(src/roarm_else/ros2web-ros2) by extensions ['ignore', 'ignore_ament_install']
[0.100s] Level 1:colcon.colcon_core.package_identification:_identify(src/roarm_else/ros2web-ros2) by extension 'ignore'
[0.100s] Level 1:colcon.colcon_core.package_identification:_identify(src/roarm_else/ros2web-ros2) by extension 'ignore_ament_install'
[0.100s] Level 1:colcon.colcon_core.package_identification:_identify(src/roarm_else/ros2web-ros2) by extensions ['colcon_pkg']
[0.101s] Level 1:colcon.colcon_core.package_identification:_identify(src/roarm_else/ros2web-ros2) by extension 'colcon_pkg'
[0.101s] Level 1:colcon.colcon_core.package_identification:_identify(src/roarm_else/ros2web-ros2) by extensions ['colcon_meta']
[0.101s] Level 1:colcon.colcon_core.package_identification:_identify(src/roarm_else/ros2web-ros2) by extension 'colcon_meta'
[0.101s] Level 1:colcon.colcon_core.package_identification:_identify(src/roarm_else/ros2web-ros2) by extensions ['ros']
[0.101s] Level 1:colcon.colcon_core.package_identification:_identify(src/roarm_else/ros2web-ros2) by extension 'ros'
[0.101s] Level 1:colcon.colcon_core.package_identification:_identify(src/roarm_else/ros2web-ros2) by extensions ['cmake', 'python']
[0.101s] Level 1:colcon.colcon_core.package_identification:_identify(src/roarm_else/ros2web-ros2) by extension 'cmake'
[0.101s] Level 1:colcon.colcon_core.package_identification:_identify(src/roarm_else/ros2web-ros2) by extension 'python'
[0.101s] Level 1:colcon.colcon_core.package_identification:_identify(src/roarm_else/ros2web-ros2) by extensions ['python_setup_py']
[0.101s] Level 1:colcon.colcon_core.package_identification:_identify(src/roarm_else/ros2web-ros2) by extension 'python_setup_py'
[0.101s] Level 1:colcon.colcon_core.package_identification:_identify(src/roarm_else/ros2web-ros2/examples) by extensions ['ignore', 'ignore_ament_install']
[0.101s] Level 1:colcon.colcon_core.package_identification:_identify(src/roarm_else/ros2web-ros2/examples) by extension 'ignore'
[0.101s] Level 1:colcon.colcon_core.package_identification:_identify(src/roarm_else/ros2web-ros2/examples) by extension 'ignore_ament_install'
[0.101s] Level 1:colcon.colcon_core.package_identification:_identify(src/roarm_else/ros2web-ros2/examples) by extensions ['colcon_pkg']
[0.101s] Level 1:colcon.colcon_core.package_identification:_identify(src/roarm_else/ros2web-ros2/examples) by extension 'colcon_pkg'
[0.101s] Level 1:colcon.colcon_core.package_identification:_identify(src/roarm_else/ros2web-ros2/examples) by extensions ['colcon_meta']
[0.101s] Level 1:colcon.colcon_core.package_identification:_identify(src/roarm_else/ros2web-ros2/examples) by extension 'colcon_meta'
[0.101s] Level 1:colcon.colcon_core.package_identification:_identify(src/roarm_else/ros2web-ros2/examples) by extensions ['ros']
[0.101s] Level 1:colcon.colcon_core.package_identification:_identify(src/roarm_else/ros2web-ros2/examples) by extension 'ros'
[0.101s] Level 1:colcon.colcon_core.package_identification:_identify(src/roarm_else/ros2web-ros2/examples) by extensions ['cmake', 'python']
[0.101s] Level 1:colcon.colcon_core.package_identification:_identify(src/roarm_else/ros2web-ros2/examples) by extension 'cmake'
[0.101s] Level 1:colcon.colcon_core.package_identification:_identify(src/roarm_else/ros2web-ros2/examples) by extension 'python'
[0.101s] Level 1:colcon.colcon_core.package_identification:_identify(src/roarm_else/ros2web-ros2/examples) by extensions ['python_setup_py']
[0.101s] Level 1:colcon.colcon_core.package_identification:_identify(src/roarm_else/ros2web-ros2/examples) by extension 'python_setup_py'
[0.101s] Level 1:colcon.colcon_core.package_identification:_identify(src/roarm_else/ros2web-ros2/examples/ros2web_example_cpp) by extensions ['ignore', 'ignore_ament_install']
[0.101s] Level 1:colcon.colcon_core.package_identification:_identify(src/roarm_else/ros2web-ros2/examples/ros2web_example_cpp) by extension 'ignore'
[0.101s] Level 1:colcon.colcon_core.package_identification:_identify(src/roarm_else/ros2web-ros2/examples/ros2web_example_cpp) ignored
[0.101s] Level 1:colcon.colcon_core.package_identification:_identify(src/roarm_else/ros2web-ros2/examples/ros2web_example_py) by extensions ['ignore', 'ignore_ament_install']
[0.101s] Level 1:colcon.colcon_core.package_identification:_identify(src/roarm_else/ros2web-ros2/examples/ros2web_example_py) by extension 'ignore'
[0.101s] Level 1:colcon.colcon_core.package_identification:_identify(src/roarm_else/ros2web-ros2/examples/ros2web_example_py) by extension 'ignore_ament_install'
[0.101s] Level 1:colcon.colcon_core.package_identification:_identify(src/roarm_else/ros2web-ros2/examples/ros2web_example_py) by extensions ['colcon_pkg']
[0.101s] Level 1:colcon.colcon_core.package_identification:_identify(src/roarm_else/ros2web-ros2/examples/ros2web_example_py) by extension 'colcon_pkg'
[0.101s] Level 1:colcon.colcon_core.package_identification:_identify(src/roarm_else/ros2web-ros2/examples/ros2web_example_py) by extensions ['colcon_meta']
[0.101s] Level 1:colcon.colcon_core.package_identification:_identify(src/roarm_else/ros2web-ros2/examples/ros2web_example_py) by extension 'colcon_meta'
[0.101s] Level 1:colcon.colcon_core.package_identification:_identify(src/roarm_else/ros2web-ros2/examples/ros2web_example_py) by extensions ['ros']
[0.101s] Level 1:colcon.colcon_core.package_identification:_identify(src/roarm_else/ros2web-ros2/examples/ros2web_example_py) by extension 'ros'
[0.101s] DEBUG:colcon.colcon_core.package_identification:Package 'src/roarm_else/ros2web-ros2/examples/ros2web_example_py' with type 'ros.ament_python' and name 'ros2web_example_py'
[0.101s] Level 1:colcon.colcon_core.package_identification:_identify(src/roarm_else/ros2web-ros2/ros2web) by extensions ['ignore', 'ignore_ament_install']
[0.101s] Level 1:colcon.colcon_core.package_identification:_identify(src/roarm_else/ros2web-ros2/ros2web) by extension 'ignore'
[0.102s] Level 1:colcon.colcon_core.package_identification:_identify(src/roarm_else/ros2web-ros2/ros2web) by extension 'ignore_ament_install'
[0.102s] Level 1:colcon.colcon_core.package_identification:_identify(src/roarm_else/ros2web-ros2/ros2web) by extensions ['colcon_pkg']
[0.102s] Level 1:colcon.colcon_core.package_identification:_identify(src/roarm_else/ros2web-ros2/ros2web) by extension 'colcon_pkg'
[0.102s] Level 1:colcon.colcon_core.package_identification:_identify(src/roarm_else/ros2web-ros2/ros2web) by extensions ['colcon_meta']
[0.102s] Level 1:colcon.colcon_core.package_identification:_identify(src/roarm_else/ros2web-ros2/ros2web) by extension 'colcon_meta'
[0.102s] Level 1:colcon.colcon_core.package_identification:_identify(src/roarm_else/ros2web-ros2/ros2web) by extensions ['ros']
[0.102s] Level 1:colcon.colcon_core.package_identification:_identify(src/roarm_else/ros2web-ros2/ros2web) by extension 'ros'
[0.102s] DEBUG:colcon.colcon_core.package_identification:Package 'src/roarm_else/ros2web-ros2/ros2web' with type 'ros.ament_python' and name 'ros2web'
[0.102s] Level 1:colcon.colcon_core.package_identification:_identify(src/roarm_else/ros2web-ros2/ros2web_interfaces) by extensions ['ignore', 'ignore_ament_install']
[0.102s] Level 1:colcon.colcon_core.package_identification:_identify(src/roarm_else/ros2web-ros2/ros2web_interfaces) by extension 'ignore'
[0.102s] Level 1:colcon.colcon_core.package_identification:_identify(src/roarm_else/ros2web-ros2/ros2web_interfaces) by extension 'ignore_ament_install'
[0.102s] Level 1:colcon.colcon_core.package_identification:_identify(src/roarm_else/ros2web-ros2/ros2web_interfaces) by extensions ['colcon_pkg']
[0.102s] Level 1:colcon.colcon_core.package_identification:_identify(src/roarm_else/ros2web-ros2/ros2web_interfaces) by extension 'colcon_pkg'
[0.102s] Level 1:colcon.colcon_core.package_identification:_identify(src/roarm_else/ros2web-ros2/ros2web_interfaces) by extensions ['colcon_meta']
[0.102s] Level 1:colcon.colcon_core.package_identification:_identify(src/roarm_else/ros2web-ros2/ros2web_interfaces) by extension 'colcon_meta'
[0.102s] Level 1:colcon.colcon_core.package_identification:_identify(src/roarm_else/ros2web-ros2/ros2web_interfaces) by extensions ['ros']
[0.102s] Level 1:colcon.colcon_core.package_identification:_identify(src/roarm_else/ros2web-ros2/ros2web_interfaces) by extension 'ros'
[0.102s] DEBUG:colcon.colcon_core.package_identification:Package 'src/roarm_else/ros2web-ros2/ros2web_interfaces' with type 'ros.ament_cmake' and name 'ros2web_interfaces'
[0.102s] Level 1:colcon.colcon_core.package_identification:_identify(src/roarm_else/ros2web_app) by extensions ['ignore', 'ignore_ament_install']
[0.102s] Level 1:colcon.colcon_core.package_identification:_identify(src/roarm_else/ros2web_app) by extension 'ignore'
[0.102s] Level 1:colcon.colcon_core.package_identification:_identify(src/roarm_else/ros2web_app) by extension 'ignore_ament_install'
[0.102s] Level 1:colcon.colcon_core.package_identification:_identify(src/roarm_else/ros2web_app) by extensions ['colcon_pkg']
[0.102s] Level 1:colcon.colcon_core.package_identification:_identify(src/roarm_else/ros2web_app) by extension 'colcon_pkg'
[0.102s] Level 1:colcon.colcon_core.package_identification:_identify(src/roarm_else/ros2web_app) by extensions ['colcon_meta']
[0.102s] Level 1:colcon.colcon_core.package_identification:_identify(src/roarm_else/ros2web_app) by extension 'colcon_meta'
[0.102s] Level 1:colcon.colcon_core.package_identification:_identify(src/roarm_else/ros2web_app) by extensions ['ros']
[0.102s] Level 1:colcon.colcon_core.package_identification:_identify(src/roarm_else/ros2web_app) by extension 'ros'
[0.102s] Level 1:colcon.colcon_core.package_identification:_identify(src/roarm_else/ros2web_app) by extensions ['cmake', 'python']
[0.102s] Level 1:colcon.colcon_core.package_identification:_identify(src/roarm_else/ros2web_app) by extension 'cmake'
[0.102s] Level 1:colcon.colcon_core.package_identification:_identify(src/roarm_else/ros2web_app) by extension 'python'
[0.103s] Level 1:colcon.colcon_core.package_identification:_identify(src/roarm_else/ros2web_app) by extensions ['python_setup_py']
[0.103s] Level 1:colcon.colcon_core.package_identification:_identify(src/roarm_else/ros2web_app) by extension 'python_setup_py'
[0.103s] Level 1:colcon.colcon_core.package_identification:_identify(src/roarm_else/ros2web_app/examples) by extensions ['ignore', 'ignore_ament_install']
[0.103s] Level 1:colcon.colcon_core.package_identification:_identify(src/roarm_else/ros2web_app/examples) by extension 'ignore'
[0.103s] Level 1:colcon.colcon_core.package_identification:_identify(src/roarm_else/ros2web_app/examples) by extension 'ignore_ament_install'
[0.103s] Level 1:colcon.colcon_core.package_identification:_identify(src/roarm_else/ros2web_app/examples) by extensions ['colcon_pkg']
[0.103s] Level 1:colcon.colcon_core.package_identification:_identify(src/roarm_else/ros2web_app/examples) by extension 'colcon_pkg'
[0.103s] Level 1:colcon.colcon_core.package_identification:_identify(src/roarm_else/ros2web_app/examples) by extensions ['colcon_meta']
[0.103s] Level 1:colcon.colcon_core.package_identification:_identify(src/roarm_else/ros2web_app/examples) by extension 'colcon_meta'
[0.103s] Level 1:colcon.colcon_core.package_identification:_identify(src/roarm_else/ros2web_app/examples) by extensions ['ros']
[0.103s] Level 1:colcon.colcon_core.package_identification:_identify(src/roarm_else/ros2web_app/examples) by extension 'ros'
[0.103s] Level 1:colcon.colcon_core.package_identification:_identify(src/roarm_else/ros2web_app/examples) by extensions ['cmake', 'python']
[0.103s] Level 1:colcon.colcon_core.package_identification:_identify(src/roarm_else/ros2web_app/examples) by extension 'cmake'
[0.103s] Level 1:colcon.colcon_core.package_identification:_identify(src/roarm_else/ros2web_app/examples) by extension 'python'
[0.103s] Level 1:colcon.colcon_core.package_identification:_identify(src/roarm_else/ros2web_app/examples) by extensions ['python_setup_py']
[0.103s] Level 1:colcon.colcon_core.package_identification:_identify(src/roarm_else/ros2web_app/examples) by extension 'python_setup_py'
[0.103s] Level 1:colcon.colcon_core.package_identification:_identify(src/roarm_else/ros2web_app/examples/ros2web_widgets) by extensions ['ignore', 'ignore_ament_install']
[0.103s] Level 1:colcon.colcon_core.package_identification:_identify(src/roarm_else/ros2web_app/examples/ros2web_widgets) by extension 'ignore'
[0.103s] Level 1:colcon.colcon_core.package_identification:_identify(src/roarm_else/ros2web_app/examples/ros2web_widgets) by extension 'ignore_ament_install'
[0.103s] Level 1:colcon.colcon_core.package_identification:_identify(src/roarm_else/ros2web_app/examples/ros2web_widgets) by extensions ['colcon_pkg']
[0.103s] Level 1:colcon.colcon_core.package_identification:_identify(src/roarm_else/ros2web_app/examples/ros2web_widgets) by extension 'colcon_pkg'
[0.103s] Level 1:colcon.colcon_core.package_identification:_identify(src/roarm_else/ros2web_app/examples/ros2web_widgets) by extensions ['colcon_meta']
[0.103s] Level 1:colcon.colcon_core.package_identification:_identify(src/roarm_else/ros2web_app/examples/ros2web_widgets) by extension 'colcon_meta'
[0.103s] Level 1:colcon.colcon_core.package_identification:_identify(src/roarm_else/ros2web_app/examples/ros2web_widgets) by extensions ['ros']
[0.103s] Level 1:colcon.colcon_core.package_identification:_identify(src/roarm_else/ros2web_app/examples/ros2web_widgets) by extension 'ros'
[0.103s] DEBUG:colcon.colcon_core.package_identification:Package 'src/roarm_else/ros2web_app/examples/ros2web_widgets' with type 'ros.ament_python' and name 'ros2web_widgets'
[0.103s] Level 1:colcon.colcon_core.package_identification:_identify(src/roarm_else/ros2web_app/ros2web_app) by extensions ['ignore', 'ignore_ament_install']
[0.103s] Level 1:colcon.colcon_core.package_identification:_identify(src/roarm_else/ros2web_app/ros2web_app) by extension 'ignore'
[0.103s] Level 1:colcon.colcon_core.package_identification:_identify(src/roarm_else/ros2web_app/ros2web_app) by extension 'ignore_ament_install'
[0.103s] Level 1:colcon.colcon_core.package_identification:_identify(src/roarm_else/ros2web_app/ros2web_app) by extensions ['colcon_pkg']
[0.103s] Level 1:colcon.colcon_core.package_identification:_identify(src/roarm_else/ros2web_app/ros2web_app) by extension 'colcon_pkg'
[0.103s] Level 1:colcon.colcon_core.package_identification:_identify(src/roarm_else/ros2web_app/ros2web_app) by extensions ['colcon_meta']
[0.103s] Level 1:colcon.colcon_core.package_identification:_identify(src/roarm_else/ros2web_app/ros2web_app) by extension 'colcon_meta'
[0.103s] Level 1:colcon.colcon_core.package_identification:_identify(src/roarm_else/ros2web_app/ros2web_app) by extensions ['ros']
[0.103s] Level 1:colcon.colcon_core.package_identification:_identify(src/roarm_else/ros2web_app/ros2web_app) by extension 'ros'
[0.104s] DEBUG:colcon.colcon_core.package_identification:Package 'src/roarm_else/ros2web_app/ros2web_app' with type 'ros.ament_python' and name 'ros2web_app'
[0.104s] Level 1:colcon.colcon_core.package_identification:_identify(src/roarm_else/ros2web_app/web_app) by extensions ['ignore', 'ignore_ament_install']
[0.104s] Level 1:colcon.colcon_core.package_identification:_identify(src/roarm_else/ros2web_app/web_app) by extension 'ignore'
[0.104s] Level 1:colcon.colcon_core.package_identification:_identify(src/roarm_else/ros2web_app/web_app) by extension 'ignore_ament_install'
[0.104s] Level 1:colcon.colcon_core.package_identification:_identify(src/roarm_else/ros2web_app/web_app) by extensions ['colcon_pkg']
[0.104s] Level 1:colcon.colcon_core.package_identification:_identify(src/roarm_else/ros2web_app/web_app) by extension 'colcon_pkg'
[0.104s] Level 1:colcon.colcon_core.package_identification:_identify(src/roarm_else/ros2web_app/web_app) by extensions ['colcon_meta']
[0.104s] Level 1:colcon.colcon_core.package_identification:_identify(src/roarm_else/ros2web_app/web_app) by extension 'colcon_meta'
[0.104s] Level 1:colcon.colcon_core.package_identification:_identify(src/roarm_else/ros2web_app/web_app) by extensions ['ros']
[0.104s] Level 1:colcon.colcon_core.package_identification:_identify(src/roarm_else/ros2web_app/web_app) by extension 'ros'
[0.104s] Level 1:colcon.colcon_core.package_identification:_identify(src/roarm_else/ros2web_app/web_app) by extensions ['cmake', 'python']
[0.104s] Level 1:colcon.colcon_core.package_identification:_identify(src/roarm_else/ros2web_app/web_app) by extension 'cmake'
[0.104s] Level 1:colcon.colcon_core.package_identification:_identify(src/roarm_else/ros2web_app/web_app) by extension 'python'
[0.104s] Level 1:colcon.colcon_core.package_identification:_identify(src/roarm_else/ros2web_app/web_app) by extensions ['python_setup_py']
[0.104s] Level 1:colcon.colcon_core.package_identification:_identify(src/roarm_else/ros2web_app/web_app) by extension 'python_setup_py'
[0.104s] Level 1:colcon.colcon_core.package_identification:_identify(src/roarm_else/ros2web_app/web_app/src) by extensions ['ignore', 'ignore_ament_install']
[0.104s] Level 1:colcon.colcon_core.package_identification:_identify(src/roarm_else/ros2web_app/web_app/src) by extension 'ignore'
[0.104s] Level 1:colcon.colcon_core.package_identification:_identify(src/roarm_else/ros2web_app/web_app/src) by extension 'ignore_ament_install'
[0.104s] Level 1:colcon.colcon_core.package_identification:_identify(src/roarm_else/ros2web_app/web_app/src) by extensions ['colcon_pkg']
[0.104s] Level 1:colcon.colcon_core.package_identification:_identify(src/roarm_else/ros2web_app/web_app/src) by extension 'colcon_pkg'
[0.104s] Level 1:colcon.colcon_core.package_identification:_identify(src/roarm_else/ros2web_app/web_app/src) by extensions ['colcon_meta']
[0.104s] Level 1:colcon.colcon_core.package_identification:_identify(src/roarm_else/ros2web_app/web_app/src) by extension 'colcon_meta'
[0.104s] Level 1:colcon.colcon_core.package_identification:_identify(src/roarm_else/ros2web_app/web_app/src) by extensions ['ros']
[0.104s] Level 1:colcon.colcon_core.package_identification:_identify(src/roarm_else/ros2web_app/web_app/src) by extension 'ros'
[0.104s] Level 1:colcon.colcon_core.package_identification:_identify(src/roarm_else/ros2web_app/web_app/src) by extensions ['cmake', 'python']
[0.104s] Level 1:colcon.colcon_core.package_identification:_identify(src/roarm_else/ros2web_app/web_app/src) by extension 'cmake'
[0.104s] Level 1:colcon.colcon_core.package_identification:_identify(src/roarm_else/ros2web_app/web_app/src) by extension 'python'
[0.104s] Level 1:colcon.colcon_core.package_identification:_identify(src/roarm_else/ros2web_app/web_app/src) by extensions ['python_setup_py']
[0.104s] Level 1:colcon.colcon_core.package_identification:_identify(src/roarm_else/ros2web_app/web_app/src) by extension 'python_setup_py'
[0.104s] Level 1:colcon.colcon_core.package_identification:_identify(src/roarm_else/ros2web_app/web_app/src/assets) by extensions ['ignore', 'ignore_ament_install']
[0.104s] Level 1:colcon.colcon_core.package_identification:_identify(src/roarm_else/ros2web_app/web_app/src/assets) by extension 'ignore'
[0.104s] Level 1:colcon.colcon_core.package_identification:_identify(src/roarm_else/ros2web_app/web_app/src/assets) by extension 'ignore_ament_install'
[0.104s] Level 1:colcon.colcon_core.package_identification:_identify(src/roarm_else/ros2web_app/web_app/src/assets) by extensions ['colcon_pkg']
[0.104s] Level 1:colcon.colcon_core.package_identification:_identify(src/roarm_else/ros2web_app/web_app/src/assets) by extension 'colcon_pkg'
[0.104s] Level 1:colcon.colcon_core.package_identification:_identify(src/roarm_else/ros2web_app/web_app/src/assets) by extensions ['colcon_meta']
[0.104s] Level 1:colcon.colcon_core.package_identification:_identify(src/roarm_else/ros2web_app/web_app/src/assets) by extension 'colcon_meta'
[0.104s] Level 1:colcon.colcon_core.package_identification:_identify(src/roarm_else/ros2web_app/web_app/src/assets) by extensions ['ros']
[0.104s] Level 1:colcon.colcon_core.package_identification:_identify(src/roarm_else/ros2web_app/web_app/src/assets) by extension 'ros'
[0.104s] Level 1:colcon.colcon_core.package_identification:_identify(src/roarm_else/ros2web_app/web_app/src/assets) by extensions ['cmake', 'python']
[0.104s] Level 1:colcon.colcon_core.package_identification:_identify(src/roarm_else/ros2web_app/web_app/src/assets) by extension 'cmake'
[0.104s] Level 1:colcon.colcon_core.package_identification:_identify(src/roarm_else/ros2web_app/web_app/src/assets) by extension 'python'
[0.104s] Level 1:colcon.colcon_core.package_identification:_identify(src/roarm_else/ros2web_app/web_app/src/assets) by extensions ['python_setup_py']
[0.104s] Level 1:colcon.colcon_core.package_identification:_identify(src/roarm_else/ros2web_app/web_app/src/assets) by extension 'python_setup_py'
[0.104s] Level 1:colcon.colcon_core.package_identification:_identify(src/roarm_else/ros2web_app/web_app/src/components) by extensions ['ignore', 'ignore_ament_install']
[0.104s] Level 1:colcon.colcon_core.package_identification:_identify(src/roarm_else/ros2web_app/web_app/src/components) by extension 'ignore'
[0.104s] Level 1:colcon.colcon_core.package_identification:_identify(src/roarm_else/ros2web_app/web_app/src/components) by extension 'ignore_ament_install'
[0.104s] Level 1:colcon.colcon_core.package_identification:_identify(src/roarm_else/ros2web_app/web_app/src/components) by extensions ['colcon_pkg']
[0.104s] Level 1:colcon.colcon_core.package_identification:_identify(src/roarm_else/ros2web_app/web_app/src/components) by extension 'colcon_pkg'
[0.104s] Level 1:colcon.colcon_core.package_identification:_identify(src/roarm_else/ros2web_app/web_app/src/components) by extensions ['colcon_meta']
[0.104s] Level 1:colcon.colcon_core.package_identification:_identify(src/roarm_else/ros2web_app/web_app/src/components) by extension 'colcon_meta'
[0.104s] Level 1:colcon.colcon_core.package_identification:_identify(src/roarm_else/ros2web_app/web_app/src/components) by extensions ['ros']
[0.104s] Level 1:colcon.colcon_core.package_identification:_identify(src/roarm_else/ros2web_app/web_app/src/components) by extension 'ros'
[0.104s] Level 1:colcon.colcon_core.package_identification:_identify(src/roarm_else/ros2web_app/web_app/src/components) by extensions ['cmake', 'python']
[0.104s] Level 1:colcon.colcon_core.package_identification:_identify(src/roarm_else/ros2web_app/web_app/src/components) by extension 'cmake'
[0.105s] Level 1:colcon.colcon_core.package_identification:_identify(src/roarm_else/ros2web_app/web_app/src/components) by extension 'python'
[0.105s] Level 1:colcon.colcon_core.package_identification:_identify(src/roarm_else/ros2web_app/web_app/src/components) by extensions ['python_setup_py']
[0.105s] Level 1:colcon.colcon_core.package_identification:_identify(src/roarm_else/ros2web_app/web_app/src/components) by extension 'python_setup_py'
[0.105s] Level 1:colcon.colcon_core.package_identification:_identify(src/roarm_else/ros2web_app/web_app/src/components/Grid) by extensions ['ignore', 'ignore_ament_install']
[0.105s] Level 1:colcon.colcon_core.package_identification:_identify(src/roarm_else/ros2web_app/web_app/src/components/Grid) by extension 'ignore'
[0.105s] Level 1:colcon.colcon_core.package_identification:_identify(src/roarm_else/ros2web_app/web_app/src/components/Grid) by extension 'ignore_ament_install'
[0.105s] Level 1:colcon.colcon_core.package_identification:_identify(src/roarm_else/ros2web_app/web_app/src/components/Grid) by extensions ['colcon_pkg']
[0.105s] Level 1:colcon.colcon_core.package_identification:_identify(src/roarm_else/ros2web_app/web_app/src/components/Grid) by extension 'colcon_pkg'
[0.105s] Level 1:colcon.colcon_core.package_identification:_identify(src/roarm_else/ros2web_app/web_app/src/components/Grid) by extensions ['colcon_meta']
[0.105s] Level 1:colcon.colcon_core.package_identification:_identify(src/roarm_else/ros2web_app/web_app/src/components/Grid) by extension 'colcon_meta'
[0.105s] Level 1:colcon.colcon_core.package_identification:_identify(src/roarm_else/ros2web_app/web_app/src/components/Grid) by extensions ['ros']
[0.105s] Level 1:colcon.colcon_core.package_identification:_identify(src/roarm_else/ros2web_app/web_app/src/components/Grid) by extension 'ros'
[0.105s] Level 1:colcon.colcon_core.package_identification:_identify(src/roarm_else/ros2web_app/web_app/src/components/Grid) by extensions ['cmake', 'python']
[0.105s] Level 1:colcon.colcon_core.package_identification:_identify(src/roarm_else/ros2web_app/web_app/src/components/Grid) by extension 'cmake'
[0.105s] Level 1:colcon.colcon_core.package_identification:_identify(src/roarm_else/ros2web_app/web_app/src/components/Grid) by extension 'python'
[0.105s] Level 1:colcon.colcon_core.package_identification:_identify(src/roarm_else/ros2web_app/web_app/src/components/Grid) by extensions ['python_setup_py']
[0.105s] Level 1:colcon.colcon_core.package_identification:_identify(src/roarm_else/ros2web_app/web_app/src/components/Grid) by extension 'python_setup_py'
[0.105s] Level 1:colcon.colcon_core.package_identification:_identify(src/roarm_else/ros2web_app/web_app/src/components/Image) by extensions ['ignore', 'ignore_ament_install']
[0.105s] Level 1:colcon.colcon_core.package_identification:_identify(src/roarm_else/ros2web_app/web_app/src/components/Image) by extension 'ignore'
[0.105s] Level 1:colcon.colcon_core.package_identification:_identify(src/roarm_else/ros2web_app/web_app/src/components/Image) by extension 'ignore_ament_install'
[0.105s] Level 1:colcon.colcon_core.package_identification:_identify(src/roarm_else/ros2web_app/web_app/src/components/Image) by extensions ['colcon_pkg']
[0.105s] Level 1:colcon.colcon_core.package_identification:_identify(src/roarm_else/ros2web_app/web_app/src/components/Image) by extension 'colcon_pkg'
[0.105s] Level 1:colcon.colcon_core.package_identification:_identify(src/roarm_else/ros2web_app/web_app/src/components/Image) by extensions ['colcon_meta']
[0.105s] Level 1:colcon.colcon_core.package_identification:_identify(src/roarm_else/ros2web_app/web_app/src/components/Image) by extension 'colcon_meta'
[0.105s] Level 1:colcon.colcon_core.package_identification:_identify(src/roarm_else/ros2web_app/web_app/src/components/Image) by extensions ['ros']
[0.105s] Level 1:colcon.colcon_core.package_identification:_identify(src/roarm_else/ros2web_app/web_app/src/components/Image) by extension 'ros'
[0.105s] Level 1:colcon.colcon_core.package_identification:_identify(src/roarm_else/ros2web_app/web_app/src/components/Image) by extensions ['cmake', 'python']
[0.105s] Level 1:colcon.colcon_core.package_identification:_identify(src/roarm_else/ros2web_app/web_app/src/components/Image) by extension 'cmake'
[0.105s] Level 1:colcon.colcon_core.package_identification:_identify(src/roarm_else/ros2web_app/web_app/src/components/Image) by extension 'python'
[0.105s] Level 1:colcon.colcon_core.package_identification:_identify(src/roarm_else/ros2web_app/web_app/src/components/Image) by extensions ['python_setup_py']
[0.105s] Level 1:colcon.colcon_core.package_identification:_identify(src/roarm_else/ros2web_app/web_app/src/components/Image) by extension 'python_setup_py'
[0.105s] Level 1:colcon.colcon_core.package_identification:_identify(src/roarm_else/ros2web_app/web_app/src/components/InputGroup) by extensions ['ignore', 'ignore_ament_install']
[0.105s] Level 1:colcon.colcon_core.package_identification:_identify(src/roarm_else/ros2web_app/web_app/src/components/InputGroup) by extension 'ignore'
[0.105s] Level 1:colcon.colcon_core.package_identification:_identify(src/roarm_else/ros2web_app/web_app/src/components/InputGroup) by extension 'ignore_ament_install'
[0.105s] Level 1:colcon.colcon_core.package_identification:_identify(src/roarm_else/ros2web_app/web_app/src/components/InputGroup) by extensions ['colcon_pkg']
[0.105s] Level 1:colcon.colcon_core.package_identification:_identify(src/roarm_else/ros2web_app/web_app/src/components/InputGroup) by extension 'colcon_pkg'
[0.105s] Level 1:colcon.colcon_core.package_identification:_identify(src/roarm_else/ros2web_app/web_app/src/components/InputGroup) by extensions ['colcon_meta']
[0.105s] Level 1:colcon.colcon_core.package_identification:_identify(src/roarm_else/ros2web_app/web_app/src/components/InputGroup) by extension 'colcon_meta'
[0.105s] Level 1:colcon.colcon_core.package_identification:_identify(src/roarm_else/ros2web_app/web_app/src/components/InputGroup) by extensions ['ros']
[0.105s] Level 1:colcon.colcon_core.package_identification:_identify(src/roarm_else/ros2web_app/web_app/src/components/InputGroup) by extension 'ros'
[0.105s] Level 1:colcon.colcon_core.package_identification:_identify(src/roarm_else/ros2web_app/web_app/src/components/InputGroup) by extensions ['cmake', 'python']
[0.105s] Level 1:colcon.colcon_core.package_identification:_identify(src/roarm_else/ros2web_app/web_app/src/components/InputGroup) by extension 'cmake'
[0.105s] Level 1:colcon.colcon_core.package_identification:_identify(src/roarm_else/ros2web_app/web_app/src/components/InputGroup) by extension 'python'
[0.105s] Level 1:colcon.colcon_core.package_identification:_identify(src/roarm_else/ros2web_app/web_app/src/components/InputGroup) by extensions ['python_setup_py']
[0.105s] Level 1:colcon.colcon_core.package_identification:_identify(src/roarm_else/ros2web_app/web_app/src/components/InputGroup) by extension 'python_setup_py'
[0.105s] Level 1:colcon.colcon_core.package_identification:_identify(src/roarm_else/ros2web_app/web_app/src/components/Joystick) by extensions ['ignore', 'ignore_ament_install']
[0.105s] Level 1:colcon.colcon_core.package_identification:_identify(src/roarm_else/ros2web_app/web_app/src/components/Joystick) by extension 'ignore'
[0.105s] Level 1:colcon.colcon_core.package_identification:_identify(src/roarm_else/ros2web_app/web_app/src/components/Joystick) by extension 'ignore_ament_install'
[0.105s] Level 1:colcon.colcon_core.package_identification:_identify(src/roarm_else/ros2web_app/web_app/src/components/Joystick) by extensions ['colcon_pkg']
[0.105s] Level 1:colcon.colcon_core.package_identification:_identify(src/roarm_else/ros2web_app/web_app/src/components/Joystick) by extension 'colcon_pkg'
[0.105s] Level 1:colcon.colcon_core.package_identification:_identify(src/roarm_else/ros2web_app/web_app/src/components/Joystick) by extensions ['colcon_meta']
[0.105s] Level 1:colcon.colcon_core.package_identification:_identify(src/roarm_else/ros2web_app/web_app/src/components/Joystick) by extension 'colcon_meta'
[0.105s] Level 1:colcon.colcon_core.package_identification:_identify(src/roarm_else/ros2web_app/web_app/src/components/Joystick) by extensions ['ros']
[0.105s] Level 1:colcon.colcon_core.package_identification:_identify(src/roarm_else/ros2web_app/web_app/src/components/Joystick) by extension 'ros'
[0.106s] Level 1:colcon.colcon_core.package_identification:_identify(src/roarm_else/ros2web_app/web_app/src/components/Joystick) by extensions ['cmake', 'python']
[0.106s] Level 1:colcon.colcon_core.package_identification:_identify(src/roarm_else/ros2web_app/web_app/src/components/Joystick) by extension 'cmake'
[0.106s] Level 1:colcon.colcon_core.package_identification:_identify(src/roarm_else/ros2web_app/web_app/src/components/Joystick) by extension 'python'
[0.106s] Level 1:colcon.colcon_core.package_identification:_identify(src/roarm_else/ros2web_app/web_app/src/components/Joystick) by extensions ['python_setup_py']
[0.106s] Level 1:colcon.colcon_core.package_identification:_identify(src/roarm_else/ros2web_app/web_app/src/components/Joystick) by extension 'python_setup_py'
[0.106s] Level 1:colcon.colcon_core.package_identification:_identify(src/roarm_else/ros2web_app/web_app/src/components/SimpleInput) by extensions ['ignore', 'ignore_ament_install']
[0.106s] Level 1:colcon.colcon_core.package_identification:_identify(src/roarm_else/ros2web_app/web_app/src/components/SimpleInput) by extension 'ignore'
[0.106s] Level 1:colcon.colcon_core.package_identification:_identify(src/roarm_else/ros2web_app/web_app/src/components/SimpleInput) by extension 'ignore_ament_install'
[0.106s] Level 1:colcon.colcon_core.package_identification:_identify(src/roarm_else/ros2web_app/web_app/src/components/SimpleInput) by extensions ['colcon_pkg']
[0.106s] Level 1:colcon.colcon_core.package_identification:_identify(src/roarm_else/ros2web_app/web_app/src/components/SimpleInput) by extension 'colcon_pkg'
[0.106s] Level 1:colcon.colcon_core.package_identification:_identify(src/roarm_else/ros2web_app/web_app/src/components/SimpleInput) by extensions ['colcon_meta']
[0.106s] Level 1:colcon.colcon_core.package_identification:_identify(src/roarm_else/ros2web_app/web_app/src/components/SimpleInput) by extension 'colcon_meta'
[0.106s] Level 1:colcon.colcon_core.package_identification:_identify(src/roarm_else/ros2web_app/web_app/src/components/SimpleInput) by extensions ['ros']
[0.106s] Level 1:colcon.colcon_core.package_identification:_identify(src/roarm_else/ros2web_app/web_app/src/components/SimpleInput) by extension 'ros'
[0.106s] Level 1:colcon.colcon_core.package_identification:_identify(src/roarm_else/ros2web_app/web_app/src/components/SimpleInput) by extensions ['cmake', 'python']
[0.106s] Level 1:colcon.colcon_core.package_identification:_identify(src/roarm_else/ros2web_app/web_app/src/components/SimpleInput) by extension 'cmake'
[0.106s] Level 1:colcon.colcon_core.package_identification:_identify(src/roarm_else/ros2web_app/web_app/src/components/SimpleInput) by extension 'python'
[0.106s] Level 1:colcon.colcon_core.package_identification:_identify(src/roarm_else/ros2web_app/web_app/src/components/SimpleInput) by extensions ['python_setup_py']
[0.106s] Level 1:colcon.colcon_core.package_identification:_identify(src/roarm_else/ros2web_app/web_app/src/components/SimpleInput) by extension 'python_setup_py'
[0.106s] Level 1:colcon.colcon_core.package_identification:_identify(src/roarm_else/ros2web_app/web_app/src/components/SimpleList) by extensions ['ignore', 'ignore_ament_install']
[0.106s] Level 1:colcon.colcon_core.package_identification:_identify(src/roarm_else/ros2web_app/web_app/src/components/SimpleList) by extension 'ignore'
[0.106s] Level 1:colcon.colcon_core.package_identification:_identify(src/roarm_else/ros2web_app/web_app/src/components/SimpleList) by extension 'ignore_ament_install'
[0.106s] Level 1:colcon.colcon_core.package_identification:_identify(src/roarm_else/ros2web_app/web_app/src/components/SimpleList) by extensions ['colcon_pkg']
[0.106s] Level 1:colcon.colcon_core.package_identification:_identify(src/roarm_else/ros2web_app/web_app/src/components/SimpleList) by extension 'colcon_pkg'
[0.106s] Level 1:colcon.colcon_core.package_identification:_identify(src/roarm_else/ros2web_app/web_app/src/components/SimpleList) by extensions ['colcon_meta']
[0.106s] Level 1:colcon.colcon_core.package_identification:_identify(src/roarm_else/ros2web_app/web_app/src/components/SimpleList) by extension 'colcon_meta'
[0.106s] Level 1:colcon.colcon_core.package_identification:_identify(src/roarm_else/ros2web_app/web_app/src/components/SimpleList) by extensions ['ros']
[0.106s] Level 1:colcon.colcon_core.package_identification:_identify(src/roarm_else/ros2web_app/web_app/src/components/SimpleList) by extension 'ros'
[0.106s] Level 1:colcon.colcon_core.package_identification:_identify(src/roarm_else/ros2web_app/web_app/src/components/SimpleList) by extensions ['cmake', 'python']
[0.106s] Level 1:colcon.colcon_core.package_identification:_identify(src/roarm_else/ros2web_app/web_app/src/components/SimpleList) by extension 'cmake'
[0.106s] Level 1:colcon.colcon_core.package_identification:_identify(src/roarm_else/ros2web_app/web_app/src/components/SimpleList) by extension 'python'
[0.106s] Level 1:colcon.colcon_core.package_identification:_identify(src/roarm_else/ros2web_app/web_app/src/components/SimpleList) by extensions ['python_setup_py']
[0.106s] Level 1:colcon.colcon_core.package_identification:_identify(src/roarm_else/ros2web_app/web_app/src/components/SimpleList) by extension 'python_setup_py'
[0.106s] Level 1:colcon.colcon_core.package_identification:_identify(src/roarm_else/ros2web_app/web_app/src/components/Slider) by extensions ['ignore', 'ignore_ament_install']
[0.106s] Level 1:colcon.colcon_core.package_identification:_identify(src/roarm_else/ros2web_app/web_app/src/components/Slider) by extension 'ignore'
[0.106s] Level 1:colcon.colcon_core.package_identification:_identify(src/roarm_else/ros2web_app/web_app/src/components/Slider) by extension 'ignore_ament_install'
[0.106s] Level 1:colcon.colcon_core.package_identification:_identify(src/roarm_else/ros2web_app/web_app/src/components/Slider) by extensions ['colcon_pkg']
[0.106s] Level 1:colcon.colcon_core.package_identification:_identify(src/roarm_else/ros2web_app/web_app/src/components/Slider) by extension 'colcon_pkg'
[0.106s] Level 1:colcon.colcon_core.package_identification:_identify(src/roarm_else/ros2web_app/web_app/src/components/Slider) by extensions ['colcon_meta']
[0.106s] Level 1:colcon.colcon_core.package_identification:_identify(src/roarm_else/ros2web_app/web_app/src/components/Slider) by extension 'colcon_meta'
[0.106s] Level 1:colcon.colcon_core.package_identification:_identify(src/roarm_else/ros2web_app/web_app/src/components/Slider) by extensions ['ros']
[0.106s] Level 1:colcon.colcon_core.package_identification:_identify(src/roarm_else/ros2web_app/web_app/src/components/Slider) by extension 'ros'
[0.106s] Level 1:colcon.colcon_core.package_identification:_identify(src/roarm_else/ros2web_app/web_app/src/components/Slider) by extensions ['cmake', 'python']
[0.106s] Level 1:colcon.colcon_core.package_identification:_identify(src/roarm_else/ros2web_app/web_app/src/components/Slider) by extension 'cmake'
[0.106s] Level 1:colcon.colcon_core.package_identification:_identify(src/roarm_else/ros2web_app/web_app/src/components/Slider) by extension 'python'
[0.106s] Level 1:colcon.colcon_core.package_identification:_identify(src/roarm_else/ros2web_app/web_app/src/components/Slider) by extensions ['python_setup_py']
[0.106s] Level 1:colcon.colcon_core.package_identification:_identify(src/roarm_else/ros2web_app/web_app/src/components/Slider) by extension 'python_setup_py'
[0.106s] Level 1:colcon.colcon_core.package_identification:_identify(src/roarm_else/ros2web_app/web_app/src/components/Switch) by extensions ['ignore', 'ignore_ament_install']
[0.106s] Level 1:colcon.colcon_core.package_identification:_identify(src/roarm_else/ros2web_app/web_app/src/components/Switch) by extension 'ignore'
[0.106s] Level 1:colcon.colcon_core.package_identification:_identify(src/roarm_else/ros2web_app/web_app/src/components/Switch) by extension 'ignore_ament_install'
[0.106s] Level 1:colcon.colcon_core.package_identification:_identify(src/roarm_else/ros2web_app/web_app/src/components/Switch) by extensions ['colcon_pkg']
[0.106s] Level 1:colcon.colcon_core.package_identification:_identify(src/roarm_else/ros2web_app/web_app/src/components/Switch) by extension 'colcon_pkg'
[0.106s] Level 1:colcon.colcon_core.package_identification:_identify(src/roarm_else/ros2web_app/web_app/src/components/Switch) by extensions ['colcon_meta']
[0.106s] Level 1:colcon.colcon_core.package_identification:_identify(src/roarm_else/ros2web_app/web_app/src/components/Switch) by extension 'colcon_meta'
[0.106s] Level 1:colcon.colcon_core.package_identification:_identify(src/roarm_else/ros2web_app/web_app/src/components/Switch) by extensions ['ros']
[0.106s] Level 1:colcon.colcon_core.package_identification:_identify(src/roarm_else/ros2web_app/web_app/src/components/Switch) by extension 'ros'
[0.107s] Level 1:colcon.colcon_core.package_identification:_identify(src/roarm_else/ros2web_app/web_app/src/components/Switch) by extensions ['cmake', 'python']
[0.107s] Level 1:colcon.colcon_core.package_identification:_identify(src/roarm_else/ros2web_app/web_app/src/components/Switch) by extension 'cmake'
[0.107s] Level 1:colcon.colcon_core.package_identification:_identify(src/roarm_else/ros2web_app/web_app/src/components/Switch) by extension 'python'
[0.107s] Level 1:colcon.colcon_core.package_identification:_identify(src/roarm_else/ros2web_app/web_app/src/components/Switch) by extensions ['python_setup_py']
[0.107s] Level 1:colcon.colcon_core.package_identification:_identify(src/roarm_else/ros2web_app/web_app/src/components/Switch) by extension 'python_setup_py'
[0.107s] Level 1:colcon.colcon_core.package_identification:_identify(src/roarm_else/ros2web_app/web_app/src/containers) by extensions ['ignore', 'ignore_ament_install']
[0.107s] Level 1:colcon.colcon_core.package_identification:_identify(src/roarm_else/ros2web_app/web_app/src/containers) by extension 'ignore'
[0.107s] Level 1:colcon.colcon_core.package_identification:_identify(src/roarm_else/ros2web_app/web_app/src/containers) by extension 'ignore_ament_install'
[0.107s] Level 1:colcon.colcon_core.package_identification:_identify(src/roarm_else/ros2web_app/web_app/src/containers) by extensions ['colcon_pkg']
[0.107s] Level 1:colcon.colcon_core.package_identification:_identify(src/roarm_else/ros2web_app/web_app/src/containers) by extension 'colcon_pkg'
[0.107s] Level 1:colcon.colcon_core.package_identification:_identify(src/roarm_else/ros2web_app/web_app/src/containers) by extensions ['colcon_meta']
[0.107s] Level 1:colcon.colcon_core.package_identification:_identify(src/roarm_else/ros2web_app/web_app/src/containers) by extension 'colcon_meta'
[0.107s] Level 1:colcon.colcon_core.package_identification:_identify(src/roarm_else/ros2web_app/web_app/src/containers) by extensions ['ros']
[0.107s] Level 1:colcon.colcon_core.package_identification:_identify(src/roarm_else/ros2web_app/web_app/src/containers) by extension 'ros'
[0.107s] Level 1:colcon.colcon_core.package_identification:_identify(src/roarm_else/ros2web_app/web_app/src/containers) by extensions ['cmake', 'python']
[0.107s] Level 1:colcon.colcon_core.package_identification:_identify(src/roarm_else/ros2web_app/web_app/src/containers) by extension 'cmake'
[0.107s] Level 1:colcon.colcon_core.package_identification:_identify(src/roarm_else/ros2web_app/web_app/src/containers) by extension 'python'
[0.107s] Level 1:colcon.colcon_core.package_identification:_identify(src/roarm_else/ros2web_app/web_app/src/containers) by extensions ['python_setup_py']
[0.107s] Level 1:colcon.colcon_core.package_identification:_identify(src/roarm_else/ros2web_app/web_app/src/containers) by extension 'python_setup_py'
[0.107s] Level 1:colcon.colcon_core.package_identification:_identify(src/roarm_else/ros2web_app/web_app/src/containers/App) by extensions ['ignore', 'ignore_ament_install']
[0.107s] Level 1:colcon.colcon_core.package_identification:_identify(src/roarm_else/ros2web_app/web_app/src/containers/App) by extension 'ignore'
[0.107s] Level 1:colcon.colcon_core.package_identification:_identify(src/roarm_else/ros2web_app/web_app/src/containers/App) by extension 'ignore_ament_install'
[0.107s] Level 1:colcon.colcon_core.package_identification:_identify(src/roarm_else/ros2web_app/web_app/src/containers/App) by extensions ['colcon_pkg']
[0.107s] Level 1:colcon.colcon_core.package_identification:_identify(src/roarm_else/ros2web_app/web_app/src/containers/App) by extension 'colcon_pkg'
[0.107s] Level 1:colcon.colcon_core.package_identification:_identify(src/roarm_else/ros2web_app/web_app/src/containers/App) by extensions ['colcon_meta']
[0.107s] Level 1:colcon.colcon_core.package_identification:_identify(src/roarm_else/ros2web_app/web_app/src/containers/App) by extension 'colcon_meta'
[0.107s] Level 1:colcon.colcon_core.package_identification:_identify(src/roarm_else/ros2web_app/web_app/src/containers/App) by extensions ['ros']
[0.107s] Level 1:colcon.colcon_core.package_identification:_identify(src/roarm_else/ros2web_app/web_app/src/containers/App) by extension 'ros'
[0.107s] Level 1:colcon.colcon_core.package_identification:_identify(src/roarm_else/ros2web_app/web_app/src/containers/App) by extensions ['cmake', 'python']
[0.107s] Level 1:colcon.colcon_core.package_identification:_identify(src/roarm_else/ros2web_app/web_app/src/containers/App) by extension 'cmake'
[0.107s] Level 1:colcon.colcon_core.package_identification:_identify(src/roarm_else/ros2web_app/web_app/src/containers/App) by extension 'python'
[0.107s] Level 1:colcon.colcon_core.package_identification:_identify(src/roarm_else/ros2web_app/web_app/src/containers/App) by extensions ['python_setup_py']
[0.107s] Level 1:colcon.colcon_core.package_identification:_identify(src/roarm_else/ros2web_app/web_app/src/containers/App) by extension 'python_setup_py'
[0.107s] Level 1:colcon.colcon_core.package_identification:_identify(src/roarm_else/ros2web_app/web_app/src/hooks) by extensions ['ignore', 'ignore_ament_install']
[0.107s] Level 1:colcon.colcon_core.package_identification:_identify(src/roarm_else/ros2web_app/web_app/src/hooks) by extension 'ignore'
[0.107s] Level 1:colcon.colcon_core.package_identification:_identify(src/roarm_else/ros2web_app/web_app/src/hooks) by extension 'ignore_ament_install'
[0.107s] Level 1:colcon.colcon_core.package_identification:_identify(src/roarm_else/ros2web_app/web_app/src/hooks) by extensions ['colcon_pkg']
[0.107s] Level 1:colcon.colcon_core.package_identification:_identify(src/roarm_else/ros2web_app/web_app/src/hooks) by extension 'colcon_pkg'
[0.107s] Level 1:colcon.colcon_core.package_identification:_identify(src/roarm_else/ros2web_app/web_app/src/hooks) by extensions ['colcon_meta']
[0.107s] Level 1:colcon.colcon_core.package_identification:_identify(src/roarm_else/ros2web_app/web_app/src/hooks) by extension 'colcon_meta'
[0.107s] Level 1:colcon.colcon_core.package_identification:_identify(src/roarm_else/ros2web_app/web_app/src/hooks) by extensions ['ros']
[0.107s] Level 1:colcon.colcon_core.package_identification:_identify(src/roarm_else/ros2web_app/web_app/src/hooks) by extension 'ros'
[0.107s] Level 1:colcon.colcon_core.package_identification:_identify(src/roarm_else/ros2web_app/web_app/src/hooks) by extensions ['cmake', 'python']
[0.107s] Level 1:colcon.colcon_core.package_identification:_identify(src/roarm_else/ros2web_app/web_app/src/hooks) by extension 'cmake'
[0.107s] Level 1:colcon.colcon_core.package_identification:_identify(src/roarm_else/ros2web_app/web_app/src/hooks) by extension 'python'
[0.107s] Level 1:colcon.colcon_core.package_identification:_identify(src/roarm_else/ros2web_app/web_app/src/hooks) by extensions ['python_setup_py']
[0.107s] Level 1:colcon.colcon_core.package_identification:_identify(src/roarm_else/ros2web_app/web_app/src/hooks) by extension 'python_setup_py'
[0.107s] Level 1:colcon.colcon_core.package_identification:_identify(src/roarm_else/ros2web_app/web_app/src/routes) by extensions ['ignore', 'ignore_ament_install']
[0.107s] Level 1:colcon.colcon_core.package_identification:_identify(src/roarm_else/ros2web_app/web_app/src/routes) by extension 'ignore'
[0.107s] Level 1:colcon.colcon_core.package_identification:_identify(src/roarm_else/ros2web_app/web_app/src/routes) by extension 'ignore_ament_install'
[0.107s] Level 1:colcon.colcon_core.package_identification:_identify(src/roarm_else/ros2web_app/web_app/src/routes) by extensions ['colcon_pkg']
[0.107s] Level 1:colcon.colcon_core.package_identification:_identify(src/roarm_else/ros2web_app/web_app/src/routes) by extension 'colcon_pkg'
[0.107s] Level 1:colcon.colcon_core.package_identification:_identify(src/roarm_else/ros2web_app/web_app/src/routes) by extensions ['colcon_meta']
[0.107s] Level 1:colcon.colcon_core.package_identification:_identify(src/roarm_else/ros2web_app/web_app/src/routes) by extension 'colcon_meta'
[0.107s] Level 1:colcon.colcon_core.package_identification:_identify(src/roarm_else/ros2web_app/web_app/src/routes) by extensions ['ros']
[0.107s] Level 1:colcon.colcon_core.package_identification:_identify(src/roarm_else/ros2web_app/web_app/src/routes) by extension 'ros'
[0.107s] Level 1:colcon.colcon_core.package_identification:_identify(src/roarm_else/ros2web_app/web_app/src/routes) by extensions ['cmake', 'python']
[0.108s] Level 1:colcon.colcon_core.package_identification:_identify(src/roarm_else/ros2web_app/web_app/src/routes) by extension 'cmake'
[0.108s] Level 1:colcon.colcon_core.package_identification:_identify(src/roarm_else/ros2web_app/web_app/src/routes) by extension 'python'
[0.108s] Level 1:colcon.colcon_core.package_identification:_identify(src/roarm_else/ros2web_app/web_app/src/routes) by extensions ['python_setup_py']
[0.108s] Level 1:colcon.colcon_core.package_identification:_identify(src/roarm_else/ros2web_app/web_app/src/routes) by extension 'python_setup_py'
[0.108s] Level 1:colcon.colcon_core.package_identification:_identify(src/roarm_else/ros2web_app/web_app/src/styles) by extensions ['ignore', 'ignore_ament_install']
[0.108s] Level 1:colcon.colcon_core.package_identification:_identify(src/roarm_else/ros2web_app/web_app/src/styles) by extension 'ignore'
[0.108s] Level 1:colcon.colcon_core.package_identification:_identify(src/roarm_else/ros2web_app/web_app/src/styles) by extension 'ignore_ament_install'
[0.108s] Level 1:colcon.colcon_core.package_identification:_identify(src/roarm_else/ros2web_app/web_app/src/styles) by extensions ['colcon_pkg']
[0.108s] Level 1:colcon.colcon_core.package_identification:_identify(src/roarm_else/ros2web_app/web_app/src/styles) by extension 'colcon_pkg'
[0.108s] Level 1:colcon.colcon_core.package_identification:_identify(src/roarm_else/ros2web_app/web_app/src/styles) by extensions ['colcon_meta']
[0.108s] Level 1:colcon.colcon_core.package_identification:_identify(src/roarm_else/ros2web_app/web_app/src/styles) by extension 'colcon_meta'
[0.108s] Level 1:colcon.colcon_core.package_identification:_identify(src/roarm_else/ros2web_app/web_app/src/styles) by extensions ['ros']
[0.108s] Level 1:colcon.colcon_core.package_identification:_identify(src/roarm_else/ros2web_app/web_app/src/styles) by extension 'ros'
[0.108s] Level 1:colcon.colcon_core.package_identification:_identify(src/roarm_else/ros2web_app/web_app/src/styles) by extensions ['cmake', 'python']
[0.108s] Level 1:colcon.colcon_core.package_identification:_identify(src/roarm_else/ros2web_app/web_app/src/styles) by extension 'cmake'
[0.108s] Level 1:colcon.colcon_core.package_identification:_identify(src/roarm_else/ros2web_app/web_app/src/styles) by extension 'python'
[0.108s] Level 1:colcon.colcon_core.package_identification:_identify(src/roarm_else/ros2web_app/web_app/src/styles) by extensions ['python_setup_py']
[0.108s] Level 1:colcon.colcon_core.package_identification:_identify(src/roarm_else/ros2web_app/web_app/src/styles) by extension 'python_setup_py'
[0.108s] Level 1:colcon.colcon_core.package_identification:_identify(src/roarm_else/ros2web_app/web_app/src/utils) by extensions ['ignore', 'ignore_ament_install']
[0.108s] Level 1:colcon.colcon_core.package_identification:_identify(src/roarm_else/ros2web_app/web_app/src/utils) by extension 'ignore'
[0.108s] Level 1:colcon.colcon_core.package_identification:_identify(src/roarm_else/ros2web_app/web_app/src/utils) by extension 'ignore_ament_install'
[0.108s] Level 1:colcon.colcon_core.package_identification:_identify(src/roarm_else/ros2web_app/web_app/src/utils) by extensions ['colcon_pkg']
[0.108s] Level 1:colcon.colcon_core.package_identification:_identify(src/roarm_else/ros2web_app/web_app/src/utils) by extension 'colcon_pkg'
[0.108s] Level 1:colcon.colcon_core.package_identification:_identify(src/roarm_else/ros2web_app/web_app/src/utils) by extensions ['colcon_meta']
[0.108s] Level 1:colcon.colcon_core.package_identification:_identify(src/roarm_else/ros2web_app/web_app/src/utils) by extension 'colcon_meta'
[0.108s] Level 1:colcon.colcon_core.package_identification:_identify(src/roarm_else/ros2web_app/web_app/src/utils) by extensions ['ros']
[0.108s] Level 1:colcon.colcon_core.package_identification:_identify(src/roarm_else/ros2web_app/web_app/src/utils) by extension 'ros'
[0.108s] Level 1:colcon.colcon_core.package_identification:_identify(src/roarm_else/ros2web_app/web_app/src/utils) by extensions ['cmake', 'python']
[0.108s] Level 1:colcon.colcon_core.package_identification:_identify(src/roarm_else/ros2web_app/web_app/src/utils) by extension 'cmake'
[0.108s] Level 1:colcon.colcon_core.package_identification:_identify(src/roarm_else/ros2web_app/web_app/src/utils) by extension 'python'
[0.108s] Level 1:colcon.colcon_core.package_identification:_identify(src/roarm_else/ros2web_app/web_app/src/utils) by extensions ['python_setup_py']
[0.108s] Level 1:colcon.colcon_core.package_identification:_identify(src/roarm_else/ros2web_app/web_app/src/utils) by extension 'python_setup_py'
[0.108s] Level 1:colcon.colcon_core.package_identification:_identify(src/roarm_main) by extensions ['ignore', 'ignore_ament_install']
[0.108s] Level 1:colcon.colcon_core.package_identification:_identify(src/roarm_main) by extension 'ignore'
[0.108s] Level 1:colcon.colcon_core.package_identification:_identify(src/roarm_main) by extension 'ignore_ament_install'
[0.108s] Level 1:colcon.colcon_core.package_identification:_identify(src/roarm_main) by extensions ['colcon_pkg']
[0.108s] Level 1:colcon.colcon_core.package_identification:_identify(src/roarm_main) by extension 'colcon_pkg'
[0.108s] Level 1:colcon.colcon_core.package_identification:_identify(src/roarm_main) by extensions ['colcon_meta']
[0.108s] Level 1:colcon.colcon_core.package_identification:_identify(src/roarm_main) by extension 'colcon_meta'
[0.108s] Level 1:colcon.colcon_core.package_identification:_identify(src/roarm_main) by extensions ['ros']
[0.108s] Level 1:colcon.colcon_core.package_identification:_identify(src/roarm_main) by extension 'ros'
[0.108s] Level 1:colcon.colcon_core.package_identification:_identify(src/roarm_main) by extensions ['cmake', 'python']
[0.108s] Level 1:colcon.colcon_core.package_identification:_identify(src/roarm_main) by extension 'cmake'
[0.108s] Level 1:colcon.colcon_core.package_identification:_identify(src/roarm_main) by extension 'python'
[0.108s] Level 1:colcon.colcon_core.package_identification:_identify(src/roarm_main) by extensions ['python_setup_py']
[0.108s] Level 1:colcon.colcon_core.package_identification:_identify(src/roarm_main) by extension 'python_setup_py'
[0.108s] Level 1:colcon.colcon_core.package_identification:_identify(src/roarm_main/moveit_servo) by extensions ['ignore', 'ignore_ament_install']
[0.108s] Level 1:colcon.colcon_core.package_identification:_identify(src/roarm_main/moveit_servo) by extension 'ignore'
[0.108s] Level 1:colcon.colcon_core.package_identification:_identify(src/roarm_main/moveit_servo) by extension 'ignore_ament_install'
[0.108s] Level 1:colcon.colcon_core.package_identification:_identify(src/roarm_main/moveit_servo) by extensions ['colcon_pkg']
[0.108s] Level 1:colcon.colcon_core.package_identification:_identify(src/roarm_main/moveit_servo) by extension 'colcon_pkg'
[0.108s] Level 1:colcon.colcon_core.package_identification:_identify(src/roarm_main/moveit_servo) by extensions ['colcon_meta']
[0.108s] Level 1:colcon.colcon_core.package_identification:_identify(src/roarm_main/moveit_servo) by extension 'colcon_meta'
[0.108s] Level 1:colcon.colcon_core.package_identification:_identify(src/roarm_main/moveit_servo) by extensions ['ros']
[0.108s] Level 1:colcon.colcon_core.package_identification:_identify(src/roarm_main/moveit_servo) by extension 'ros'
[0.109s] DEBUG:colcon.colcon_core.package_identification:Package 'src/roarm_main/moveit_servo' with type 'ros.ament_cmake' and name 'moveit_servo'
[0.109s] Level 1:colcon.colcon_core.package_identification:_identify(src/roarm_main/roarm_description) by extensions ['ignore', 'ignore_ament_install']
[0.109s] Level 1:colcon.colcon_core.package_identification:_identify(src/roarm_main/roarm_description) by extension 'ignore'
[0.109s] Level 1:colcon.colcon_core.package_identification:_identify(src/roarm_main/roarm_description) by extension 'ignore_ament_install'
[0.109s] Level 1:colcon.colcon_core.package_identification:_identify(src/roarm_main/roarm_description) by extensions ['colcon_pkg']
[0.109s] Level 1:colcon.colcon_core.package_identification:_identify(src/roarm_main/roarm_description) by extension 'colcon_pkg'
[0.109s] Level 1:colcon.colcon_core.package_identification:_identify(src/roarm_main/roarm_description) by extensions ['colcon_meta']
[0.109s] Level 1:colcon.colcon_core.package_identification:_identify(src/roarm_main/roarm_description) by extension 'colcon_meta'
[0.109s] Level 1:colcon.colcon_core.package_identification:_identify(src/roarm_main/roarm_description) by extensions ['ros']
[0.109s] Level 1:colcon.colcon_core.package_identification:_identify(src/roarm_main/roarm_description) by extension 'ros'
[0.109s] DEBUG:colcon.colcon_core.package_identification:Package 'src/roarm_main/roarm_description' with type 'ros.ament_cmake' and name 'roarm_description'
[0.109s] Level 1:colcon.colcon_core.package_identification:_identify(src/roarm_main/roarm_driver) by extensions ['ignore', 'ignore_ament_install']
[0.109s] Level 1:colcon.colcon_core.package_identification:_identify(src/roarm_main/roarm_driver) by extension 'ignore'
[0.109s] Level 1:colcon.colcon_core.package_identification:_identify(src/roarm_main/roarm_driver) by extension 'ignore_ament_install'
[0.109s] Level 1:colcon.colcon_core.package_identification:_identify(src/roarm_main/roarm_driver) by extensions ['colcon_pkg']
[0.109s] Level 1:colcon.colcon_core.package_identification:_identify(src/roarm_main/roarm_driver) by extension 'colcon_pkg'
[0.109s] Level 1:colcon.colcon_core.package_identification:_identify(src/roarm_main/roarm_driver) by extensions ['colcon_meta']
[0.110s] Level 1:colcon.colcon_core.package_identification:_identify(src/roarm_main/roarm_driver) by extension 'colcon_meta'
[0.110s] Level 1:colcon.colcon_core.package_identification:_identify(src/roarm_main/roarm_driver) by extensions ['ros']
[0.110s] Level 1:colcon.colcon_core.package_identification:_identify(src/roarm_main/roarm_driver) by extension 'ros'
[0.110s] DEBUG:colcon.colcon_core.package_identification:Package 'src/roarm_main/roarm_driver' with type 'ros.ament_python' and name 'roarm_driver'
[0.110s] Level 1:colcon.colcon_core.package_identification:_identify(src/roarm_main/roarm_moveit) by extensions ['ignore', 'ignore_ament_install']
[0.110s] Level 1:colcon.colcon_core.package_identification:_identify(src/roarm_main/roarm_moveit) by extension 'ignore'
[0.110s] Level 1:colcon.colcon_core.package_identification:_identify(src/roarm_main/roarm_moveit) by extension 'ignore_ament_install'
[0.110s] Level 1:colcon.colcon_core.package_identification:_identify(src/roarm_main/roarm_moveit) by extensions ['colcon_pkg']
[0.110s] Level 1:colcon.colcon_core.package_identification:_identify(src/roarm_main/roarm_moveit) by extension 'colcon_pkg'
[0.110s] Level 1:colcon.colcon_core.package_identification:_identify(src/roarm_main/roarm_moveit) by extensions ['colcon_meta']
[0.110s] Level 1:colcon.colcon_core.package_identification:_identify(src/roarm_main/roarm_moveit) by extension 'colcon_meta'
[0.110s] Level 1:colcon.colcon_core.package_identification:_identify(src/roarm_main/roarm_moveit) by extensions ['ros']
[0.110s] Level 1:colcon.colcon_core.package_identification:_identify(src/roarm_main/roarm_moveit) by extension 'ros'
[0.110s] DEBUG:colcon.colcon_core.package_identification:Package 'src/roarm_main/roarm_moveit' with type 'ros.ament_cmake' and name 'roarm_moveit'
[0.110s] Level 1:colcon.colcon_core.package_identification:_identify(src/roarm_main/roarm_moveit_cmd) by extensions ['ignore', 'ignore_ament_install']
[0.110s] Level 1:colcon.colcon_core.package_identification:_identify(src/roarm_main/roarm_moveit_cmd) by extension 'ignore'
[0.110s] Level 1:colcon.colcon_core.package_identification:_identify(src/roarm_main/roarm_moveit_cmd) by extension 'ignore_ament_install'
[0.110s] Level 1:colcon.colcon_core.package_identification:_identify(src/roarm_main/roarm_moveit_cmd) by extensions ['colcon_pkg']
[0.110s] Level 1:colcon.colcon_core.package_identification:_identify(src/roarm_main/roarm_moveit_cmd) by extension 'colcon_pkg'
[0.110s] Level 1:colcon.colcon_core.package_identification:_identify(src/roarm_main/roarm_moveit_cmd) by extensions ['colcon_meta']
[0.110s] Level 1:colcon.colcon_core.package_identification:_identify(src/roarm_main/roarm_moveit_cmd) by extension 'colcon_meta'
[0.110s] Level 1:colcon.colcon_core.package_identification:_identify(src/roarm_main/roarm_moveit_cmd) by extensions ['ros']
[0.110s] Level 1:colcon.colcon_core.package_identification:_identify(src/roarm_main/roarm_moveit_cmd) by extension 'ros'
[0.111s] DEBUG:colcon.colcon_core.package_identification:Package 'src/roarm_main/roarm_moveit_cmd' with type 'ros.ament_cmake' and name 'roarm_moveit_cmd'
[0.111s] Level 1:colcon.colcon_core.package_identification:_identify(src/roarm_main/roarm_moveit_ikfast_plugins) by extensions ['ignore', 'ignore_ament_install']
[0.111s] Level 1:colcon.colcon_core.package_identification:_identify(src/roarm_main/roarm_moveit_ikfast_plugins) by extension 'ignore'
[0.111s] Level 1:colcon.colcon_core.package_identification:_identify(src/roarm_main/roarm_moveit_ikfast_plugins) by extension 'ignore_ament_install'
[0.111s] Level 1:colcon.colcon_core.package_identification:_identify(src/roarm_main/roarm_moveit_ikfast_plugins) by extensions ['colcon_pkg']
[0.111s] Level 1:colcon.colcon_core.package_identification:_identify(src/roarm_main/roarm_moveit_ikfast_plugins) by extension 'colcon_pkg'
[0.111s] Level 1:colcon.colcon_core.package_identification:_identify(src/roarm_main/roarm_moveit_ikfast_plugins) by extensions ['colcon_meta']
[0.111s] Level 1:colcon.colcon_core.package_identification:_identify(src/roarm_main/roarm_moveit_ikfast_plugins) by extension 'colcon_meta'
[0.111s] Level 1:colcon.colcon_core.package_identification:_identify(src/roarm_main/roarm_moveit_ikfast_plugins) by extensions ['ros']
[0.111s] Level 1:colcon.colcon_core.package_identification:_identify(src/roarm_main/roarm_moveit_ikfast_plugins) by extension 'ros'
[0.111s] DEBUG:colcon.colcon_core.package_identification:Package 'src/roarm_main/roarm_moveit_ikfast_plugins' with type 'ros.ament_cmake' and name 'roarm_moveit_ikfast_plugins'
[0.111s] Level 1:colcon.colcon_core.package_identification:_identify(src/roarm_main/roarm_web_app) by extensions ['ignore', 'ignore_ament_install']
[0.111s] Level 1:colcon.colcon_core.package_identification:_identify(src/roarm_main/roarm_web_app) by extension 'ignore'
[0.111s] Level 1:colcon.colcon_core.package_identification:_identify(src/roarm_main/roarm_web_app) by extension 'ignore_ament_install'
[0.111s] Level 1:colcon.colcon_core.package_identification:_identify(src/roarm_main/roarm_web_app) by extensions ['colcon_pkg']
[0.112s] Level 1:colcon.colcon_core.package_identification:_identify(src/roarm_main/roarm_web_app) by extension 'colcon_pkg'
[0.112s] Level 1:colcon.colcon_core.package_identification:_identify(src/roarm_main/roarm_web_app) by extensions ['colcon_meta']
[0.112s] Level 1:colcon.colcon_core.package_identification:_identify(src/roarm_main/roarm_web_app) by extension 'colcon_meta'
[0.112s] Level 1:colcon.colcon_core.package_identification:_identify(src/roarm_main/roarm_web_app) by extensions ['ros']
[0.112s] Level 1:colcon.colcon_core.package_identification:_identify(src/roarm_main/roarm_web_app) by extension 'ros'
[0.112s] DEBUG:colcon.colcon_core.package_identification:Package 'src/roarm_main/roarm_web_app' with type 'ros.ament_python' and name 'roarm_web_app'
[0.112s] Level 1:colcon.colcon_core.package_discovery:discover_packages(recursive) using defaults
[0.112s] Level 1:colcon.colcon_core.package_discovery:discover_packages(ignore) discover
[0.112s] Level 1:colcon.colcon_core.package_discovery:discover_packages(ignore) using defaults
[0.112s] Level 1:colcon.colcon_core.package_discovery:discover_packages(path) discover
[0.112s] Level 1:colcon.colcon_core.package_discovery:discover_packages(path) using defaults
[0.127s] Level 1:colcon.colcon_core.package_discovery:discover_packages(prefix_path) check parameters
[0.127s] Level 1:colcon.colcon_core.package_discovery:discover_packages(prefix_path) discover
[0.129s] DEBUG:colcon.colcon_installed_package_information.package_discovery:Found 519 installed packages in /opt/ros/jazzy
[0.129s] Level 1:colcon.colcon_core.package_discovery:discover_packages(prefix_path) using defaults
[0.158s] Level 5:colcon.colcon_core.verb:set package 'launch_api' build argument 'cmake_args' from command line to 'None'
[0.158s] Level 5:colcon.colcon_core.verb:set package 'launch_api' build argument 'cmake_target' from command line to 'None'
[0.158s] Level 5:colcon.colcon_core.verb:set package 'launch_api' build argument 'cmake_target_skip_unavailable' from command line to 'False'
[0.158s] Level 5:colcon.colcon_core.verb:set package 'launch_api' build argument 'cmake_clean_cache' from command line to 'False'
[0.158s] Level 5:colcon.colcon_core.verb:set package 'launch_api' build argument 'cmake_clean_first' from command line to 'False'
[0.158s] Level 5:colcon.colcon_core.verb:set package 'launch_api' build argument 'cmake_force_configure' from command line to 'False'
[0.158s] Level 5:colcon.colcon_core.verb:set package 'launch_api' build argument 'ament_cmake_args' from command line to 'None'
[0.158s] Level 5:colcon.colcon_core.verb:set package 'launch_api' build argument 'catkin_cmake_args' from command line to 'None'
[0.158s] Level 5:colcon.colcon_core.verb:set package 'launch_api' build argument 'catkin_skip_building_tests' from command line to 'False'
[0.158s] DEBUG:colcon.colcon_core.verb:Building package 'launch_api' with the following arguments: {'ament_cmake_args': None, 'build_base': '/home/nameless/Desktop/RoARM_Jazzy_ws/src/roarm_ws_em0_jazzy/build/launch_api', 'catkin_cmake_args': None, 'catkin_skip_building_tests': False, 'cmake_args': None, 'cmake_clean_cache': False, 'cmake_clean_first': False, 'cmake_force_configure': False, 'cmake_target': None, 'cmake_target_skip_unavailable': False, 'install_base': '/home/nameless/Desktop/RoARM_Jazzy_ws/src/roarm_ws_em0_jazzy/install/launch_api', 'merge_install': False, 'path': '/home/nameless/Desktop/RoARM_Jazzy_ws/src/roarm_ws_em0_jazzy/src/roarm_else/launch_api', 'symlink_install': True, 'test_result_base': None}
[0.158s] Level 5:colcon.colcon_core.verb:set package 'moveit_servo' build argument 'cmake_args' from command line to 'None'
[0.158s] Level 5:colcon.colcon_core.verb:set package 'moveit_servo' build argument 'cmake_target' from command line to 'None'
[0.158s] Level 5:colcon.colcon_core.verb:set package 'moveit_servo' build argument 'cmake_target_skip_unavailable' from command line to 'False'
[0.158s] Level 5:colcon.colcon_core.verb:set package 'moveit_servo' build argument 'cmake_clean_cache' from command line to 'False'
[0.158s] Level 5:colcon.colcon_core.verb:set package 'moveit_servo' build argument 'cmake_clean_first' from command line to 'False'
[0.158s] Level 5:colcon.colcon_core.verb:set package 'moveit_servo' build argument 'cmake_force_configure' from command line to 'False'
[0.158s] Level 5:colcon.colcon_core.verb:set package 'moveit_servo' build argument 'ament_cmake_args' from command line to 'None'
[0.158s] Level 5:colcon.colcon_core.verb:set package 'moveit_servo' build argument 'catkin_cmake_args' from command line to 'None'
[0.158s] Level 5:colcon.colcon_core.verb:set package 'moveit_servo' build argument 'catkin_skip_building_tests' from command line to 'False'
[0.158s] DEBUG:colcon.colcon_core.verb:Building package 'moveit_servo' with the following arguments: {'ament_cmake_args': None, 'build_base': '/home/nameless/Desktop/RoARM_Jazzy_ws/src/roarm_ws_em0_jazzy/build/moveit_servo', 'catkin_cmake_args': None, 'catkin_skip_building_tests': False, 'cmake_args': None, 'cmake_clean_cache': False, 'cmake_clean_first': False, 'cmake_force_configure': False, 'cmake_target': None, 'cmake_target_skip_unavailable': False, 'install_base': '/home/nameless/Desktop/RoARM_Jazzy_ws/src/roarm_ws_em0_jazzy/install/moveit_servo', 'merge_install': False, 'path': '/home/nameless/Desktop/RoARM_Jazzy_ws/src/roarm_ws_em0_jazzy/src/roarm_main/moveit_servo', 'symlink_install': True, 'test_result_base': None}
[0.158s] Level 5:colcon.colcon_core.verb:set package 'roarm_description' build argument 'cmake_args' from command line to 'None'
[0.158s] Level 5:colcon.colcon_core.verb:set package 'roarm_description' build argument 'cmake_target' from command line to 'None'
[0.158s] Level 5:colcon.colcon_core.verb:set package 'roarm_description' build argument 'cmake_target_skip_unavailable' from command line to 'False'
[0.158s] Level 5:colcon.colcon_core.verb:set package 'roarm_description' build argument 'cmake_clean_cache' from command line to 'False'
[0.158s] Level 5:colcon.colcon_core.verb:set package 'roarm_description' build argument 'cmake_clean_first' from command line to 'False'
[0.158s] Level 5:colcon.colcon_core.verb:set package 'roarm_description' build argument 'cmake_force_configure' from command line to 'False'
[0.158s] Level 5:colcon.colcon_core.verb:set package 'roarm_description' build argument 'ament_cmake_args' from command line to 'None'
[0.158s] Level 5:colcon.colcon_core.verb:set package 'roarm_description' build argument 'catkin_cmake_args' from command line to 'None'
[0.158s] Level 5:colcon.colcon_core.verb:set package 'roarm_description' build argument 'catkin_skip_building_tests' from command line to 'False'
[0.158s] DEBUG:colcon.colcon_core.verb:Building package 'roarm_description' with the following arguments: {'ament_cmake_args': None, 'build_base': '/home/nameless/Desktop/RoARM_Jazzy_ws/src/roarm_ws_em0_jazzy/build/roarm_description', 'catkin_cmake_args': None, 'catkin_skip_building_tests': False, 'cmake_args': None, 'cmake_clean_cache': False, 'cmake_clean_first': False, 'cmake_force_configure': False, 'cmake_target': None, 'cmake_target_skip_unavailable': False, 'install_base': '/home/nameless/Desktop/RoARM_Jazzy_ws/src/roarm_ws_em0_jazzy/install/roarm_description', 'merge_install': False, 'path': '/home/nameless/Desktop/RoARM_Jazzy_ws/src/roarm_ws_em0_jazzy/src/roarm_main/roarm_description', 'symlink_install': True, 'test_result_base': None}
[0.158s] Level 5:colcon.colcon_core.verb:set package 'roarm_driver' build argument 'cmake_args' from command line to 'None'
[0.158s] Level 5:colcon.colcon_core.verb:set package 'roarm_driver' build argument 'cmake_target' from command line to 'None'
[0.158s] Level 5:colcon.colcon_core.verb:set package 'roarm_driver' build argument 'cmake_target_skip_unavailable' from command line to 'False'
[0.158s] Level 5:colcon.colcon_core.verb:set package 'roarm_driver' build argument 'cmake_clean_cache' from command line to 'False'
[0.158s] Level 5:colcon.colcon_core.verb:set package 'roarm_driver' build argument 'cmake_clean_first' from command line to 'False'
[0.158s] Level 5:colcon.colcon_core.verb:set package 'roarm_driver' build argument 'cmake_force_configure' from command line to 'False'
[0.158s] Level 5:colcon.colcon_core.verb:set package 'roarm_driver' build argument 'ament_cmake_args' from command line to 'None'
[0.158s] Level 5:colcon.colcon_core.verb:set package 'roarm_driver' build argument 'catkin_cmake_args' from command line to 'None'
[0.158s] Level 5:colcon.colcon_core.verb:set package 'roarm_driver' build argument 'catkin_skip_building_tests' from command line to 'False'
[0.158s] DEBUG:colcon.colcon_core.verb:Building package 'roarm_driver' with the following arguments: {'ament_cmake_args': None, 'build_base': '/home/nameless/Desktop/RoARM_Jazzy_ws/src/roarm_ws_em0_jazzy/build/roarm_driver', 'catkin_cmake_args': None, 'catkin_skip_building_tests': False, 'cmake_args': None, 'cmake_clean_cache': False, 'cmake_clean_first': False, 'cmake_force_configure': False, 'cmake_target': None, 'cmake_target_skip_unavailable': False, 'install_base': '/home/nameless/Desktop/RoARM_Jazzy_ws/src/roarm_ws_em0_jazzy/install/roarm_driver', 'merge_install': False, 'path': '/home/nameless/Desktop/RoARM_Jazzy_ws/src/roarm_ws_em0_jazzy/src/roarm_main/roarm_driver', 'symlink_install': True, 'test_result_base': None}
[0.158s] Level 5:colcon.colcon_core.verb:set package 'roarm_moveit_ikfast_plugins' build argument 'cmake_args' from command line to 'None'
[0.158s] Level 5:colcon.colcon_core.verb:set package 'roarm_moveit_ikfast_plugins' build argument 'cmake_target' from command line to 'None'
[0.158s] Level 5:colcon.colcon_core.verb:set package 'roarm_moveit_ikfast_plugins' build argument 'cmake_target_skip_unavailable' from command line to 'False'
[0.159s] Level 5:colcon.colcon_core.verb:set package 'roarm_moveit_ikfast_plugins' build argument 'cmake_clean_cache' from command line to 'False'
[0.159s] Level 5:colcon.colcon_core.verb:set package 'roarm_moveit_ikfast_plugins' build argument 'cmake_clean_first' from command line to 'False'
[0.159s] Level 5:colcon.colcon_core.verb:set package 'roarm_moveit_ikfast_plugins' build argument 'cmake_force_configure' from command line to 'False'
[0.159s] Level 5:colcon.colcon_core.verb:set package 'roarm_moveit_ikfast_plugins' build argument 'ament_cmake_args' from command line to 'None'
[0.159s] Level 5:colcon.colcon_core.verb:set package 'roarm_moveit_ikfast_plugins' build argument 'catkin_cmake_args' from command line to 'None'
[0.159s] Level 5:colcon.colcon_core.verb:set package 'roarm_moveit_ikfast_plugins' build argument 'catkin_skip_building_tests' from command line to 'False'
[0.159s] DEBUG:colcon.colcon_core.verb:Building package 'roarm_moveit_ikfast_plugins' with the following arguments: {'ament_cmake_args': None, 'build_base': '/home/nameless/Desktop/RoARM_Jazzy_ws/src/roarm_ws_em0_jazzy/build/roarm_moveit_ikfast_plugins', 'catkin_cmake_args': None, 'catkin_skip_building_tests': False, 'cmake_args': None, 'cmake_clean_cache': False, 'cmake_clean_first': False, 'cmake_force_configure': False, 'cmake_target': None, 'cmake_target_skip_unavailable': False, 'install_base': '/home/nameless/Desktop/RoARM_Jazzy_ws/src/roarm_ws_em0_jazzy/install/roarm_moveit_ikfast_plugins', 'merge_install': False, 'path': '/home/nameless/Desktop/RoARM_Jazzy_ws/src/roarm_ws_em0_jazzy/src/roarm_main/roarm_moveit_ikfast_plugins', 'symlink_install': True, 'test_result_base': None}
[0.159s] Level 5:colcon.colcon_core.verb:set package 'ros2web_interfaces' build argument 'cmake_args' from command line to 'None'
[0.159s] Level 5:colcon.colcon_core.verb:set package 'ros2web_interfaces' build argument 'cmake_target' from command line to 'None'
[0.159s] Level 5:colcon.colcon_core.verb:set package 'ros2web_interfaces' build argument 'cmake_target_skip_unavailable' from command line to 'False'
[0.159s] Level 5:colcon.colcon_core.verb:set package 'ros2web_interfaces' build argument 'cmake_clean_cache' from command line to 'False'
[0.159s] Level 5:colcon.colcon_core.verb:set package 'ros2web_interfaces' build argument 'cmake_clean_first' from command line to 'False'
[0.159s] Level 5:colcon.colcon_core.verb:set package 'ros2web_interfaces' build argument 'cmake_force_configure' from command line to 'False'
[0.159s] Level 5:colcon.colcon_core.verb:set package 'ros2web_interfaces' build argument 'ament_cmake_args' from command line to 'None'
[0.159s] Level 5:colcon.colcon_core.verb:set package 'ros2web_interfaces' build argument 'catkin_cmake_args' from command line to 'None'
[0.159s] Level 5:colcon.colcon_core.verb:set package 'ros2web_interfaces' build argument 'catkin_skip_building_tests' from command line to 'False'
[0.159s] DEBUG:colcon.colcon_core.verb:Building package 'ros2web_interfaces' with the following arguments: {'ament_cmake_args': None, 'build_base': '/home/nameless/Desktop/RoARM_Jazzy_ws/src/roarm_ws_em0_jazzy/build/ros2web_interfaces', 'catkin_cmake_args': None, 'catkin_skip_building_tests': False, 'cmake_args': None, 'cmake_clean_cache': False, 'cmake_clean_first': False, 'cmake_force_configure': False, 'cmake_target': None, 'cmake_target_skip_unavailable': False, 'install_base': '/home/nameless/Desktop/RoARM_Jazzy_ws/src/roarm_ws_em0_jazzy/install/ros2web_interfaces', 'merge_install': False, 'path': '/home/nameless/Desktop/RoARM_Jazzy_ws/src/roarm_ws_em0_jazzy/src/roarm_else/ros2web-ros2/ros2web_interfaces', 'symlink_install': True, 'test_result_base': None}
[0.159s] Level 5:colcon.colcon_core.verb:set package 'roarm_moveit' build argument 'cmake_args' from command line to 'None'
[0.159s] Level 5:colcon.colcon_core.verb:set package 'roarm_moveit' build argument 'cmake_target' from command line to 'None'
[0.159s] Level 5:colcon.colcon_core.verb:set package 'roarm_moveit' build argument 'cmake_target_skip_unavailable' from command line to 'False'
[0.159s] Level 5:colcon.colcon_core.verb:set package 'roarm_moveit' build argument 'cmake_clean_cache' from command line to 'False'
[0.159s] Level 5:colcon.colcon_core.verb:set package 'roarm_moveit' build argument 'cmake_clean_first' from command line to 'False'
[0.159s] Level 5:colcon.colcon_core.verb:set package 'roarm_moveit' build argument 'cmake_force_configure' from command line to 'False'
[0.159s] Level 5:colcon.colcon_core.verb:set package 'roarm_moveit' build argument 'ament_cmake_args' from command line to 'None'
[0.159s] Level 5:colcon.colcon_core.verb:set package 'roarm_moveit' build argument 'catkin_cmake_args' from command line to 'None'
[0.159s] Level 5:colcon.colcon_core.verb:set package 'roarm_moveit' build argument 'catkin_skip_building_tests' from command line to 'False'
[0.159s] DEBUG:colcon.colcon_core.verb:Building package 'roarm_moveit' with the following arguments: {'ament_cmake_args': None, 'build_base': '/home/nameless/Desktop/RoARM_Jazzy_ws/src/roarm_ws_em0_jazzy/build/roarm_moveit', 'catkin_cmake_args': None, 'catkin_skip_building_tests': False, 'cmake_args': None, 'cmake_clean_cache': False, 'cmake_clean_first': False, 'cmake_force_configure': False, 'cmake_target': None, 'cmake_target_skip_unavailable': False, 'install_base': '/home/nameless/Desktop/RoARM_Jazzy_ws/src/roarm_ws_em0_jazzy/install/roarm_moveit', 'merge_install': False, 'path': '/home/nameless/Desktop/RoARM_Jazzy_ws/src/roarm_ws_em0_jazzy/src/roarm_main/roarm_moveit', 'symlink_install': True, 'test_result_base': None}
[0.159s] Level 5:colcon.colcon_core.verb:set package 'ros2web' build argument 'cmake_args' from command line to 'None'
[0.159s] Level 5:colcon.colcon_core.verb:set package 'ros2web' build argument 'cmake_target' from command line to 'None'
[0.159s] Level 5:colcon.colcon_core.verb:set package 'ros2web' build argument 'cmake_target_skip_unavailable' from command line to 'False'
[0.159s] Level 5:colcon.colcon_core.verb:set package 'ros2web' build argument 'cmake_clean_cache' from command line to 'False'
[0.159s] Level 5:colcon.colcon_core.verb:set package 'ros2web' build argument 'cmake_clean_first' from command line to 'False'
[0.159s] Level 5:colcon.colcon_core.verb:set package 'ros2web' build argument 'cmake_force_configure' from command line to 'False'
[0.159s] Level 5:colcon.colcon_core.verb:set package 'ros2web' build argument 'ament_cmake_args' from command line to 'None'
[0.159s] Level 5:colcon.colcon_core.verb:set package 'ros2web' build argument 'catkin_cmake_args' from command line to 'None'
[0.159s] Level 5:colcon.colcon_core.verb:set package 'ros2web' build argument 'catkin_skip_building_tests' from command line to 'False'
[0.159s] DEBUG:colcon.colcon_core.verb:Building package 'ros2web' with the following arguments: {'ament_cmake_args': None, 'build_base': '/home/nameless/Desktop/RoARM_Jazzy_ws/src/roarm_ws_em0_jazzy/build/ros2web', 'catkin_cmake_args': None, 'catkin_skip_building_tests': False, 'cmake_args': None, 'cmake_clean_cache': False, 'cmake_clean_first': False, 'cmake_force_configure': False, 'cmake_target': None, 'cmake_target_skip_unavailable': False, 'install_base': '/home/nameless/Desktop/RoARM_Jazzy_ws/src/roarm_ws_em0_jazzy/install/ros2web', 'merge_install': False, 'path': '/home/nameless/Desktop/RoARM_Jazzy_ws/src/roarm_ws_em0_jazzy/src/roarm_else/ros2web-ros2/ros2web', 'symlink_install': True, 'test_result_base': None}
[0.159s] Level 5:colcon.colcon_core.verb:set package 'roarm_moveit_cmd' build argument 'cmake_args' from command line to 'None'
[0.159s] Level 5:colcon.colcon_core.verb:set package 'roarm_moveit_cmd' build argument 'cmake_target' from command line to 'None'
[0.159s] Level 5:colcon.colcon_core.verb:set package 'roarm_moveit_cmd' build argument 'cmake_target_skip_unavailable' from command line to 'False'
[0.159s] Level 5:colcon.colcon_core.verb:set package 'roarm_moveit_cmd' build argument 'cmake_clean_cache' from command line to 'False'
[0.159s] Level 5:colcon.colcon_core.verb:set package 'roarm_moveit_cmd' build argument 'cmake_clean_first' from command line to 'False'
[0.159s] Level 5:colcon.colcon_core.verb:set package 'roarm_moveit_cmd' build argument 'cmake_force_configure' from command line to 'False'
[0.159s] Level 5:colcon.colcon_core.verb:set package 'roarm_moveit_cmd' build argument 'ament_cmake_args' from command line to 'None'
[0.159s] Level 5:colcon.colcon_core.verb:set package 'roarm_moveit_cmd' build argument 'catkin_cmake_args' from command line to 'None'
[0.159s] Level 5:colcon.colcon_core.verb:set package 'roarm_moveit_cmd' build argument 'catkin_skip_building_tests' from command line to 'False'
[0.159s] DEBUG:colcon.colcon_core.verb:Building package 'roarm_moveit_cmd' with the following arguments: {'ament_cmake_args': None, 'build_base': '/home/nameless/Desktop/RoARM_Jazzy_ws/src/roarm_ws_em0_jazzy/build/roarm_moveit_cmd', 'catkin_cmake_args': None, 'catkin_skip_building_tests': False, 'cmake_args': None, 'cmake_clean_cache': False, 'cmake_clean_first': False, 'cmake_force_configure': False, 'cmake_target': None, 'cmake_target_skip_unavailable': False, 'install_base': '/home/nameless/Desktop/RoARM_Jazzy_ws/src/roarm_ws_em0_jazzy/install/roarm_moveit_cmd', 'merge_install': False, 'path': '/home/nameless/Desktop/RoARM_Jazzy_ws/src/roarm_ws_em0_jazzy/src/roarm_main/roarm_moveit_cmd', 'symlink_install': True, 'test_result_base': None}
[0.159s] Level 5:colcon.colcon_core.verb:set package 'ros2web_app' build argument 'cmake_args' from command line to 'None'
[0.159s] Level 5:colcon.colcon_core.verb:set package 'ros2web_app' build argument 'cmake_target' from command line to 'None'
[0.159s] Level 5:colcon.colcon_core.verb:set package 'ros2web_app' build argument 'cmake_target_skip_unavailable' from command line to 'False'
[0.159s] Level 5:colcon.colcon_core.verb:set package 'ros2web_app' build argument 'cmake_clean_cache' from command line to 'False'
[0.159s] Level 5:colcon.colcon_core.verb:set package 'ros2web_app' build argument 'cmake_clean_first' from command line to 'False'
[0.159s] Level 5:colcon.colcon_core.verb:set package 'ros2web_app' build argument 'cmake_force_configure' from command line to 'False'
[0.159s] Level 5:colcon.colcon_core.verb:set package 'ros2web_app' build argument 'ament_cmake_args' from command line to 'None'
[0.159s] Level 5:colcon.colcon_core.verb:set package 'ros2web_app' build argument 'catkin_cmake_args' from command line to 'None'
[0.159s] Level 5:colcon.colcon_core.verb:set package 'ros2web_app' build argument 'catkin_skip_building_tests' from command line to 'False'
[0.159s] DEBUG:colcon.colcon_core.verb:Building package 'ros2web_app' with the following arguments: {'ament_cmake_args': None, 'build_base': '/home/nameless/Desktop/RoARM_Jazzy_ws/src/roarm_ws_em0_jazzy/build/ros2web_app', 'catkin_cmake_args': None, 'catkin_skip_building_tests': False, 'cmake_args': None, 'cmake_clean_cache': False, 'cmake_clean_first': False, 'cmake_force_configure': False, 'cmake_target': None, 'cmake_target_skip_unavailable': False, 'install_base': '/home/nameless/Desktop/RoARM_Jazzy_ws/src/roarm_ws_em0_jazzy/install/ros2web_app', 'merge_install': False, 'path': '/home/nameless/Desktop/RoARM_Jazzy_ws/src/roarm_ws_em0_jazzy/src/roarm_else/ros2web_app/ros2web_app', 'symlink_install': True, 'test_result_base': None}
[0.159s] Level 5:colcon.colcon_core.verb:set package 'ros2web_example_py' build argument 'cmake_args' from command line to 'None'
[0.159s] Level 5:colcon.colcon_core.verb:set package 'ros2web_example_py' build argument 'cmake_target' from command line to 'None'
[0.159s] Level 5:colcon.colcon_core.verb:set package 'ros2web_example_py' build argument 'cmake_target_skip_unavailable' from command line to 'False'
[0.159s] Level 5:colcon.colcon_core.verb:set package 'ros2web_example_py' build argument 'cmake_clean_cache' from command line to 'False'
[0.159s] Level 5:colcon.colcon_core.verb:set package 'ros2web_example_py' build argument 'cmake_clean_first' from command line to 'False'
[0.159s] Level 5:colcon.colcon_core.verb:set package 'ros2web_example_py' build argument 'cmake_force_configure' from command line to 'False'
[0.159s] Level 5:colcon.colcon_core.verb:set package 'ros2web_example_py' build argument 'ament_cmake_args' from command line to 'None'
[0.159s] Level 5:colcon.colcon_core.verb:set package 'ros2web_example_py' build argument 'catkin_cmake_args' from command line to 'None'
[0.159s] Level 5:colcon.colcon_core.verb:set package 'ros2web_example_py' build argument 'catkin_skip_building_tests' from command line to 'False'
[0.159s] DEBUG:colcon.colcon_core.verb:Building package 'ros2web_example_py' with the following arguments: {'ament_cmake_args': None, 'build_base': '/home/nameless/Desktop/RoARM_Jazzy_ws/src/roarm_ws_em0_jazzy/build/ros2web_example_py', 'catkin_cmake_args': None, 'catkin_skip_building_tests': False, 'cmake_args': None, 'cmake_clean_cache': False, 'cmake_clean_first': False, 'cmake_force_configure': False, 'cmake_target': None, 'cmake_target_skip_unavailable': False, 'install_base': '/home/nameless/Desktop/RoARM_Jazzy_ws/src/roarm_ws_em0_jazzy/install/ros2web_example_py', 'merge_install': False, 'path': '/home/nameless/Desktop/RoARM_Jazzy_ws/src/roarm_ws_em0_jazzy/src/roarm_else/ros2web-ros2/examples/ros2web_example_py', 'symlink_install': True, 'test_result_base': None}
[0.160s] Level 5:colcon.colcon_core.verb:set package 'roarm_web_app' build argument 'cmake_args' from command line to 'None'
[0.160s] Level 5:colcon.colcon_core.verb:set package 'roarm_web_app' build argument 'cmake_target' from command line to 'None'
[0.160s] Level 5:colcon.colcon_core.verb:set package 'roarm_web_app' build argument 'cmake_target_skip_unavailable' from command line to 'False'
[0.160s] Level 5:colcon.colcon_core.verb:set package 'roarm_web_app' build argument 'cmake_clean_cache' from command line to 'False'
[0.160s] Level 5:colcon.colcon_core.verb:set package 'roarm_web_app' build argument 'cmake_clean_first' from command line to 'False'
[0.160s] Level 5:colcon.colcon_core.verb:set package 'roarm_web_app' build argument 'cmake_force_configure' from command line to 'False'
[0.160s] Level 5:colcon.colcon_core.verb:set package 'roarm_web_app' build argument 'ament_cmake_args' from command line to 'None'
[0.160s] Level 5:colcon.colcon_core.verb:set package 'roarm_web_app' build argument 'catkin_cmake_args' from command line to 'None'
[0.160s] Level 5:colcon.colcon_core.verb:set package 'roarm_web_app' build argument 'catkin_skip_building_tests' from command line to 'False'
[0.160s] DEBUG:colcon.colcon_core.verb:Building package 'roarm_web_app' with the following arguments: {'ament_cmake_args': None, 'build_base': '/home/nameless/Desktop/RoARM_Jazzy_ws/src/roarm_ws_em0_jazzy/build/roarm_web_app', 'catkin_cmake_args': None, 'catkin_skip_building_tests': False, 'cmake_args': None, 'cmake_clean_cache': False, 'cmake_clean_first': False, 'cmake_force_configure': False, 'cmake_target': None, 'cmake_target_skip_unavailable': False, 'install_base': '/home/nameless/Desktop/RoARM_Jazzy_ws/src/roarm_ws_em0_jazzy/install/roarm_web_app', 'merge_install': False, 'path': '/home/nameless/Desktop/RoARM_Jazzy_ws/src/roarm_ws_em0_jazzy/src/roarm_main/roarm_web_app', 'symlink_install': True, 'test_result_base': None}
[0.160s] Level 5:colcon.colcon_core.verb:set package 'ros2web_widgets' build argument 'cmake_args' from command line to 'None'
[0.160s] Level 5:colcon.colcon_core.verb:set package 'ros2web_widgets' build argument 'cmake_target' from command line to 'None'
[0.160s] Level 5:colcon.colcon_core.verb:set package 'ros2web_widgets' build argument 'cmake_target_skip_unavailable' from command line to 'False'
[0.160s] Level 5:colcon.colcon_core.verb:set package 'ros2web_widgets' build argument 'cmake_clean_cache' from command line to 'False'
[0.160s] Level 5:colcon.colcon_core.verb:set package 'ros2web_widgets' build argument 'cmake_clean_first' from command line to 'False'
[0.160s] Level 5:colcon.colcon_core.verb:set package 'ros2web_widgets' build argument 'cmake_force_configure' from command line to 'False'
[0.160s] Level 5:colcon.colcon_core.verb:set package 'ros2web_widgets' build argument 'ament_cmake_args' from command line to 'None'
[0.160s] Level 5:colcon.colcon_core.verb:set package 'ros2web_widgets' build argument 'catkin_cmake_args' from command line to 'None'
[0.160s] Level 5:colcon.colcon_core.verb:set package 'ros2web_widgets' build argument 'catkin_skip_building_tests' from command line to 'False'
[0.160s] DEBUG:colcon.colcon_core.verb:Building package 'ros2web_widgets' with the following arguments: {'ament_cmake_args': None, 'build_base': '/home/nameless/Desktop/RoARM_Jazzy_ws/src/roarm_ws_em0_jazzy/build/ros2web_widgets', 'catkin_cmake_args': None, 'catkin_skip_building_tests': False, 'cmake_args': None, 'cmake_clean_cache': False, 'cmake_clean_first': False, 'cmake_force_configure': False, 'cmake_target': None, 'cmake_target_skip_unavailable': False, 'install_base': '/home/nameless/Desktop/RoARM_Jazzy_ws/src/roarm_ws_em0_jazzy/install/ros2web_widgets', 'merge_install': False, 'path': '/home/nameless/Desktop/RoARM_Jazzy_ws/src/roarm_ws_em0_jazzy/src/roarm_else/ros2web_app/examples/ros2web_widgets', 'symlink_install': True, 'test_result_base': None}
[0.160s] INFO:colcon.colcon_core.executor:Executing jobs using 'parallel' executor
[0.160s] DEBUG:colcon.colcon_parallel_executor.executor.parallel:run_until_complete
[0.161s] INFO:colcon.colcon_ros.task.ament_cmake.build:Building ROS package in '/home/nameless/Desktop/RoARM_Jazzy_ws/src/roarm_ws_em0_jazzy/src/roarm_else/ros2web-ros2/ros2web_interfaces' with build type 'ament_cmake'
[0.161s] INFO:colcon.colcon_cmake.task.cmake.build:Building CMake package in '/home/nameless/Desktop/RoARM_Jazzy_ws/src/roarm_ws_em0_jazzy/src/roarm_else/ros2web-ros2/ros2web_interfaces'
[0.162s] INFO:colcon.colcon_core.plugin_system:Skipping extension 'colcon_core.shell.bat': Not used on non-Windows systems
[0.163s] INFO:colcon.colcon_core.shell:Skip shell extension 'powershell' for command environment: Not usable outside of PowerShell
[0.163s] DEBUG:colcon.colcon_core.shell:Skip shell extension 'dsv' for command environment
[0.165s] INFO:colcon.colcon_ros.task.ament_cmake.build:Building ROS package in '/home/nameless/Desktop/RoARM_Jazzy_ws/src/roarm_ws_em0_jazzy/src/roarm_main/roarm_description' with build type 'ament_cmake'
[0.165s] INFO:colcon.colcon_cmake.task.cmake.build:Building CMake package in '/home/nameless/Desktop/RoARM_Jazzy_ws/src/roarm_ws_em0_jazzy/src/roarm_main/roarm_description'
[0.165s] INFO:colcon.colcon_core.shell:Skip shell extension 'powershell' for command environment: Not usable outside of PowerShell
[0.165s] DEBUG:colcon.colcon_core.shell:Skip shell extension 'dsv' for command environment
[0.167s] INFO:colcon.colcon_ros.task.ament_cmake.build:Building ROS package in '/home/nameless/Desktop/RoARM_Jazzy_ws/src/roarm_ws_em0_jazzy/src/roarm_main/moveit_servo' with build type 'ament_cmake'
[0.167s] INFO:colcon.colcon_cmake.task.cmake.build:Building CMake package in '/home/nameless/Desktop/RoARM_Jazzy_ws/src/roarm_ws_em0_jazzy/src/roarm_main/moveit_servo'
[0.167s] INFO:colcon.colcon_core.shell:Skip shell extension 'powershell' for command environment: Not usable outside of PowerShell
[0.167s] DEBUG:colcon.colcon_core.shell:Skip shell extension 'dsv' for command environment
[0.168s] INFO:colcon.colcon_ros.task.ament_python.build:Building ROS package in '/home/nameless/Desktop/RoARM_Jazzy_ws/src/roarm_ws_em0_jazzy/src/roarm_else/launch_api' with build type 'ament_python'
[0.168s] Level 1:colcon.colcon_core.shell:create_environment_hook('launch_api', 'ament_prefix_path')
[0.169s] INFO:colcon.colcon_core.shell:Creating environment hook '/home/nameless/Desktop/RoARM_Jazzy_ws/src/roarm_ws_em0_jazzy/install/launch_api/share/launch_api/hook/ament_prefix_path.ps1'
[0.169s] INFO:colcon.colcon_core.shell:Creating environment descriptor '/home/nameless/Desktop/RoARM_Jazzy_ws/src/roarm_ws_em0_jazzy/install/launch_api/share/launch_api/hook/ament_prefix_path.dsv'
[0.169s] INFO:colcon.colcon_core.shell:Creating environment hook '/home/nameless/Desktop/RoARM_Jazzy_ws/src/roarm_ws_em0_jazzy/install/launch_api/share/launch_api/hook/ament_prefix_path.sh'
[0.169s] INFO:colcon.colcon_core.shell:Skip shell extension 'powershell' for command environment: Not usable outside of PowerShell
[0.169s] DEBUG:colcon.colcon_core.shell:Skip shell extension 'dsv' for command environment
[0.171s] INFO:colcon.colcon_ros.task.ament_python.build:Building ROS package in '/home/nameless/Desktop/RoARM_Jazzy_ws/src/roarm_ws_em0_jazzy/src/roarm_main/roarm_driver' with build type 'ament_python'
[0.171s] Level 1:colcon.colcon_core.shell:create_environment_hook('roarm_driver', 'ament_prefix_path')
[0.171s] INFO:colcon.colcon_core.shell:Creating environment hook '/home/nameless/Desktop/RoARM_Jazzy_ws/src/roarm_ws_em0_jazzy/install/roarm_driver/share/roarm_driver/hook/ament_prefix_path.ps1'
[0.171s] INFO:colcon.colcon_core.shell:Creating environment descriptor '/home/nameless/Desktop/RoARM_Jazzy_ws/src/roarm_ws_em0_jazzy/install/roarm_driver/share/roarm_driver/hook/ament_prefix_path.dsv'
[0.171s] INFO:colcon.colcon_core.shell:Creating environment hook '/home/nameless/Desktop/RoARM_Jazzy_ws/src/roarm_ws_em0_jazzy/install/roarm_driver/share/roarm_driver/hook/ament_prefix_path.sh'
[0.172s] INFO:colcon.colcon_core.shell:Skip shell extension 'powershell' for command environment: Not usable outside of PowerShell
[0.172s] DEBUG:colcon.colcon_core.shell:Skip shell extension 'dsv' for command environment
[0.173s] INFO:colcon.colcon_ros.task.ament_cmake.build:Building ROS package in '/home/nameless/Desktop/RoARM_Jazzy_ws/src/roarm_ws_em0_jazzy/src/roarm_main/roarm_moveit_ikfast_plugins' with build type 'ament_cmake'
[0.173s] INFO:colcon.colcon_cmake.task.cmake.build:Building CMake package in '/home/nameless/Desktop/RoARM_Jazzy_ws/src/roarm_ws_em0_jazzy/src/roarm_main/roarm_moveit_ikfast_plugins'
[0.173s] INFO:colcon.colcon_core.shell:Skip shell extension 'powershell' for command environment: Not usable outside of PowerShell
[0.173s] DEBUG:colcon.colcon_core.shell:Skip shell extension 'dsv' for command environment
[0.177s] DEBUG:colcon.colcon_core.event_handler.log_command:Invoking command in '/home/nameless/Desktop/RoARM_Jazzy_ws/src/roarm_ws_em0_jazzy/build/ros2web_interfaces': CMAKE_PREFIX_PATH=${CMAKE_PREFIX_PATH}:/opt/ros/jazzy DEBUGINFOD_URLS=https://debuginfod.ubuntu.com /usr/bin/cmake /home/nameless/Desktop/RoARM_Jazzy_ws/src/roarm_ws_em0_jazzy/src/roarm_else/ros2web-ros2/ros2web_interfaces -DAMENT_CMAKE_SYMLINK_INSTALL=1 -DCMAKE_INSTALL_PREFIX=/home/nameless/Desktop/RoARM_Jazzy_ws/src/roarm_ws_em0_jazzy/install/ros2web_interfaces
[0.179s] DEBUG:colcon.colcon_core.event_handler.log_command:Invoking command in '/home/nameless/Desktop/RoARM_Jazzy_ws/src/roarm_ws_em0_jazzy/build/roarm_description': CMAKE_PREFIX_PATH=${CMAKE_PREFIX_PATH}:/opt/ros/jazzy DEBUGINFOD_URLS=https://debuginfod.ubuntu.com /usr/bin/cmake /home/nameless/Desktop/RoARM_Jazzy_ws/src/roarm_ws_em0_jazzy/src/roarm_main/roarm_description -DAMENT_CMAKE_SYMLINK_INSTALL=1 -DCMAKE_INSTALL_PREFIX=/home/nameless/Desktop/RoARM_Jazzy_ws/src/roarm_ws_em0_jazzy/install/roarm_description
[0.180s] DEBUG:colcon.colcon_core.event_handler.log_command:Invoking command in '/home/nameless/Desktop/RoARM_Jazzy_ws/src/roarm_ws_em0_jazzy/build/moveit_servo': CMAKE_PREFIX_PATH=${CMAKE_PREFIX_PATH}:/opt/ros/jazzy DEBUGINFOD_URLS=https://debuginfod.ubuntu.com /usr/bin/cmake /home/nameless/Desktop/RoARM_Jazzy_ws/src/roarm_ws_em0_jazzy/src/roarm_main/moveit_servo -DAMENT_CMAKE_SYMLINK_INSTALL=1 -DCMAKE_INSTALL_PREFIX=/home/nameless/Desktop/RoARM_Jazzy_ws/src/roarm_ws_em0_jazzy/install/moveit_servo
[0.305s] INFO:colcon.colcon_core.task.python.build:Building Python package in '/home/nameless/Desktop/RoARM_Jazzy_ws/src/roarm_ws_em0_jazzy/src/roarm_else/launch_api'
[0.305s] INFO:colcon.colcon_core.shell:Skip shell extension 'powershell' for command environment: Not usable outside of PowerShell
[0.305s] DEBUG:colcon.colcon_core.shell:Skip shell extension 'dsv' for command environment
[0.417s] INFO:colcon.colcon_core.task.python.build:Building Python package in '/home/nameless/Desktop/RoARM_Jazzy_ws/src/roarm_ws_em0_jazzy/src/roarm_main/roarm_driver'
[0.418s] INFO:colcon.colcon_core.shell:Skip shell extension 'powershell' for command environment: Not usable outside of PowerShell
[0.418s] DEBUG:colcon.colcon_core.shell:Skip shell extension 'dsv' for command environment
[0.422s] DEBUG:colcon.colcon_core.event_handler.log_command:Invoking command in '/home/nameless/Desktop/RoARM_Jazzy_ws/src/roarm_ws_em0_jazzy/build/roarm_moveit_ikfast_plugins': CMAKE_PREFIX_PATH=${CMAKE_PREFIX_PATH}:/opt/ros/jazzy DEBUGINFOD_URLS=https://debuginfod.ubuntu.com /usr/bin/cmake /home/nameless/Desktop/RoARM_Jazzy_ws/src/roarm_ws_em0_jazzy/src/roarm_main/roarm_moveit_ikfast_plugins -DAMENT_CMAKE_SYMLINK_INSTALL=1 -DCMAKE_INSTALL_PREFIX=/home/nameless/Desktop/RoARM_Jazzy_ws/src/roarm_ws_em0_jazzy/install/roarm_moveit_ikfast_plugins
[0.698s] DEBUG:colcon.colcon_core.event_handler.log_command:Invoked command in '/home/nameless/Desktop/RoARM_Jazzy_ws/src/roarm_ws_em0_jazzy/build/roarm_description' returned '0': CMAKE_PREFIX_PATH=${CMAKE_PREFIX_PATH}:/opt/ros/jazzy DEBUGINFOD_URLS=https://debuginfod.ubuntu.com /usr/bin/cmake /home/nameless/Desktop/RoARM_Jazzy_ws/src/roarm_ws_em0_jazzy/src/roarm_main/roarm_description -DAMENT_CMAKE_SYMLINK_INSTALL=1 -DCMAKE_INSTALL_PREFIX=/home/nameless/Desktop/RoARM_Jazzy_ws/src/roarm_ws_em0_jazzy/install/roarm_description
[0.698s] DEBUG:colcon.colcon_core.event_handler.log_command:Invoking command in '/home/nameless/Desktop/RoARM_Jazzy_ws/src/roarm_ws_em0_jazzy/build/roarm_description': CMAKE_PREFIX_PATH=${CMAKE_PREFIX_PATH}:/opt/ros/jazzy DEBUGINFOD_URLS=https://debuginfod.ubuntu.com /usr/bin/cmake --build /home/nameless/Desktop/RoARM_Jazzy_ws/src/roarm_ws_em0_jazzy/build/roarm_description -- -j24 -l24
[0.712s] DEBUG:colcon.colcon_core.event_handler.log_command:Invoking command in '/home/nameless/Desktop/RoARM_Jazzy_ws/src/roarm_ws_em0_jazzy/build/roarm_driver': DEBUGINFOD_URLS=https://debuginfod.ubuntu.com PYTHONPATH=/home/nameless/Desktop/RoARM_Jazzy_ws/src/roarm_ws_em0_jazzy/build/roarm_driver/prefix_override:/usr/lib/python3/dist-packages/colcon_core/task/python/colcon_distutils_commands:/home/nameless/Desktop/RoARM_Jazzy_ws/src/roarm_ws_em0_jazzy/install/roarm_driver/lib/python3.12/site-packages:${PYTHONPATH} /usr/bin/python3 -W ignore:setup.py install is deprecated -W ignore:easy_install command is deprecated setup.py develop --editable --build-directory /home/nameless/Desktop/RoARM_Jazzy_ws/src/roarm_ws_em0_jazzy/build/roarm_driver/build --no-deps symlink_data
[0.713s] DEBUG:colcon.colcon_core.event_handler.log_command:Invoking command in '/home/nameless/Desktop/RoARM_Jazzy_ws/src/roarm_ws_em0_jazzy/build/launch_api': DEBUGINFOD_URLS=https://debuginfod.ubuntu.com PYTHONPATH=/home/nameless/Desktop/RoARM_Jazzy_ws/src/roarm_ws_em0_jazzy/build/launch_api/prefix_override:/usr/lib/python3/dist-packages/colcon_core/task/python/colcon_distutils_commands:/home/nameless/Desktop/RoARM_Jazzy_ws/src/roarm_ws_em0_jazzy/install/launch_api/lib/python3.12/site-packages:${PYTHONPATH} /usr/bin/python3 -W ignore:setup.py install is deprecated -W ignore:easy_install command is deprecated setup.py develop --editable --build-directory /home/nameless/Desktop/RoARM_Jazzy_ws/src/roarm_ws_em0_jazzy/build/launch_api/build --no-deps symlink_data
[0.729s] DEBUG:colcon.colcon_core.event_handler.log_command:Invoked command in '/home/nameless/Desktop/RoARM_Jazzy_ws/src/roarm_ws_em0_jazzy/build/roarm_description' returned '0': CMAKE_PREFIX_PATH=${CMAKE_PREFIX_PATH}:/opt/ros/jazzy DEBUGINFOD_URLS=https://debuginfod.ubuntu.com /usr/bin/cmake --build /home/nameless/Desktop/RoARM_Jazzy_ws/src/roarm_ws_em0_jazzy/build/roarm_description -- -j24 -l24
[0.736s] DEBUG:colcon.colcon_core.event_handler.log_command:Invoking command in '/home/nameless/Desktop/RoARM_Jazzy_ws/src/roarm_ws_em0_jazzy/build/roarm_description': CMAKE_PREFIX_PATH=${CMAKE_PREFIX_PATH}:/opt/ros/jazzy DEBUGINFOD_URLS=https://debuginfod.ubuntu.com /usr/bin/cmake --install /home/nameless/Desktop/RoARM_Jazzy_ws/src/roarm_ws_em0_jazzy/build/roarm_description
[0.885s] Level 1:colcon.colcon_core.environment:create_environment_scripts_only(roarm_description)
[0.886s] DEBUG:colcon.colcon_core.event_handler.log_command:Invoked command in '/home/nameless/Desktop/RoARM_Jazzy_ws/src/roarm_ws_em0_jazzy/build/roarm_description' returned '0': CMAKE_PREFIX_PATH=${CMAKE_PREFIX_PATH}:/opt/ros/jazzy DEBUGINFOD_URLS=https://debuginfod.ubuntu.com /usr/bin/cmake --install /home/nameless/Desktop/RoARM_Jazzy_ws/src/roarm_ws_em0_jazzy/build/roarm_description
[0.890s] Level 1:colcon.colcon_core.environment:checking '/home/nameless/Desktop/RoARM_Jazzy_ws/src/roarm_ws_em0_jazzy/install/roarm_description' for CMake module files
[0.890s] Level 1:colcon.colcon_core.environment:checking '/home/nameless/Desktop/RoARM_Jazzy_ws/src/roarm_ws_em0_jazzy/install/roarm_description' for CMake config files
[0.891s] Level 1:colcon.colcon_core.shell:create_environment_hook('roarm_description', 'cmake_prefix_path')
[0.891s] INFO:colcon.colcon_core.shell:Creating environment hook '/home/nameless/Desktop/RoARM_Jazzy_ws/src/roarm_ws_em0_jazzy/install/roarm_description/share/roarm_description/hook/cmake_prefix_path.ps1'
[0.891s] INFO:colcon.colcon_core.shell:Creating environment descriptor '/home/nameless/Desktop/RoARM_Jazzy_ws/src/roarm_ws_em0_jazzy/install/roarm_description/share/roarm_description/hook/cmake_prefix_path.dsv'
[0.892s] INFO:colcon.colcon_core.shell:Creating environment hook '/home/nameless/Desktop/RoARM_Jazzy_ws/src/roarm_ws_em0_jazzy/install/roarm_description/share/roarm_description/hook/cmake_prefix_path.sh'
[0.892s] Level 1:colcon.colcon_core.environment:checking '/home/nameless/Desktop/RoARM_Jazzy_ws/src/roarm_ws_em0_jazzy/install/roarm_description/bin'
[0.892s] Level 1:colcon.colcon_core.environment:checking '/home/nameless/Desktop/RoARM_Jazzy_ws/src/roarm_ws_em0_jazzy/install/roarm_description/lib/pkgconfig/roarm_description.pc'
[0.892s] Level 1:colcon.colcon_core.environment:checking '/home/nameless/Desktop/RoARM_Jazzy_ws/src/roarm_ws_em0_jazzy/install/roarm_description/lib/python3.12/site-packages'
[0.893s] Level 1:colcon.colcon_core.environment:checking '/home/nameless/Desktop/RoARM_Jazzy_ws/src/roarm_ws_em0_jazzy/install/roarm_description/bin'
[0.893s] INFO:colcon.colcon_core.shell:Creating package script '/home/nameless/Desktop/RoARM_Jazzy_ws/src/roarm_ws_em0_jazzy/install/roarm_description/share/roarm_description/package.ps1'
[0.893s] INFO:colcon.colcon_core.shell:Creating package descriptor '/home/nameless/Desktop/RoARM_Jazzy_ws/src/roarm_ws_em0_jazzy/install/roarm_description/share/roarm_description/package.dsv'
[0.894s] INFO:colcon.colcon_core.shell:Creating package script '/home/nameless/Desktop/RoARM_Jazzy_ws/src/roarm_ws_em0_jazzy/install/roarm_description/share/roarm_description/package.sh'
[0.894s] INFO:colcon.colcon_core.shell:Creating package script '/home/nameless/Desktop/RoARM_Jazzy_ws/src/roarm_ws_em0_jazzy/install/roarm_description/share/roarm_description/package.bash'
[0.895s] INFO:colcon.colcon_core.shell:Creating package script '/home/nameless/Desktop/RoARM_Jazzy_ws/src/roarm_ws_em0_jazzy/install/roarm_description/share/roarm_description/package.zsh'
[0.895s] Level 1:colcon.colcon_core.environment:create_file_with_runtime_dependencies(/home/nameless/Desktop/RoARM_Jazzy_ws/src/roarm_ws_em0_jazzy/install/roarm_description/share/colcon-core/packages/roarm_description)
[0.896s] Level 1:colcon.colcon_core.environment:create_environment_scripts_only(roarm_description)
[0.896s] Level 1:colcon.colcon_core.environment:checking '/home/nameless/Desktop/RoARM_Jazzy_ws/src/roarm_ws_em0_jazzy/install/roarm_description' for CMake module files
[0.897s] Level 1:colcon.colcon_core.environment:checking '/home/nameless/Desktop/RoARM_Jazzy_ws/src/roarm_ws_em0_jazzy/install/roarm_description' for CMake config files
[0.897s] Level 1:colcon.colcon_core.shell:create_environment_hook('roarm_description', 'cmake_prefix_path')
[0.897s] INFO:colcon.colcon_core.shell:Creating environment hook '/home/nameless/Desktop/RoARM_Jazzy_ws/src/roarm_ws_em0_jazzy/install/roarm_description/share/roarm_description/hook/cmake_prefix_path.ps1'
[0.897s] INFO:colcon.colcon_core.shell:Creating environment descriptor '/home/nameless/Desktop/RoARM_Jazzy_ws/src/roarm_ws_em0_jazzy/install/roarm_description/share/roarm_description/hook/cmake_prefix_path.dsv'
[0.897s] INFO:colcon.colcon_core.shell:Creating environment hook '/home/nameless/Desktop/RoARM_Jazzy_ws/src/roarm_ws_em0_jazzy/install/roarm_description/share/roarm_description/hook/cmake_prefix_path.sh'
[0.898s] Level 1:colcon.colcon_core.environment:checking '/home/nameless/Desktop/RoARM_Jazzy_ws/src/roarm_ws_em0_jazzy/install/roarm_description/bin'
[0.898s] Level 1:colcon.colcon_core.environment:checking '/home/nameless/Desktop/RoARM_Jazzy_ws/src/roarm_ws_em0_jazzy/install/roarm_description/lib/pkgconfig/roarm_description.pc'
[0.898s] Level 1:colcon.colcon_core.environment:checking '/home/nameless/Desktop/RoARM_Jazzy_ws/src/roarm_ws_em0_jazzy/install/roarm_description/lib/python3.12/site-packages'
[0.898s] Level 1:colcon.colcon_core.environment:checking '/home/nameless/Desktop/RoARM_Jazzy_ws/src/roarm_ws_em0_jazzy/install/roarm_description/bin'
[0.898s] INFO:colcon.colcon_core.shell:Creating package script '/home/nameless/Desktop/RoARM_Jazzy_ws/src/roarm_ws_em0_jazzy/install/roarm_description/share/roarm_description/package.ps1'
[0.899s] INFO:colcon.colcon_core.shell:Creating package descriptor '/home/nameless/Desktop/RoARM_Jazzy_ws/src/roarm_ws_em0_jazzy/install/roarm_description/share/roarm_description/package.dsv'
[0.899s] INFO:colcon.colcon_core.shell:Creating package script '/home/nameless/Desktop/RoARM_Jazzy_ws/src/roarm_ws_em0_jazzy/install/roarm_description/share/roarm_description/package.sh'
[0.899s] INFO:colcon.colcon_core.shell:Creating package script '/home/nameless/Desktop/RoARM_Jazzy_ws/src/roarm_ws_em0_jazzy/install/roarm_description/share/roarm_description/package.bash'
[0.899s] INFO:colcon.colcon_core.shell:Creating package script '/home/nameless/Desktop/RoARM_Jazzy_ws/src/roarm_ws_em0_jazzy/install/roarm_description/share/roarm_description/package.zsh'
[0.900s] Level 1:colcon.colcon_core.environment:create_file_with_runtime_dependencies(/home/nameless/Desktop/RoARM_Jazzy_ws/src/roarm_ws_em0_jazzy/install/roarm_description/share/colcon-core/packages/roarm_description)
[0.900s] INFO:colcon.colcon_ros.task.ament_cmake.build:Building ROS package in '/home/nameless/Desktop/RoARM_Jazzy_ws/src/roarm_ws_em0_jazzy/src/roarm_main/roarm_moveit' with build type 'ament_cmake'
[0.900s] INFO:colcon.colcon_cmake.task.cmake.build:Building CMake package in '/home/nameless/Desktop/RoARM_Jazzy_ws/src/roarm_ws_em0_jazzy/src/roarm_main/roarm_moveit'
[0.900s] INFO:colcon.colcon_core.shell:Skip shell extension 'powershell' for command environment: Not usable outside of PowerShell
[0.900s] DEBUG:colcon.colcon_core.shell:Skip shell extension 'dsv' for command environment
[0.906s] DEBUG:colcon.colcon_core.event_handler.log_command:Invoking command in '/home/nameless/Desktop/RoARM_Jazzy_ws/src/roarm_ws_em0_jazzy/build/roarm_moveit': AMENT_PREFIX_PATH=/home/nameless/Desktop/RoARM_Jazzy_ws/src/roarm_ws_em0_jazzy/install/roarm_description:${AMENT_PREFIX_PATH} CMAKE_PREFIX_PATH=/home/nameless/Desktop/RoARM_Jazzy_ws/src/roarm_ws_em0_jazzy/install/roarm_description:/opt/ros/jazzy/opt/gz_sim_vendor:/opt/ros/jazzy/opt/gz_sensors_vendor:/opt/ros/jazzy/opt/gz_physics_vendor:/opt/ros/jazzy/opt/sdformat_vendor:/opt/ros/jazzy/opt/gz_gui_vendor:/opt/ros/jazzy/opt/gz_transport_vendor:/opt/ros/jazzy/opt/gz_rendering_vendor:/opt/ros/jazzy/opt/gz_plugin_vendor:/opt/ros/jazzy/opt/gz_fuel_tools_vendor:/opt/ros/jazzy/opt/gz_msgs_vendor:/opt/ros/jazzy/opt/gz_common_vendor:/opt/ros/jazzy/opt/gz_math_vendor:/opt/ros/jazzy/opt/gz_utils_vendor:/opt/ros/jazzy/opt/gz_tools_vendor:/opt/ros/jazzy/opt/gz_ogre_next_vendor:/opt/ros/jazzy/opt/gz_dartsim_vendor:/opt/ros/jazzy/opt/gz_cmake_vendor:/opt/ros/jazzy DEBUGINFOD_URLS=https://debuginfod.ubuntu.com /usr/bin/cmake /home/nameless/Desktop/RoARM_Jazzy_ws/src/roarm_ws_em0_jazzy/src/roarm_main/roarm_moveit -DAMENT_CMAKE_SYMLINK_INSTALL=1 -DCMAKE_INSTALL_PREFIX=/home/nameless/Desktop/RoARM_Jazzy_ws/src/roarm_ws_em0_jazzy/install/roarm_moveit
[1.004s] Level 1:colcon.colcon_core.shell:create_environment_hook('roarm_driver', 'pythonpath_develop')
[1.005s] INFO:colcon.colcon_core.shell:Creating environment hook '/home/nameless/Desktop/RoARM_Jazzy_ws/src/roarm_ws_em0_jazzy/build/roarm_driver/share/roarm_driver/hook/pythonpath_develop.ps1'
[1.005s] DEBUG:colcon.colcon_core.event_handler.log_command:Invoked command in '/home/nameless/Desktop/RoARM_Jazzy_ws/src/roarm_ws_em0_jazzy/build/roarm_driver' returned '0': DEBUGINFOD_URLS=https://debuginfod.ubuntu.com PYTHONPATH=/home/nameless/Desktop/RoARM_Jazzy_ws/src/roarm_ws_em0_jazzy/build/roarm_driver/prefix_override:/usr/lib/python3/dist-packages/colcon_core/task/python/colcon_distutils_commands:/home/nameless/Desktop/RoARM_Jazzy_ws/src/roarm_ws_em0_jazzy/install/roarm_driver/lib/python3.12/site-packages:${PYTHONPATH} /usr/bin/python3 -W ignore:setup.py install is deprecated -W ignore:easy_install command is deprecated setup.py develop --editable --build-directory /home/nameless/Desktop/RoARM_Jazzy_ws/src/roarm_ws_em0_jazzy/build/roarm_driver/build --no-deps symlink_data
[1.005s] INFO:colcon.colcon_core.shell:Creating environment descriptor '/home/nameless/Desktop/RoARM_Jazzy_ws/src/roarm_ws_em0_jazzy/build/roarm_driver/share/roarm_driver/hook/pythonpath_develop.dsv'
[1.006s] INFO:colcon.colcon_core.shell:Creating environment hook '/home/nameless/Desktop/RoARM_Jazzy_ws/src/roarm_ws_em0_jazzy/build/roarm_driver/share/roarm_driver/hook/pythonpath_develop.sh'
[1.007s] Level 1:colcon.colcon_core.environment:checking '/home/nameless/Desktop/RoARM_Jazzy_ws/src/roarm_ws_em0_jazzy/install/roarm_driver' for CMake module files
[1.007s] Level 1:colcon.colcon_core.environment:checking '/home/nameless/Desktop/RoARM_Jazzy_ws/src/roarm_ws_em0_jazzy/install/roarm_driver' for CMake config files
[1.008s] Level 1:colcon.colcon_core.environment:checking '/home/nameless/Desktop/RoARM_Jazzy_ws/src/roarm_ws_em0_jazzy/install/roarm_driver/lib'
[1.008s] Level 1:colcon.colcon_core.environment:checking '/home/nameless/Desktop/RoARM_Jazzy_ws/src/roarm_ws_em0_jazzy/install/roarm_driver/bin'
[1.008s] Level 1:colcon.colcon_core.environment:checking '/home/nameless/Desktop/RoARM_Jazzy_ws/src/roarm_ws_em0_jazzy/install/roarm_driver/lib/pkgconfig/roarm_driver.pc'
[1.008s] Level 1:colcon.colcon_core.environment:checking '/home/nameless/Desktop/RoARM_Jazzy_ws/src/roarm_ws_em0_jazzy/install/roarm_driver/lib/python3.12/site-packages'
[1.008s] Level 1:colcon.colcon_core.shell:create_environment_hook('roarm_driver', 'pythonpath')
[1.009s] INFO:colcon.colcon_core.shell:Creating environment hook '/home/nameless/Desktop/RoARM_Jazzy_ws/src/roarm_ws_em0_jazzy/install/roarm_driver/share/roarm_driver/hook/pythonpath.ps1'
[1.009s] INFO:colcon.colcon_core.shell:Creating environment descriptor '/home/nameless/Desktop/RoARM_Jazzy_ws/src/roarm_ws_em0_jazzy/install/roarm_driver/share/roarm_driver/hook/pythonpath.dsv'
[1.009s] INFO:colcon.colcon_core.shell:Creating environment hook '/home/nameless/Desktop/RoARM_Jazzy_ws/src/roarm_ws_em0_jazzy/install/roarm_driver/share/roarm_driver/hook/pythonpath.sh'
[1.009s] Level 1:colcon.colcon_core.environment:checking '/home/nameless/Desktop/RoARM_Jazzy_ws/src/roarm_ws_em0_jazzy/install/roarm_driver/bin'
[1.009s] Level 1:colcon.colcon_core.environment:create_environment_scripts_only(roarm_driver)
[1.010s] INFO:colcon.colcon_core.shell:Creating package script '/home/nameless/Desktop/RoARM_Jazzy_ws/src/roarm_ws_em0_jazzy/install/roarm_driver/share/roarm_driver/package.ps1'
[1.010s] INFO:colcon.colcon_core.shell:Creating package descriptor '/home/nameless/Desktop/RoARM_Jazzy_ws/src/roarm_ws_em0_jazzy/install/roarm_driver/share/roarm_driver/package.dsv'
[1.010s] INFO:colcon.colcon_core.shell:Creating package script '/home/nameless/Desktop/RoARM_Jazzy_ws/src/roarm_ws_em0_jazzy/install/roarm_driver/share/roarm_driver/package.sh'
[1.011s] INFO:colcon.colcon_core.shell:Creating package script '/home/nameless/Desktop/RoARM_Jazzy_ws/src/roarm_ws_em0_jazzy/install/roarm_driver/share/roarm_driver/package.bash'
[1.011s] INFO:colcon.colcon_core.shell:Creating package script '/home/nameless/Desktop/RoARM_Jazzy_ws/src/roarm_ws_em0_jazzy/install/roarm_driver/share/roarm_driver/package.zsh'
[1.011s] Level 1:colcon.colcon_core.environment:create_file_with_runtime_dependencies(/home/nameless/Desktop/RoARM_Jazzy_ws/src/roarm_ws_em0_jazzy/install/roarm_driver/share/colcon-core/packages/roarm_driver)
[1.012s] Level 1:colcon.colcon_core.shell:create_environment_hook('launch_api', 'pythonpath_develop')
[1.012s] INFO:colcon.colcon_core.shell:Creating environment hook '/home/nameless/Desktop/RoARM_Jazzy_ws/src/roarm_ws_em0_jazzy/build/launch_api/share/launch_api/hook/pythonpath_develop.ps1'
[1.012s] DEBUG:colcon.colcon_core.event_handler.log_command:Invoked command in '/home/nameless/Desktop/RoARM_Jazzy_ws/src/roarm_ws_em0_jazzy/build/launch_api' returned '0': DEBUGINFOD_URLS=https://debuginfod.ubuntu.com PYTHONPATH=/home/nameless/Desktop/RoARM_Jazzy_ws/src/roarm_ws_em0_jazzy/build/launch_api/prefix_override:/usr/lib/python3/dist-packages/colcon_core/task/python/colcon_distutils_commands:/home/nameless/Desktop/RoARM_Jazzy_ws/src/roarm_ws_em0_jazzy/install/launch_api/lib/python3.12/site-packages:${PYTHONPATH} /usr/bin/python3 -W ignore:setup.py install is deprecated -W ignore:easy_install command is deprecated setup.py develop --editable --build-directory /home/nameless/Desktop/RoARM_Jazzy_ws/src/roarm_ws_em0_jazzy/build/launch_api/build --no-deps symlink_data
[1.013s] INFO:colcon.colcon_core.shell:Creating environment descriptor '/home/nameless/Desktop/RoARM_Jazzy_ws/src/roarm_ws_em0_jazzy/build/launch_api/share/launch_api/hook/pythonpath_develop.dsv'
[1.013s] INFO:colcon.colcon_core.shell:Creating environment hook '/home/nameless/Desktop/RoARM_Jazzy_ws/src/roarm_ws_em0_jazzy/build/launch_api/share/launch_api/hook/pythonpath_develop.sh'
[1.013s] Level 1:colcon.colcon_core.environment:checking '/home/nameless/Desktop/RoARM_Jazzy_ws/src/roarm_ws_em0_jazzy/install/launch_api' for CMake module files
[1.013s] Level 1:colcon.colcon_core.environment:checking '/home/nameless/Desktop/RoARM_Jazzy_ws/src/roarm_ws_em0_jazzy/install/launch_api' for CMake config files
[1.013s] Level 1:colcon.colcon_core.environment:checking '/home/nameless/Desktop/RoARM_Jazzy_ws/src/roarm_ws_em0_jazzy/install/launch_api/lib'
[1.014s] Level 1:colcon.colcon_core.environment:checking '/home/nameless/Desktop/RoARM_Jazzy_ws/src/roarm_ws_em0_jazzy/install/launch_api/bin'
[1.014s] Level 1:colcon.colcon_core.environment:checking '/home/nameless/Desktop/RoARM_Jazzy_ws/src/roarm_ws_em0_jazzy/install/launch_api/lib/pkgconfig/launch_api.pc'
[1.014s] Level 1:colcon.colcon_core.environment:checking '/home/nameless/Desktop/RoARM_Jazzy_ws/src/roarm_ws_em0_jazzy/install/launch_api/lib/python3.12/site-packages'
[1.014s] Level 1:colcon.colcon_core.shell:create_environment_hook('launch_api', 'pythonpath')
[1.014s] INFO:colcon.colcon_core.shell:Creating environment hook '/home/nameless/Desktop/RoARM_Jazzy_ws/src/roarm_ws_em0_jazzy/install/launch_api/share/launch_api/hook/pythonpath.ps1'
[1.014s] INFO:colcon.colcon_core.shell:Creating environment descriptor '/home/nameless/Desktop/RoARM_Jazzy_ws/src/roarm_ws_em0_jazzy/install/launch_api/share/launch_api/hook/pythonpath.dsv'
[1.014s] INFO:colcon.colcon_core.shell:Creating environment hook '/home/nameless/Desktop/RoARM_Jazzy_ws/src/roarm_ws_em0_jazzy/install/launch_api/share/launch_api/hook/pythonpath.sh'
[1.014s] Level 1:colcon.colcon_core.environment:checking '/home/nameless/Desktop/RoARM_Jazzy_ws/src/roarm_ws_em0_jazzy/install/launch_api/bin'
[1.014s] Level 1:colcon.colcon_core.environment:create_environment_scripts_only(launch_api)
[1.015s] INFO:colcon.colcon_core.shell:Creating package script '/home/nameless/Desktop/RoARM_Jazzy_ws/src/roarm_ws_em0_jazzy/install/launch_api/share/launch_api/package.ps1'
[1.015s] INFO:colcon.colcon_core.shell:Creating package descriptor '/home/nameless/Desktop/RoARM_Jazzy_ws/src/roarm_ws_em0_jazzy/install/launch_api/share/launch_api/package.dsv'
[1.015s] INFO:colcon.colcon_core.shell:Creating package script '/home/nameless/Desktop/RoARM_Jazzy_ws/src/roarm_ws_em0_jazzy/install/launch_api/share/launch_api/package.sh'
[1.015s] INFO:colcon.colcon_core.shell:Creating package script '/home/nameless/Desktop/RoARM_Jazzy_ws/src/roarm_ws_em0_jazzy/install/launch_api/share/launch_api/package.bash'
[1.015s] INFO:colcon.colcon_core.shell:Creating package script '/home/nameless/Desktop/RoARM_Jazzy_ws/src/roarm_ws_em0_jazzy/install/launch_api/share/launch_api/package.zsh'
[1.015s] Level 1:colcon.colcon_core.environment:create_file_with_runtime_dependencies(/home/nameless/Desktop/RoARM_Jazzy_ws/src/roarm_ws_em0_jazzy/install/launch_api/share/colcon-core/packages/launch_api)
[1.793s] DEBUG:colcon.colcon_core.event_handler.log_command:Invoked command in '/home/nameless/Desktop/RoARM_Jazzy_ws/src/roarm_ws_em0_jazzy/build/moveit_servo' returned '0': CMAKE_PREFIX_PATH=${CMAKE_PREFIX_PATH}:/opt/ros/jazzy DEBUGINFOD_URLS=https://debuginfod.ubuntu.com /usr/bin/cmake /home/nameless/Desktop/RoARM_Jazzy_ws/src/roarm_ws_em0_jazzy/src/roarm_main/moveit_servo -DAMENT_CMAKE_SYMLINK_INSTALL=1 -DCMAKE_INSTALL_PREFIX=/home/nameless/Desktop/RoARM_Jazzy_ws/src/roarm_ws_em0_jazzy/install/moveit_servo
[1.794s] DEBUG:colcon.colcon_core.event_handler.log_command:Invoking command in '/home/nameless/Desktop/RoARM_Jazzy_ws/src/roarm_ws_em0_jazzy/build/moveit_servo': CMAKE_PREFIX_PATH=${CMAKE_PREFIX_PATH}:/opt/ros/jazzy DEBUGINFOD_URLS=https://debuginfod.ubuntu.com /usr/bin/cmake --build /home/nameless/Desktop/RoARM_Jazzy_ws/src/roarm_ws_em0_jazzy/build/moveit_servo -- -j24 -l24
[1.957s] DEBUG:colcon.colcon_core.event_handler.log_command:Invoked command in '/home/nameless/Desktop/RoARM_Jazzy_ws/src/roarm_ws_em0_jazzy/build/roarm_moveit_ikfast_plugins' returned '0': CMAKE_PREFIX_PATH=${CMAKE_PREFIX_PATH}:/opt/ros/jazzy DEBUGINFOD_URLS=https://debuginfod.ubuntu.com /usr/bin/cmake /home/nameless/Desktop/RoARM_Jazzy_ws/src/roarm_ws_em0_jazzy/src/roarm_main/roarm_moveit_ikfast_plugins -DAMENT_CMAKE_SYMLINK_INSTALL=1 -DCMAKE_INSTALL_PREFIX=/home/nameless/Desktop/RoARM_Jazzy_ws/src/roarm_ws_em0_jazzy/install/roarm_moveit_ikfast_plugins
[1.957s] DEBUG:colcon.colcon_core.event_handler.log_command:Invoking command in '/home/nameless/Desktop/RoARM_Jazzy_ws/src/roarm_ws_em0_jazzy/build/roarm_moveit_ikfast_plugins': CMAKE_PREFIX_PATH=${CMAKE_PREFIX_PATH}:/opt/ros/jazzy DEBUGINFOD_URLS=https://debuginfod.ubuntu.com /usr/bin/cmake --build /home/nameless/Desktop/RoARM_Jazzy_ws/src/roarm_ws_em0_jazzy/build/roarm_moveit_ikfast_plugins -- -j24 -l24
[2.188s] DEBUG:colcon.colcon_core.event_handler.log_command:Invoked command in '/home/nameless/Desktop/RoARM_Jazzy_ws/src/roarm_ws_em0_jazzy/build/ros2web_interfaces' returned '0': CMAKE_PREFIX_PATH=${CMAKE_PREFIX_PATH}:/opt/ros/jazzy DEBUGINFOD_URLS=https://debuginfod.ubuntu.com /usr/bin/cmake /home/nameless/Desktop/RoARM_Jazzy_ws/src/roarm_ws_em0_jazzy/src/roarm_else/ros2web-ros2/ros2web_interfaces -DAMENT_CMAKE_SYMLINK_INSTALL=1 -DCMAKE_INSTALL_PREFIX=/home/nameless/Desktop/RoARM_Jazzy_ws/src/roarm_ws_em0_jazzy/install/ros2web_interfaces
[2.189s] DEBUG:colcon.colcon_core.event_handler.log_command:Invoking command in '/home/nameless/Desktop/RoARM_Jazzy_ws/src/roarm_ws_em0_jazzy/build/ros2web_interfaces': CMAKE_PREFIX_PATH=${CMAKE_PREFIX_PATH}:/opt/ros/jazzy DEBUGINFOD_URLS=https://debuginfod.ubuntu.com /usr/bin/cmake --build /home/nameless/Desktop/RoARM_Jazzy_ws/src/roarm_ws_em0_jazzy/build/ros2web_interfaces -- -j24 -l24
[2.916s] DEBUG:colcon.colcon_core.event_handler.log_command:Invoked command in '/home/nameless/Desktop/RoARM_Jazzy_ws/src/roarm_ws_em0_jazzy/build/roarm_moveit' returned '0': AMENT_PREFIX_PATH=/home/nameless/Desktop/RoARM_Jazzy_ws/src/roarm_ws_em0_jazzy/install/roarm_description:${AMENT_PREFIX_PATH} CMAKE_PREFIX_PATH=/home/nameless/Desktop/RoARM_Jazzy_ws/src/roarm_ws_em0_jazzy/install/roarm_description:/opt/ros/jazzy/opt/gz_sim_vendor:/opt/ros/jazzy/opt/gz_sensors_vendor:/opt/ros/jazzy/opt/gz_physics_vendor:/opt/ros/jazzy/opt/sdformat_vendor:/opt/ros/jazzy/opt/gz_gui_vendor:/opt/ros/jazzy/opt/gz_transport_vendor:/opt/ros/jazzy/opt/gz_rendering_vendor:/opt/ros/jazzy/opt/gz_plugin_vendor:/opt/ros/jazzy/opt/gz_fuel_tools_vendor:/opt/ros/jazzy/opt/gz_msgs_vendor:/opt/ros/jazzy/opt/gz_common_vendor:/opt/ros/jazzy/opt/gz_math_vendor:/opt/ros/jazzy/opt/gz_utils_vendor:/opt/ros/jazzy/opt/gz_tools_vendor:/opt/ros/jazzy/opt/gz_ogre_next_vendor:/opt/ros/jazzy/opt/gz_dartsim_vendor:/opt/ros/jazzy/opt/gz_cmake_vendor:/opt/ros/jazzy DEBUGINFOD_URLS=https://debuginfod.ubuntu.com /usr/bin/cmake /home/nameless/Desktop/RoARM_Jazzy_ws/src/roarm_ws_em0_jazzy/src/roarm_main/roarm_moveit -DAMENT_CMAKE_SYMLINK_INSTALL=1 -DCMAKE_INSTALL_PREFIX=/home/nameless/Desktop/RoARM_Jazzy_ws/src/roarm_ws_em0_jazzy/install/roarm_moveit
[2.917s] DEBUG:colcon.colcon_core.event_handler.log_command:Invoking command in '/home/nameless/Desktop/RoARM_Jazzy_ws/src/roarm_ws_em0_jazzy/build/roarm_moveit': AMENT_PREFIX_PATH=/home/nameless/Desktop/RoARM_Jazzy_ws/src/roarm_ws_em0_jazzy/install/roarm_description:${AMENT_PREFIX_PATH} CMAKE_PREFIX_PATH=/home/nameless/Desktop/RoARM_Jazzy_ws/src/roarm_ws_em0_jazzy/install/roarm_description:/opt/ros/jazzy/opt/gz_sim_vendor:/opt/ros/jazzy/opt/gz_sensors_vendor:/opt/ros/jazzy/opt/gz_physics_vendor:/opt/ros/jazzy/opt/sdformat_vendor:/opt/ros/jazzy/opt/gz_gui_vendor:/opt/ros/jazzy/opt/gz_transport_vendor:/opt/ros/jazzy/opt/gz_rendering_vendor:/opt/ros/jazzy/opt/gz_plugin_vendor:/opt/ros/jazzy/opt/gz_fuel_tools_vendor:/opt/ros/jazzy/opt/gz_msgs_vendor:/opt/ros/jazzy/opt/gz_common_vendor:/opt/ros/jazzy/opt/gz_math_vendor:/opt/ros/jazzy/opt/gz_utils_vendor:/opt/ros/jazzy/opt/gz_tools_vendor:/opt/ros/jazzy/opt/gz_ogre_next_vendor:/opt/ros/jazzy/opt/gz_dartsim_vendor:/opt/ros/jazzy/opt/gz_cmake_vendor:/opt/ros/jazzy DEBUGINFOD_URLS=https://debuginfod.ubuntu.com /usr/bin/cmake --build /home/nameless/Desktop/RoARM_Jazzy_ws/src/roarm_ws_em0_jazzy/build/roarm_moveit -- -j24 -l24
[5.228s] DEBUG:colcon.colcon_core.event_handler.log_command:Invoked command in '/home/nameless/Desktop/RoARM_Jazzy_ws/src/roarm_ws_em0_jazzy/build/roarm_moveit' returned '0': AMENT_PREFIX_PATH=/home/nameless/Desktop/RoARM_Jazzy_ws/src/roarm_ws_em0_jazzy/install/roarm_description:${AMENT_PREFIX_PATH} CMAKE_PREFIX_PATH=/home/nameless/Desktop/RoARM_Jazzy_ws/src/roarm_ws_em0_jazzy/install/roarm_description:/opt/ros/jazzy/opt/gz_sim_vendor:/opt/ros/jazzy/opt/gz_sensors_vendor:/opt/ros/jazzy/opt/gz_physics_vendor:/opt/ros/jazzy/opt/sdformat_vendor:/opt/ros/jazzy/opt/gz_gui_vendor:/opt/ros/jazzy/opt/gz_transport_vendor:/opt/ros/jazzy/opt/gz_rendering_vendor:/opt/ros/jazzy/opt/gz_plugin_vendor:/opt/ros/jazzy/opt/gz_fuel_tools_vendor:/opt/ros/jazzy/opt/gz_msgs_vendor:/opt/ros/jazzy/opt/gz_common_vendor:/opt/ros/jazzy/opt/gz_math_vendor:/opt/ros/jazzy/opt/gz_utils_vendor:/opt/ros/jazzy/opt/gz_tools_vendor:/opt/ros/jazzy/opt/gz_ogre_next_vendor:/opt/ros/jazzy/opt/gz_dartsim_vendor:/opt/ros/jazzy/opt/gz_cmake_vendor:/opt/ros/jazzy DEBUGINFOD_URLS=https://debuginfod.ubuntu.com /usr/bin/cmake --build /home/nameless/Desktop/RoARM_Jazzy_ws/src/roarm_ws_em0_jazzy/build/roarm_moveit -- -j24 -l24
[5.229s] DEBUG:colcon.colcon_core.event_handler.log_command:Invoking command in '/home/nameless/Desktop/RoARM_Jazzy_ws/src/roarm_ws_em0_jazzy/build/roarm_moveit': AMENT_PREFIX_PATH=/home/nameless/Desktop/RoARM_Jazzy_ws/src/roarm_ws_em0_jazzy/install/roarm_description:${AMENT_PREFIX_PATH} CMAKE_PREFIX_PATH=/home/nameless/Desktop/RoARM_Jazzy_ws/src/roarm_ws_em0_jazzy/install/roarm_description:/opt/ros/jazzy/opt/gz_sim_vendor:/opt/ros/jazzy/opt/gz_sensors_vendor:/opt/ros/jazzy/opt/gz_physics_vendor:/opt/ros/jazzy/opt/sdformat_vendor:/opt/ros/jazzy/opt/gz_gui_vendor:/opt/ros/jazzy/opt/gz_transport_vendor:/opt/ros/jazzy/opt/gz_rendering_vendor:/opt/ros/jazzy/opt/gz_plugin_vendor:/opt/ros/jazzy/opt/gz_fuel_tools_vendor:/opt/ros/jazzy/opt/gz_msgs_vendor:/opt/ros/jazzy/opt/gz_common_vendor:/opt/ros/jazzy/opt/gz_math_vendor:/opt/ros/jazzy/opt/gz_utils_vendor:/opt/ros/jazzy/opt/gz_tools_vendor:/opt/ros/jazzy/opt/gz_ogre_next_vendor:/opt/ros/jazzy/opt/gz_dartsim_vendor:/opt/ros/jazzy/opt/gz_cmake_vendor:/opt/ros/jazzy DEBUGINFOD_URLS=https://debuginfod.ubuntu.com /usr/bin/cmake --install /home/nameless/Desktop/RoARM_Jazzy_ws/src/roarm_ws_em0_jazzy/build/roarm_moveit
[5.633s] DEBUG:colcon.colcon_core.event_handler.log_command:Invoked command in '/home/nameless/Desktop/RoARM_Jazzy_ws/src/roarm_ws_em0_jazzy/build/roarm_moveit_ikfast_plugins' returned '2': CMAKE_PREFIX_PATH=${CMAKE_PREFIX_PATH}:/opt/ros/jazzy DEBUGINFOD_URLS=https://debuginfod.ubuntu.com /usr/bin/cmake --build /home/nameless/Desktop/RoARM_Jazzy_ws/src/roarm_ws_em0_jazzy/build/roarm_moveit_ikfast_plugins -- -j24 -l24
[5.633s] Level 1:colcon.colcon_core.environment:create_environment_scripts_only(roarm_moveit_ikfast_plugins)
[5.633s] Level 1:colcon.colcon_core.environment:checking '/home/nameless/Desktop/RoARM_Jazzy_ws/src/roarm_ws_em0_jazzy/install/roarm_moveit_ikfast_plugins' for CMake module files
[5.634s] Level 1:colcon.colcon_core.environment:checking '/home/nameless/Desktop/RoARM_Jazzy_ws/src/roarm_ws_em0_jazzy/install/roarm_moveit_ikfast_plugins' for CMake config files
[5.634s] Level 1:colcon.colcon_core.environment:checking '/home/nameless/Desktop/RoARM_Jazzy_ws/src/roarm_ws_em0_jazzy/install/roarm_moveit_ikfast_plugins/bin'
[5.634s] Level 1:colcon.colcon_core.environment:checking '/home/nameless/Desktop/RoARM_Jazzy_ws/src/roarm_ws_em0_jazzy/install/roarm_moveit_ikfast_plugins/lib/pkgconfig/roarm_moveit_ikfast_plugins.pc'
[5.634s] Level 1:colcon.colcon_core.environment:checking '/home/nameless/Desktop/RoARM_Jazzy_ws/src/roarm_ws_em0_jazzy/install/roarm_moveit_ikfast_plugins/lib/python3.12/site-packages'
[5.634s] Level 1:colcon.colcon_core.environment:checking '/home/nameless/Desktop/RoARM_Jazzy_ws/src/roarm_ws_em0_jazzy/install/roarm_moveit_ikfast_plugins/bin'
[5.634s] INFO:colcon.colcon_core.shell:Creating package script '/home/nameless/Desktop/RoARM_Jazzy_ws/src/roarm_ws_em0_jazzy/install/roarm_moveit_ikfast_plugins/share/roarm_moveit_ikfast_plugins/package.ps1'
[5.635s] INFO:colcon.colcon_core.shell:Creating package descriptor '/home/nameless/Desktop/RoARM_Jazzy_ws/src/roarm_ws_em0_jazzy/install/roarm_moveit_ikfast_plugins/share/roarm_moveit_ikfast_plugins/package.dsv'
[5.636s] INFO:colcon.colcon_core.shell:Creating package script '/home/nameless/Desktop/RoARM_Jazzy_ws/src/roarm_ws_em0_jazzy/install/roarm_moveit_ikfast_plugins/share/roarm_moveit_ikfast_plugins/package.sh'
[5.636s] INFO:colcon.colcon_core.shell:Creating package script '/home/nameless/Desktop/RoARM_Jazzy_ws/src/roarm_ws_em0_jazzy/install/roarm_moveit_ikfast_plugins/share/roarm_moveit_ikfast_plugins/package.bash'
[5.636s] INFO:colcon.colcon_core.shell:Creating package script '/home/nameless/Desktop/RoARM_Jazzy_ws/src/roarm_ws_em0_jazzy/install/roarm_moveit_ikfast_plugins/share/roarm_moveit_ikfast_plugins/package.zsh'
[5.637s] Level 1:colcon.colcon_core.environment:create_file_with_runtime_dependencies(/home/nameless/Desktop/RoARM_Jazzy_ws/src/roarm_ws_em0_jazzy/install/roarm_moveit_ikfast_plugins/share/colcon-core/packages/roarm_moveit_ikfast_plugins)
[7.429s] DEBUG:colcon.colcon_parallel_executor.executor.parallel:closing loop
[7.429s] DEBUG:colcon.colcon_parallel_executor.executor.parallel:loop closed
[7.429s] DEBUG:colcon.colcon_parallel_executor.executor.parallel:run_until_complete finished with '2'
[7.429s] DEBUG:colcon.colcon_core.event_reactor:joining thread
[7.436s] INFO:colcon.colcon_core.plugin_system:Skipping extension 'colcon_notification.desktop_notification.terminal_notifier': Not used on non-Darwin systems
[7.436s] INFO:colcon.colcon_core.plugin_system:Skipping extension 'colcon_notification.desktop_notification.win32': Not used on non-Windows systems
[7.436s] INFO:colcon.colcon_notification.desktop_notification:Sending desktop notification using 'notify2'
[7.450s] DEBUG:colcon.colcon_core.event_reactor:joined thread
[7.450s] INFO:colcon.colcon_core.shell:Creating prefix script '/home/nameless/Desktop/RoARM_Jazzy_ws/src/roarm_ws_em0_jazzy/install/local_setup.ps1'
[7.451s] INFO:colcon.colcon_core.shell:Creating prefix util module '/home/nameless/Desktop/RoARM_Jazzy_ws/src/roarm_ws_em0_jazzy/install/_local_setup_util_ps1.py'
[7.451s] INFO:colcon.colcon_core.shell:Creating prefix chain script '/home/nameless/Desktop/RoARM_Jazzy_ws/src/roarm_ws_em0_jazzy/install/setup.ps1'
[7.452s] INFO:colcon.colcon_core.shell:Creating prefix script '/home/nameless/Desktop/RoARM_Jazzy_ws/src/roarm_ws_em0_jazzy/install/local_setup.sh'
[7.452s] INFO:colcon.colcon_core.shell:Creating prefix util module '/home/nameless/Desktop/RoARM_Jazzy_ws/src/roarm_ws_em0_jazzy/install/_local_setup_util_sh.py'
[7.452s] INFO:colcon.colcon_core.shell:Creating prefix chain script '/home/nameless/Desktop/RoARM_Jazzy_ws/src/roarm_ws_em0_jazzy/install/setup.sh'
[7.453s] INFO:colcon.colcon_core.shell:Creating prefix script '/home/nameless/Desktop/RoARM_Jazzy_ws/src/roarm_ws_em0_jazzy/install/local_setup.bash'
[7.453s] INFO:colcon.colcon_core.shell:Creating prefix chain script '/home/nameless/Desktop/RoARM_Jazzy_ws/src/roarm_ws_em0_jazzy/install/setup.bash'
[7.453s] INFO:colcon.colcon_core.shell:Creating prefix script '/home/nameless/Desktop/RoARM_Jazzy_ws/src/roarm_ws_em0_jazzy/install/local_setup.zsh'
[7.454s] INFO:colcon.colcon_core.shell:Creating prefix chain script '/home/nameless/Desktop/RoARM_Jazzy_ws/src/roarm_ws_em0_jazzy/install/setup.zsh'
